0 verbose cli /opt/homebrew/Cellar/node@22/22.17.1/bin/node /opt/homebrew/bin/npm
1 info using npm@11.4.2
2 info using node@v22.17.1
3 silly config load:file:/opt/homebrew/lib/node_modules/npm/npmrc
4 silly config load:file:/Volumes/samsd/workspace_v2/coding_training-main/.npmrc
5 silly config load:file:/Users/isangjae/.npmrc
6 silly config load:file:/Users/isangjae/.npm-global/etc/npmrc
7 verbose title npm install
8 verbose argv "install" "--cache" ".npm-cache"
9 verbose logfile logs-max:10 dir:/Volumes/samsd/workspace_v2/coding_training-main/.npm-cache/_logs/2026-04-28T05_00_53_168Z-
10 verbose logfile /Volumes/samsd/workspace_v2/coding_training-main/.npm-cache/_logs/2026-04-28T05_00_53_168Z-debug-0.log
11 silly logfile done cleaning log files
12 silly packumentCache heap:4345298944 maxSize:1086324736 maxEntrySize:543162368
13 silly idealTree buildDeps
14 silly fetch manifest @clack/prompts@^0.11.0
15 silly packumentCache full:https://registry.npmjs.org/@clack%2fprompts cache-miss
16 http fetch GET 200 https://registry.npmjs.org/@clack%2fprompts 267ms (cache miss)
17 silly packumentCache full:https://registry.npmjs.org/@clack%2fprompts set size:undefined disposed:false
18 silly fetch manifest @floating-ui/dom@^1.7.4
19 silly packumentCache full:https://registry.npmjs.org/@floating-ui%2fdom cache-miss
20 http fetch GET 200 https://registry.npmjs.org/@floating-ui%2fdom 125ms (cache miss)
21 silly packumentCache full:https://registry.npmjs.org/@floating-ui%2fdom set size:undefined disposed:false
22 silly fetch manifest @myriaddreamin/rehype-typst@^0.6.0
23 silly packumentCache full:https://registry.npmjs.org/@myriaddreamin%2frehype-typst cache-miss
24 http fetch GET 200 https://registry.npmjs.org/npm 450ms
25 http fetch GET 200 https://registry.npmjs.org/@myriaddreamin%2frehype-typst 713ms (cache miss)
26 silly packumentCache full:https://registry.npmjs.org/@myriaddreamin%2frehype-typst set size:undefined disposed:false
27 silly fetch manifest @napi-rs/simple-git@0.1.22
28 silly packumentCache full:https://registry.npmjs.org/@napi-rs%2fsimple-git cache-miss
29 http fetch GET 200 https://registry.npmjs.org/@napi-rs%2fsimple-git 720ms (cache miss)
30 silly packumentCache full:https://registry.npmjs.org/@napi-rs%2fsimple-git set size:undefined disposed:false
31 silly fetch manifest @tweenjs/tween.js@^25.0.0
32 silly packumentCache full:https://registry.npmjs.org/@tweenjs%2ftween.js cache-miss
33 http fetch GET 200 https://registry.npmjs.org/@tweenjs%2ftween.js 70ms (cache miss)
34 silly packumentCache full:https://registry.npmjs.org/@tweenjs%2ftween.js set size:undefined disposed:false
35 silly fetch manifest ansi-truncate@^1.4.0
36 silly packumentCache full:https://registry.npmjs.org/ansi-truncate cache-miss
37 http fetch GET 200 https://registry.npmjs.org/ansi-truncate 263ms (cache miss)
38 silly packumentCache full:https://registry.npmjs.org/ansi-truncate set size:undefined disposed:false
39 silly fetch manifest async-mutex@^0.5.0
40 silly packumentCache full:https://registry.npmjs.org/async-mutex cache-miss
41 http fetch GET 200 https://registry.npmjs.org/async-mutex 47ms (cache miss)
42 silly packumentCache full:https://registry.npmjs.org/async-mutex set size:undefined disposed:false
43 silly fetch manifest chokidar@^5.0.0
44 silly packumentCache full:https://registry.npmjs.org/chokidar cache-miss
45 http fetch GET 200 https://registry.npmjs.org/chokidar 125ms (cache miss)
46 silly packumentCache full:https://registry.npmjs.org/chokidar set size:undefined disposed:false
47 silly fetch manifest cli-spinner@^0.2.10
48 silly packumentCache full:https://registry.npmjs.org/cli-spinner cache-miss
49 http fetch GET 200 https://registry.npmjs.org/cli-spinner 34ms (cache miss)
50 silly packumentCache full:https://registry.npmjs.org/cli-spinner set size:undefined disposed:false
51 silly fetch manifest d3@^7.9.0
52 silly packumentCache full:https://registry.npmjs.org/d3 cache-miss
53 http fetch GET 200 https://registry.npmjs.org/d3 89ms (cache miss)
54 silly packumentCache full:https://registry.npmjs.org/d3 set size:undefined disposed:false
55 silly fetch manifest esbuild-sass-plugin@^3.6.0
56 silly packumentCache full:https://registry.npmjs.org/esbuild-sass-plugin cache-miss
57 http fetch GET 200 https://registry.npmjs.org/esbuild-sass-plugin 580ms (cache miss)
58 silly packumentCache full:https://registry.npmjs.org/esbuild-sass-plugin set size:undefined disposed:false
59 silly fetch manifest esbuild@^0.27.2
60 silly packumentCache full:https://registry.npmjs.org/esbuild cache-miss
61 http fetch GET 200 https://registry.npmjs.org/esbuild 215ms (cache miss)
62 silly packumentCache full:https://registry.npmjs.org/esbuild set size:undefined disposed:false
63 silly fetch manifest sass-embedded@^1.97.3
64 silly packumentCache full:https://registry.npmjs.org/sass-embedded cache-miss
65 http fetch GET 200 https://registry.npmjs.org/sass-embedded 119ms (cache miss)
66 silly packumentCache full:https://registry.npmjs.org/sass-embedded set size:undefined disposed:false
67 silly fetch manifest flexsearch@^0.8.205
68 silly packumentCache full:https://registry.npmjs.org/flexsearch cache-miss
69 http fetch GET 200 https://registry.npmjs.org/flexsearch 330ms (cache miss)
70 silly packumentCache full:https://registry.npmjs.org/flexsearch set size:undefined disposed:false
71 silly fetch manifest github-slugger@^2.0.0
72 silly packumentCache full:https://registry.npmjs.org/github-slugger cache-miss
73 http fetch GET 200 https://registry.npmjs.org/github-slugger 538ms (cache miss)
74 silly packumentCache full:https://registry.npmjs.org/github-slugger set size:undefined disposed:false
75 silly fetch manifest globby@^16.1.0
76 silly packumentCache full:https://registry.npmjs.org/globby cache-miss
77 http fetch GET 200 https://registry.npmjs.org/globby 205ms (cache miss)
78 silly packumentCache full:https://registry.npmjs.org/globby set size:undefined disposed:false
79 silly fetch manifest gray-matter@^4.0.3
80 silly packumentCache full:https://registry.npmjs.org/gray-matter cache-miss
81 http fetch GET 200 https://registry.npmjs.org/gray-matter 37ms (cache miss)
82 silly packumentCache full:https://registry.npmjs.org/gray-matter set size:undefined disposed:false
83 silly fetch manifest hast-util-to-html@^9.0.5
84 silly packumentCache full:https://registry.npmjs.org/hast-util-to-html cache-miss
85 http fetch GET 200 https://registry.npmjs.org/hast-util-to-html 35ms (cache miss)
86 silly packumentCache full:https://registry.npmjs.org/hast-util-to-html set size:undefined disposed:false
87 silly fetch manifest hast-util-to-jsx-runtime@^2.3.6
88 silly packumentCache full:https://registry.npmjs.org/hast-util-to-jsx-runtime cache-miss
89 http fetch GET 200 https://registry.npmjs.org/hast-util-to-jsx-runtime 35ms (cache miss)
90 silly packumentCache full:https://registry.npmjs.org/hast-util-to-jsx-runtime set size:undefined disposed:false
91 silly fetch manifest hast-util-to-string@^3.0.1
92 silly packumentCache full:https://registry.npmjs.org/hast-util-to-string cache-miss
93 http fetch GET 200 https://registry.npmjs.org/hast-util-to-string 261ms (cache miss)
94 silly packumentCache full:https://registry.npmjs.org/hast-util-to-string set size:undefined disposed:false
95 silly fetch manifest is-absolute-url@^5.0.0
96 silly packumentCache full:https://registry.npmjs.org/is-absolute-url cache-miss
97 http fetch GET 200 https://registry.npmjs.org/is-absolute-url 116ms (cache miss)
98 silly packumentCache full:https://registry.npmjs.org/is-absolute-url set size:undefined disposed:false
99 silly fetch manifest js-yaml@^4.1.1
100 silly packumentCache full:https://registry.npmjs.org/js-yaml cache-miss
101 http fetch GET 200 https://registry.npmjs.org/js-yaml 78ms (cache miss)
102 silly packumentCache full:https://registry.npmjs.org/js-yaml set size:undefined disposed:false
103 silly fetch manifest lightningcss@^1.31.1
104 silly packumentCache full:https://registry.npmjs.org/lightningcss cache-miss
105 http fetch GET 200 https://registry.npmjs.org/lightningcss 51ms (cache miss)
106 silly packumentCache full:https://registry.npmjs.org/lightningcss set size:undefined disposed:false
107 silly fetch manifest mdast-util-find-and-replace@^3.0.2
108 silly packumentCache full:https://registry.npmjs.org/mdast-util-find-and-replace cache-miss
109 http fetch GET 200 https://registry.npmjs.org/mdast-util-find-and-replace 30ms (cache miss)
110 silly packumentCache full:https://registry.npmjs.org/mdast-util-find-and-replace set size:undefined disposed:false
111 silly fetch manifest mdast-util-to-hast@^13.2.1
112 silly packumentCache full:https://registry.npmjs.org/mdast-util-to-hast cache-miss
113 http fetch GET 200 https://registry.npmjs.org/mdast-util-to-hast 47ms (cache miss)
114 silly packumentCache full:https://registry.npmjs.org/mdast-util-to-hast set size:undefined disposed:false
115 silly fetch manifest mdast-util-to-string@^4.0.0
116 silly packumentCache full:https://registry.npmjs.org/mdast-util-to-string cache-miss
117 http fetch GET 200 https://registry.npmjs.org/mdast-util-to-string 126ms (cache miss)
118 silly packumentCache full:https://registry.npmjs.org/mdast-util-to-string set size:undefined disposed:false
119 silly fetch manifest micromorph@^0.4.5
120 silly packumentCache full:https://registry.npmjs.org/micromorph cache-miss
121 http fetch GET 200 https://registry.npmjs.org/micromorph 285ms (cache miss)
122 silly packumentCache full:https://registry.npmjs.org/micromorph set size:undefined disposed:false
123 silly fetch manifest minimatch@^10.1.1
124 silly packumentCache full:https://registry.npmjs.org/minimatch cache-miss
125 http fetch GET 200 https://registry.npmjs.org/minimatch 56ms (cache miss)
126 silly packumentCache full:https://registry.npmjs.org/minimatch set size:undefined disposed:false
127 silly fetch manifest pixi.js@^8.15.0
128 silly packumentCache full:https://registry.npmjs.org/pixi.js cache-miss
129 http fetch GET 200 https://registry.npmjs.org/pixi.js 605ms (cache miss)
130 silly packumentCache full:https://registry.npmjs.org/pixi.js set size:undefined disposed:false
131 silly fetch manifest preact@^10.28.2
132 silly packumentCache full:https://registry.npmjs.org/preact cache-miss
133 http fetch GET 200 https://registry.npmjs.org/preact 124ms (cache miss)
134 silly packumentCache full:https://registry.npmjs.org/preact set size:undefined disposed:false
135 silly fetch manifest preact-render-to-string@^6.6.5
136 silly packumentCache full:https://registry.npmjs.org/preact-render-to-string cache-miss
137 http fetch GET 200 https://registry.npmjs.org/preact-render-to-string 140ms (cache miss)
138 silly packumentCache full:https://registry.npmjs.org/preact-render-to-string set size:undefined disposed:false
139 silly fetch manifest pretty-bytes@^7.1.0
140 silly packumentCache full:https://registry.npmjs.org/pretty-bytes cache-miss
141 http fetch GET 200 https://registry.npmjs.org/pretty-bytes 29ms (cache miss)
142 silly packumentCache full:https://registry.npmjs.org/pretty-bytes set size:undefined disposed:false
143 silly fetch manifest pretty-time@^1.1.0
144 silly packumentCache full:https://registry.npmjs.org/pretty-time cache-miss
145 http fetch GET 200 https://registry.npmjs.org/pretty-time 87ms (cache miss)
146 silly packumentCache full:https://registry.npmjs.org/pretty-time set size:undefined disposed:false
147 silly fetch manifest reading-time@^1.5.0
148 silly packumentCache full:https://registry.npmjs.org/reading-time cache-miss
149 http fetch GET 200 https://registry.npmjs.org/reading-time 204ms (cache miss)
150 silly packumentCache full:https://registry.npmjs.org/reading-time set size:undefined disposed:false
151 silly fetch manifest rehype-autolink-headings@^7.1.0
152 silly packumentCache full:https://registry.npmjs.org/rehype-autolink-headings cache-miss
153 http fetch GET 200 https://registry.npmjs.org/rehype-autolink-headings 205ms (cache miss)
154 silly packumentCache full:https://registry.npmjs.org/rehype-autolink-headings set size:undefined disposed:false
155 silly fetch manifest rehype-citation@^2.3.1
156 silly packumentCache full:https://registry.npmjs.org/rehype-citation cache-miss
157 http fetch GET 200 https://registry.npmjs.org/rehype-citation 205ms (cache miss)
158 silly packumentCache full:https://registry.npmjs.org/rehype-citation set size:undefined disposed:false
159 silly fetch manifest rehype-katex@^7.0.1
160 silly packumentCache full:https://registry.npmjs.org/rehype-katex cache-miss
161 http fetch GET 200 https://registry.npmjs.org/rehype-katex 207ms (cache miss)
162 silly packumentCache full:https://registry.npmjs.org/rehype-katex set size:undefined disposed:false
163 silly fetch manifest rehype-mathjax@^7.1.0
164 silly packumentCache full:https://registry.npmjs.org/rehype-mathjax cache-miss
165 http fetch GET 200 https://registry.npmjs.org/rehype-mathjax 281ms (cache miss)
166 silly packumentCache full:https://registry.npmjs.org/rehype-mathjax set size:undefined disposed:false
167 silly fetch manifest rehype-pretty-code@^0.14.1
168 silly packumentCache full:https://registry.npmjs.org/rehype-pretty-code cache-miss
169 http fetch GET 200 https://registry.npmjs.org/rehype-pretty-code 230ms (cache miss)
170 silly packumentCache full:https://registry.npmjs.org/rehype-pretty-code set size:undefined disposed:false
171 silly fetch manifest shiki@^1.26.2
172 silly packumentCache full:https://registry.npmjs.org/shiki cache-miss
173 http fetch GET 200 https://registry.npmjs.org/shiki 164ms (cache miss)
174 silly packumentCache full:https://registry.npmjs.org/shiki set size:undefined disposed:false
175 silly fetch manifest rehype-raw@^7.0.0
176 silly packumentCache full:https://registry.npmjs.org/rehype-raw cache-miss
177 http fetch GET 200 https://registry.npmjs.org/rehype-raw 93ms (cache miss)
178 silly packumentCache full:https://registry.npmjs.org/rehype-raw set size:undefined disposed:false
179 silly fetch manifest rehype-slug@^6.0.0
180 silly packumentCache full:https://registry.npmjs.org/rehype-slug cache-miss
181 http fetch GET 200 https://registry.npmjs.org/rehype-slug 204ms (cache miss)
182 silly packumentCache full:https://registry.npmjs.org/rehype-slug set size:undefined disposed:false
183 silly fetch manifest remark@^15.0.1
184 silly packumentCache full:https://registry.npmjs.org/remark cache-miss
185 http fetch GET 200 https://registry.npmjs.org/remark 48ms (cache miss)
186 silly packumentCache full:https://registry.npmjs.org/remark set size:undefined disposed:false
187 silly fetch manifest remark-breaks@^4.0.0
188 silly packumentCache full:https://registry.npmjs.org/remark-breaks cache-miss
189 http fetch GET 200 https://registry.npmjs.org/remark-breaks 274ms (cache miss)
190 silly packumentCache full:https://registry.npmjs.org/remark-breaks set size:undefined disposed:false
191 silly fetch manifest remark-frontmatter@^5.0.0
192 silly packumentCache full:https://registry.npmjs.org/remark-frontmatter cache-miss
193 http fetch GET 200 https://registry.npmjs.org/remark-frontmatter 47ms (cache miss)
194 silly packumentCache full:https://registry.npmjs.org/remark-frontmatter set size:undefined disposed:false
195 silly fetch manifest remark-gfm@^4.0.1
196 silly packumentCache full:https://registry.npmjs.org/remark-gfm cache-miss
197 http fetch GET 200 https://registry.npmjs.org/remark-gfm 111ms (cache miss)
198 silly packumentCache full:https://registry.npmjs.org/remark-gfm set size:undefined disposed:false
199 silly fetch manifest remark-math@^6.0.0
200 silly packumentCache full:https://registry.npmjs.org/remark-math cache-miss
201 http fetch GET 200 https://registry.npmjs.org/remark-math 103ms (cache miss)
202 silly packumentCache full:https://registry.npmjs.org/remark-math set size:undefined disposed:false
203 silly fetch manifest remark-parse@^11.0.0
204 silly packumentCache full:https://registry.npmjs.org/remark-parse cache-miss
205 http fetch GET 200 https://registry.npmjs.org/remark-parse 169ms (cache miss)
206 silly packumentCache full:https://registry.npmjs.org/remark-parse set size:undefined disposed:false
207 silly fetch manifest remark-rehype@^11.1.2
208 silly packumentCache full:https://registry.npmjs.org/remark-rehype cache-miss
209 http fetch GET 200 https://registry.npmjs.org/remark-rehype 35ms (cache miss)
210 silly packumentCache full:https://registry.npmjs.org/remark-rehype set size:undefined disposed:false
211 silly fetch manifest remark-smartypants@^3.0.2
212 silly packumentCache full:https://registry.npmjs.org/remark-smartypants cache-miss
213 http fetch GET 200 https://registry.npmjs.org/remark-smartypants 210ms (cache miss)
214 silly packumentCache full:https://registry.npmjs.org/remark-smartypants set size:undefined disposed:false
215 silly fetch manifest rfdc@^1.4.1
216 silly packumentCache full:https://registry.npmjs.org/rfdc cache-miss
217 http fetch GET 200 https://registry.npmjs.org/rfdc 42ms (cache miss)
218 silly packumentCache full:https://registry.npmjs.org/rfdc set size:undefined disposed:false
219 silly fetch manifest satori@^0.19.1
220 silly packumentCache full:https://registry.npmjs.org/satori cache-miss
221 http fetch GET 200 https://registry.npmjs.org/satori 237ms (cache miss)
222 silly packumentCache full:https://registry.npmjs.org/satori set size:undefined disposed:false
223 silly fetch manifest serve-handler@^6.1.6
224 silly packumentCache full:https://registry.npmjs.org/serve-handler cache-miss
225 http fetch GET 200 https://registry.npmjs.org/serve-handler 38ms (cache miss)
226 silly packumentCache full:https://registry.npmjs.org/serve-handler set size:undefined disposed:false
227 silly fetch manifest sharp@^0.34.5
228 silly packumentCache full:https://registry.npmjs.org/sharp cache-miss
229 http fetch GET 200 https://registry.npmjs.org/sharp 49ms (cache miss)
230 silly packumentCache full:https://registry.npmjs.org/sharp set size:undefined disposed:false
231 silly fetch manifest source-map-support@^0.5.21
232 silly packumentCache full:https://registry.npmjs.org/source-map-support cache-miss
233 http fetch GET 200 https://registry.npmjs.org/source-map-support 204ms (cache miss)
234 silly packumentCache full:https://registry.npmjs.org/source-map-support set size:undefined disposed:false
235 silly fetch manifest to-vfile@^8.0.0
236 silly packumentCache full:https://registry.npmjs.org/to-vfile cache-miss
237 http fetch GET 200 https://registry.npmjs.org/to-vfile 208ms (cache miss)
238 silly packumentCache full:https://registry.npmjs.org/to-vfile set size:undefined disposed:false
239 silly fetch manifest toml@^3.0.0
240 silly packumentCache full:https://registry.npmjs.org/toml cache-miss
241 http fetch GET 200 https://registry.npmjs.org/toml 92ms (cache miss)
242 silly packumentCache full:https://registry.npmjs.org/toml set size:undefined disposed:false
243 silly fetch manifest unified@^11.0.5
244 silly packumentCache full:https://registry.npmjs.org/unified cache-miss
245 http fetch GET 200 https://registry.npmjs.org/unified 45ms (cache miss)
246 silly packumentCache full:https://registry.npmjs.org/unified set size:undefined disposed:false
247 silly fetch manifest unist-util-visit@^5.1.0
248 silly packumentCache full:https://registry.npmjs.org/unist-util-visit cache-miss
249 http fetch GET 200 https://registry.npmjs.org/unist-util-visit 147ms (cache miss)
250 silly packumentCache full:https://registry.npmjs.org/unist-util-visit set size:undefined disposed:false
251 silly fetch manifest vfile@^6.0.3
252 silly packumentCache full:https://registry.npmjs.org/vfile cache-miss
253 http fetch GET 200 https://registry.npmjs.org/vfile 53ms (cache miss)
254 silly packumentCache full:https://registry.npmjs.org/vfile set size:undefined disposed:false
255 silly fetch manifest workerpool@^10.0.1
256 silly packumentCache full:https://registry.npmjs.org/workerpool cache-miss
257 http fetch GET 200 https://registry.npmjs.org/workerpool 167ms (cache miss)
258 silly packumentCache full:https://registry.npmjs.org/workerpool set size:undefined disposed:false
259 silly fetch manifest ws@^8.19.0
260 silly packumentCache full:https://registry.npmjs.org/ws cache-miss
261 http fetch GET 200 https://registry.npmjs.org/ws 53ms (cache miss)
262 silly packumentCache full:https://registry.npmjs.org/ws set size:undefined disposed:false
263 silly fetch manifest bufferutil@^4.0.1
264 silly packumentCache full:https://registry.npmjs.org/bufferutil cache-miss
265 http fetch GET 200 https://registry.npmjs.org/bufferutil 36ms (cache miss)
266 silly packumentCache full:https://registry.npmjs.org/bufferutil set size:undefined disposed:false
267 silly fetch manifest utf-8-validate@>=5.0.2
268 silly packumentCache full:https://registry.npmjs.org/utf-8-validate cache-miss
269 http fetch GET 200 https://registry.npmjs.org/utf-8-validate 86ms (cache miss)
270 silly packumentCache full:https://registry.npmjs.org/utf-8-validate set size:undefined disposed:false
271 silly fetch manifest yargs@^18.0.0
272 silly packumentCache full:https://registry.npmjs.org/yargs cache-miss
273 http fetch GET 200 https://registry.npmjs.org/yargs 105ms (cache miss)
274 silly packumentCache full:https://registry.npmjs.org/yargs set size:undefined disposed:false
275 silly fetch manifest @types/d3@^7.4.3
276 silly packumentCache full:https://registry.npmjs.org/@types%2fd3 cache-miss
277 http fetch GET 200 https://registry.npmjs.org/@types%2fd3 125ms (cache miss)
278 silly packumentCache full:https://registry.npmjs.org/@types%2fd3 set size:undefined disposed:false
279 silly fetch manifest @types/hast@^3.0.4
280 silly packumentCache full:https://registry.npmjs.org/@types%2fhast cache-miss
281 http fetch GET 200 https://registry.npmjs.org/@types%2fhast 48ms (cache miss)
282 silly packumentCache full:https://registry.npmjs.org/@types%2fhast set size:undefined disposed:false
283 silly fetch manifest @types/js-yaml@^4.0.9
284 silly packumentCache full:https://registry.npmjs.org/@types%2fjs-yaml cache-miss
285 http fetch GET 200 https://registry.npmjs.org/@types%2fjs-yaml 1116ms (cache miss)
286 silly packumentCache full:https://registry.npmjs.org/@types%2fjs-yaml set size:undefined disposed:false
287 silly fetch manifest @types/node@^25.0.10
288 silly packumentCache full:https://registry.npmjs.org/@types%2fnode cache-miss
289 http fetch GET 200 https://registry.npmjs.org/@types%2fnode 859ms (cache miss)
290 silly packumentCache full:https://registry.npmjs.org/@types%2fnode set size:undefined disposed:false
291 silly fetch manifest @types/pretty-time@^1.1.5
292 silly packumentCache full:https://registry.npmjs.org/@types%2fpretty-time cache-miss
293 http fetch GET 200 https://registry.npmjs.org/@types%2fpretty-time 488ms (cache miss)
294 silly packumentCache full:https://registry.npmjs.org/@types%2fpretty-time set size:undefined disposed:false
295 silly fetch manifest @types/source-map-support@^0.5.10
296 silly packumentCache full:https://registry.npmjs.org/@types%2fsource-map-support cache-miss
297 http fetch GET 200 https://registry.npmjs.org/@types%2fsource-map-support 507ms (cache miss)
298 silly packumentCache full:https://registry.npmjs.org/@types%2fsource-map-support set size:undefined disposed:false
299 silly fetch manifest @types/ws@^8.18.1
300 silly packumentCache full:https://registry.npmjs.org/@types%2fws cache-miss
301 http fetch GET 200 https://registry.npmjs.org/@types%2fws 94ms (cache miss)
302 silly packumentCache full:https://registry.npmjs.org/@types%2fws set size:undefined disposed:false
303 silly fetch manifest @types/yargs@^17.0.35
304 silly packumentCache full:https://registry.npmjs.org/@types%2fyargs cache-miss
305 http fetch GET 200 https://registry.npmjs.org/@types%2fyargs 75ms (cache miss)
306 silly packumentCache full:https://registry.npmjs.org/@types%2fyargs set size:undefined disposed:false
307 silly fetch manifest prettier@^3.8.1
308 silly packumentCache full:https://registry.npmjs.org/prettier cache-miss
309 http fetch GET 200 https://registry.npmjs.org/prettier 60ms (cache miss)
310 silly packumentCache full:https://registry.npmjs.org/prettier set size:undefined disposed:false
311 silly fetch manifest tsx@^4.21.0
312 silly packumentCache full:https://registry.npmjs.org/tsx cache-miss
313 http fetch GET 200 https://registry.npmjs.org/tsx 54ms (cache miss)
314 silly packumentCache full:https://registry.npmjs.org/tsx set size:undefined disposed:false
315 silly fetch manifest typescript@^5.9.3
316 silly packumentCache full:https://registry.npmjs.org/typescript cache-miss
317 http fetch GET 200 https://registry.npmjs.org/typescript 701ms (cache miss)
318 silly packumentCache full:https://registry.npmjs.org/typescript set size:undefined disposed:false
319 silly placeDep ROOT @clack/prompts@0.11.0 OK for: @jackyzha0/quartz@4.5.2 want: ^0.11.0
320 silly placeDep ROOT @floating-ui/dom@1.7.6 OK for: @jackyzha0/quartz@4.5.2 want: ^1.7.4
321 silly placeDep ROOT @myriaddreamin/rehype-typst@0.6.0 OK for: @jackyzha0/quartz@4.5.2 want: ^0.6.0
322 silly placeDep ROOT @napi-rs/simple-git@0.1.22 OK for: @jackyzha0/quartz@4.5.2 want: 0.1.22
323 silly placeDep ROOT @tweenjs/tween.js@25.0.0 OK for: @jackyzha0/quartz@4.5.2 want: ^25.0.0
324 silly placeDep ROOT @types/d3@7.4.3 OK for: @jackyzha0/quartz@4.5.2 want: ^7.4.3
325 silly placeDep ROOT @types/hast@3.0.4 OK for: @jackyzha0/quartz@4.5.2 want: ^3.0.4
326 silly placeDep ROOT @types/js-yaml@4.0.9 OK for: @jackyzha0/quartz@4.5.2 want: ^4.0.9
327 silly placeDep ROOT @types/node@25.6.0 OK for: @jackyzha0/quartz@4.5.2 want: ^25.0.10
328 silly placeDep ROOT @types/pretty-time@1.1.5 OK for: @jackyzha0/quartz@4.5.2 want: ^1.1.5
329 silly placeDep ROOT @types/source-map-support@0.5.10 OK for: @jackyzha0/quartz@4.5.2 want: ^0.5.10
330 silly placeDep ROOT @types/ws@8.18.1 OK for: @jackyzha0/quartz@4.5.2 want: ^8.18.1
331 silly placeDep ROOT @types/yargs@17.0.35 OK for: @jackyzha0/quartz@4.5.2 want: ^17.0.35
332 silly placeDep ROOT ansi-truncate@1.4.0 OK for: @jackyzha0/quartz@4.5.2 want: ^1.4.0
333 silly placeDep ROOT async-mutex@0.5.0 OK for: @jackyzha0/quartz@4.5.2 want: ^0.5.0
334 silly placeDep ROOT chokidar@5.0.0 OK for: @jackyzha0/quartz@4.5.2 want: ^5.0.0
335 silly placeDep ROOT cli-spinner@0.2.10 OK for: @jackyzha0/quartz@4.5.2 want: ^0.2.10
336 silly placeDep ROOT d3@7.9.0 OK for: @jackyzha0/quartz@4.5.2 want: ^7.9.0
337 silly placeDep ROOT esbuild@0.27.7 OK for: @jackyzha0/quartz@4.5.2 want: ^0.27.2
338 silly placeDep ROOT esbuild-sass-plugin@3.7.0 OK for: @jackyzha0/quartz@4.5.2 want: ^3.6.0
339 silly placeDep ROOT sass-embedded@1.99.0 OK for: esbuild-sass-plugin@3.7.0 want: ^1.97.3
340 silly placeDep ROOT flexsearch@0.8.212 OK for: @jackyzha0/quartz@4.5.2 want: ^0.8.205
341 silly placeDep ROOT github-slugger@2.0.0 OK for: @jackyzha0/quartz@4.5.2 want: ^2.0.0
342 silly placeDep ROOT globby@16.2.0 OK for: @jackyzha0/quartz@4.5.2 want: ^16.1.0
343 silly placeDep ROOT gray-matter@4.0.3 OK for: @jackyzha0/quartz@4.5.2 want: ^4.0.3
344 silly placeDep ROOT hast-util-to-html@9.0.5 OK for: @jackyzha0/quartz@4.5.2 want: ^9.0.5
345 silly placeDep ROOT hast-util-to-jsx-runtime@2.3.6 OK for: @jackyzha0/quartz@4.5.2 want: ^2.3.6
346 silly placeDep ROOT hast-util-to-string@3.0.1 OK for: @jackyzha0/quartz@4.5.2 want: ^3.0.1
347 silly placeDep ROOT is-absolute-url@5.0.0 OK for: @jackyzha0/quartz@4.5.2 want: ^5.0.0
348 silly placeDep ROOT js-yaml@4.1.1 OK for: @jackyzha0/quartz@4.5.2 want: ^4.1.1
349 silly placeDep ROOT lightningcss@1.32.0 OK for: @jackyzha0/quartz@4.5.2 want: ^1.31.1
350 silly placeDep ROOT mdast-util-find-and-replace@3.0.2 OK for: @jackyzha0/quartz@4.5.2 want: ^3.0.2
351 silly placeDep ROOT mdast-util-to-hast@13.2.1 OK for: @jackyzha0/quartz@4.5.2 want: ^13.2.1
352 silly placeDep ROOT mdast-util-to-string@4.0.0 OK for: @jackyzha0/quartz@4.5.2 want: ^4.0.0
353 silly placeDep ROOT micromorph@0.4.5 OK for: @jackyzha0/quartz@4.5.2 want: ^0.4.5
354 silly placeDep ROOT minimatch@10.2.5 OK for: @jackyzha0/quartz@4.5.2 want: ^10.1.1
355 silly placeDep ROOT pixi.js@8.18.1 OK for: @jackyzha0/quartz@4.5.2 want: ^8.15.0
356 silly placeDep ROOT preact@10.29.1 OK for: @jackyzha0/quartz@4.5.2 want: ^10.28.2
357 silly placeDep ROOT preact-render-to-string@6.6.7 OK for: @jackyzha0/quartz@4.5.2 want: ^6.6.5
358 silly placeDep ROOT prettier@3.8.3 OK for: @jackyzha0/quartz@4.5.2 want: ^3.8.1
359 silly placeDep ROOT pretty-bytes@7.1.0 OK for: @jackyzha0/quartz@4.5.2 want: ^7.1.0
360 silly placeDep ROOT pretty-time@1.1.0 OK for: @jackyzha0/quartz@4.5.2 want: ^1.1.0
361 silly placeDep ROOT reading-time@1.5.0 OK for: @jackyzha0/quartz@4.5.2 want: ^1.5.0
362 silly placeDep ROOT rehype-autolink-headings@7.1.0 OK for: @jackyzha0/quartz@4.5.2 want: ^7.1.0
363 silly placeDep ROOT rehype-citation@2.3.2 OK for: @jackyzha0/quartz@4.5.2 want: ^2.3.1
364 silly placeDep ROOT rehype-katex@7.0.1 OK for: @jackyzha0/quartz@4.5.2 want: ^7.0.1
365 silly placeDep ROOT rehype-mathjax@7.1.0 OK for: @jackyzha0/quartz@4.5.2 want: ^7.1.0
366 silly placeDep ROOT rehype-pretty-code@0.14.3 OK for: @jackyzha0/quartz@4.5.2 want: ^0.14.1
367 silly placeDep ROOT shiki@1.29.2 OK for: rehype-pretty-code@0.14.3 want: ^1.0.0 || ^2.0.0 || ^3.0.0 || ^4.0.0
368 silly placeDep ROOT rehype-raw@7.0.0 OK for: @jackyzha0/quartz@4.5.2 want: ^7.0.0
369 silly placeDep ROOT rehype-slug@6.0.0 OK for: @jackyzha0/quartz@4.5.2 want: ^6.0.0
370 silly placeDep ROOT remark@15.0.1 OK for: @jackyzha0/quartz@4.5.2 want: ^15.0.1
371 silly placeDep ROOT remark-breaks@4.0.0 OK for: @jackyzha0/quartz@4.5.2 want: ^4.0.0
372 silly placeDep ROOT remark-frontmatter@5.0.0 OK for: @jackyzha0/quartz@4.5.2 want: ^5.0.0
373 silly placeDep ROOT remark-gfm@4.0.1 OK for: @jackyzha0/quartz@4.5.2 want: ^4.0.1
374 silly placeDep ROOT remark-math@6.0.0 OK for: @jackyzha0/quartz@4.5.2 want: ^6.0.0
375 silly placeDep ROOT remark-parse@11.0.0 OK for: @jackyzha0/quartz@4.5.2 want: ^11.0.0
376 silly placeDep ROOT remark-rehype@11.1.2 OK for: @jackyzha0/quartz@4.5.2 want: ^11.1.2
377 silly placeDep ROOT remark-smartypants@3.0.2 OK for: @jackyzha0/quartz@4.5.2 want: ^3.0.2
378 silly placeDep ROOT rfdc@1.4.1 OK for: @jackyzha0/quartz@4.5.2 want: ^1.4.1
379 silly placeDep ROOT satori@0.19.3 OK for: @jackyzha0/quartz@4.5.2 want: ^0.19.1
380 silly placeDep ROOT serve-handler@6.1.7 OK for: @jackyzha0/quartz@4.5.2 want: ^6.1.6
381 silly placeDep ROOT sharp@0.34.5 OK for: @jackyzha0/quartz@4.5.2 want: ^0.34.5
382 silly placeDep ROOT source-map-support@0.5.21 OK for: @jackyzha0/quartz@4.5.2 want: ^0.5.21
383 silly placeDep ROOT to-vfile@8.0.0 OK for: @jackyzha0/quartz@4.5.2 want: ^8.0.0
384 silly placeDep ROOT toml@3.0.0 OK for: @jackyzha0/quartz@4.5.2 want: ^3.0.0
385 silly placeDep ROOT tsx@4.21.0 OK for: @jackyzha0/quartz@4.5.2 want: ^4.21.0
386 silly placeDep ROOT typescript@5.9.3 OK for: @jackyzha0/quartz@4.5.2 want: ^5.9.3
387 silly placeDep ROOT unified@11.0.5 OK for: @jackyzha0/quartz@4.5.2 want: ^11.0.5
388 silly placeDep ROOT unist-util-visit@5.1.0 OK for: @jackyzha0/quartz@4.5.2 want: ^5.1.0
389 silly placeDep ROOT vfile@6.0.3 OK for: @jackyzha0/quartz@4.5.2 want: ^6.0.3
390 silly placeDep ROOT workerpool@10.0.2 OK for: @jackyzha0/quartz@4.5.2 want: ^10.0.1
391 silly placeDep ROOT ws@8.20.0 OK for: @jackyzha0/quartz@4.5.2 want: ^8.19.0
392 silly placeDep ROOT yargs@18.0.0 OK for: @jackyzha0/quartz@4.5.2 want: ^18.0.0
393 silly fetch manifest picocolors@^1.0.0
394 silly packumentCache full:https://registry.npmjs.org/picocolors cache-miss
395 silly fetch manifest sisteransi@^1.0.5
396 silly packumentCache full:https://registry.npmjs.org/sisteransi cache-miss
397 silly fetch manifest @clack/core@0.5.0
398 silly packumentCache full:https://registry.npmjs.org/@clack%2fcore cache-miss
399 silly fetch manifest @floating-ui/core@^1.7.5
400 silly packumentCache full:https://registry.npmjs.org/@floating-ui%2fcore cache-miss
401 silly fetch manifest @floating-ui/utils@^0.2.11
402 silly packumentCache full:https://registry.npmjs.org/@floating-ui%2futils cache-miss
403 silly fetch manifest vfile@^6.0.0
404 silly packumentCache full:https://registry.npmjs.org/vfile cache-miss
405 silly fetch manifest @types/hast@^3.0.0
406 silly packumentCache full:https://registry.npmjs.org/@types%2fhast cache-miss
407 silly fetch manifest @types/katex@^0.16.0
408 silly packumentCache full:https://registry.npmjs.org/@types%2fkatex cache-miss
409 silly fetch manifest hast-util-to-text@^4.0.0
410 silly packumentCache full:https://registry.npmjs.org/hast-util-to-text cache-miss
411 silly fetch manifest https-proxy-agent@^7.0.2
412 silly packumentCache full:https://registry.npmjs.org/https-proxy-agent cache-miss
413 silly fetch manifest unist-util-visit-parents@^6.0.0
414 silly packumentCache full:https://registry.npmjs.org/unist-util-visit-parents cache-miss
415 http cache https://registry.npmjs.org/vfile 14ms (cache hit)
416 silly packumentCache full:https://registry.npmjs.org/vfile set size:172678 disposed:false
417 silly fetch manifest hast-util-from-html-isomorphic@^2.0.0
418 silly packumentCache full:https://registry.npmjs.org/hast-util-from-html-isomorphic cache-miss
419 http cache https://registry.npmjs.org/@types%2fhast 16ms (cache hit)
420 silly packumentCache full:https://registry.npmjs.org/@types%2fhast set size:32563 disposed:false
421 silly fetch manifest @myriaddreamin/typst-ts-node-compiler@^0.6.0
422 silly packumentCache full:https://registry.npmjs.org/@myriaddreamin%2ftypst-ts-node-compiler cache-miss
423 http fetch GET 200 https://registry.npmjs.org/picocolors 33ms (cache miss)
424 silly packumentCache full:https://registry.npmjs.org/picocolors set size:undefined disposed:false
425 silly fetch manifest @napi-rs/simple-git-win32-x64-msvc@0.1.22
426 silly packumentCache full:https://registry.npmjs.org/@napi-rs%2fsimple-git-win32-x64-msvc cache-miss
427 http fetch GET 200 https://registry.npmjs.org/sisteransi 33ms (cache miss)
428 silly packumentCache full:https://registry.npmjs.org/sisteransi set size:undefined disposed:false
429 silly fetch manifest @napi-rs/simple-git-darwin-x64@0.1.22
430 silly packumentCache full:https://registry.npmjs.org/@napi-rs%2fsimple-git-darwin-x64 cache-miss
431 http fetch GET 200 https://registry.npmjs.org/hast-util-from-html-isomorphic 101ms (cache miss)
432 silly packumentCache full:https://registry.npmjs.org/hast-util-from-html-isomorphic set size:undefined disposed:false
433 silly fetch manifest @napi-rs/simple-git-linux-x64-gnu@0.1.22
434 silly packumentCache full:https://registry.npmjs.org/@napi-rs%2fsimple-git-linux-x64-gnu cache-miss
435 http fetch GET 200 https://registry.npmjs.org/@floating-ui%2futils 117ms (cache miss)
436 silly packumentCache full:https://registry.npmjs.org/@floating-ui%2futils set size:undefined disposed:false
437 silly fetch manifest @napi-rs/simple-git-linux-x64-musl@0.1.22
438 silly packumentCache full:https://registry.npmjs.org/@napi-rs%2fsimple-git-linux-x64-musl cache-miss
439 http fetch GET 200 https://registry.npmjs.org/https-proxy-agent 118ms (cache miss)
440 silly packumentCache full:https://registry.npmjs.org/https-proxy-agent set size:undefined disposed:false
441 silly fetch manifest @napi-rs/simple-git-linux-arm64-gnu@0.1.22
442 silly packumentCache full:https://registry.npmjs.org/@napi-rs%2fsimple-git-linux-arm64-gnu cache-miss
443 http fetch GET 200 https://registry.npmjs.org/@types%2fkatex 120ms (cache miss)
444 silly packumentCache full:https://registry.npmjs.org/@types%2fkatex set size:undefined disposed:false
445 silly fetch manifest @napi-rs/simple-git-win32-ia32-msvc@0.1.22
446 silly packumentCache full:https://registry.npmjs.org/@napi-rs%2fsimple-git-win32-ia32-msvc cache-miss
447 http fetch GET 200 https://registry.npmjs.org/unist-util-visit-parents 121ms (cache miss)
448 silly packumentCache full:https://registry.npmjs.org/unist-util-visit-parents set size:undefined disposed:false
449 silly fetch manifest @napi-rs/simple-git-linux-arm-gnueabihf@0.1.22
450 silly packumentCache full:https://registry.npmjs.org/@napi-rs%2fsimple-git-linux-arm-gnueabihf cache-miss
451 http fetch GET 200 https://registry.npmjs.org/@clack%2fcore 123ms (cache miss)
452 silly packumentCache full:https://registry.npmjs.org/@clack%2fcore set size:undefined disposed:false
453 silly fetch manifest @napi-rs/simple-git-darwin-arm64@0.1.22
454 silly packumentCache full:https://registry.npmjs.org/@napi-rs%2fsimple-git-darwin-arm64 cache-miss
455 http fetch GET 200 https://registry.npmjs.org/@floating-ui%2fcore 124ms (cache miss)
456 silly packumentCache full:https://registry.npmjs.org/@floating-ui%2fcore set size:undefined disposed:false
457 silly fetch manifest @napi-rs/simple-git-android-arm64@0.1.22
458 silly packumentCache full:https://registry.npmjs.org/@napi-rs%2fsimple-git-android-arm64 cache-miss
459 http fetch GET 200 https://registry.npmjs.org/hast-util-to-text 167ms (cache miss)
460 silly packumentCache full:https://registry.npmjs.org/hast-util-to-text set size:undefined disposed:false
461 silly fetch manifest @napi-rs/simple-git-freebsd-x64@0.1.22
462 silly packumentCache full:https://registry.npmjs.org/@napi-rs%2fsimple-git-freebsd-x64 cache-miss
463 http fetch GET 200 https://registry.npmjs.org/@napi-rs%2fsimple-git-win32-ia32-msvc 898ms (cache miss)
464 silly packumentCache full:https://registry.npmjs.org/@napi-rs%2fsimple-git-win32-ia32-msvc set size:undefined disposed:false
465 silly fetch manifest @napi-rs/simple-git-linux-arm64-musl@0.1.22
466 silly packumentCache full:https://registry.npmjs.org/@napi-rs%2fsimple-git-linux-arm64-musl cache-miss
467 http fetch GET 200 https://registry.npmjs.org/@napi-rs%2fsimple-git-darwin-x64 987ms (cache miss)
468 silly packumentCache full:https://registry.npmjs.org/@napi-rs%2fsimple-git-darwin-x64 set size:undefined disposed:false
469 silly fetch manifest @napi-rs/simple-git-win32-arm64-msvc@0.1.22
470 silly packumentCache full:https://registry.npmjs.org/@napi-rs%2fsimple-git-win32-arm64-msvc cache-miss
471 http fetch GET 200 https://registry.npmjs.org/@napi-rs%2fsimple-git-win32-x64-msvc 987ms (cache miss)
472 silly packumentCache full:https://registry.npmjs.org/@napi-rs%2fsimple-git-win32-x64-msvc set size:undefined disposed:false
473 silly fetch manifest @napi-rs/simple-git-android-arm-eabi@0.1.22
474 silly packumentCache full:https://registry.npmjs.org/@napi-rs%2fsimple-git-android-arm-eabi cache-miss
475 http fetch GET 200 https://registry.npmjs.org/@napi-rs%2fsimple-git-linux-x64-musl 904ms (cache miss)
476 silly packumentCache full:https://registry.npmjs.org/@napi-rs%2fsimple-git-linux-x64-musl set size:undefined disposed:false
477 silly fetch manifest @napi-rs/simple-git-linux-ppc64-gnu@0.1.22
478 silly packumentCache full:https://registry.npmjs.org/@napi-rs%2fsimple-git-linux-ppc64-gnu cache-miss
479 http fetch GET 200 https://registry.npmjs.org/@napi-rs%2fsimple-git-android-arm64 897ms (cache miss)
480 silly packumentCache full:https://registry.npmjs.org/@napi-rs%2fsimple-git-android-arm64 set size:undefined disposed:false
481 silly fetch manifest @napi-rs/simple-git-linux-s390x-gnu@0.1.22
482 silly packumentCache full:https://registry.npmjs.org/@napi-rs%2fsimple-git-linux-s390x-gnu cache-miss
483 http fetch GET 200 https://registry.npmjs.org/@napi-rs%2fsimple-git-linux-x64-gnu 907ms (cache miss)
484 silly packumentCache full:https://registry.npmjs.org/@napi-rs%2fsimple-git-linux-x64-gnu set size:undefined disposed:false
485 silly fetch manifest @types/d3-dsv@*
486 silly packumentCache full:https://registry.npmjs.org/@types%2fd3-dsv cache-miss
487 http fetch GET 200 https://registry.npmjs.org/@napi-rs%2fsimple-git-darwin-arm64 899ms (cache miss)
488 silly packumentCache full:https://registry.npmjs.org/@napi-rs%2fsimple-git-darwin-arm64 set size:undefined disposed:false
489 silly fetch manifest @types/d3-geo@*
490 silly packumentCache full:https://registry.npmjs.org/@types%2fd3-geo cache-miss
491 http fetch GET 200 https://registry.npmjs.org/@myriaddreamin%2ftypst-ts-node-compiler 1008ms (cache miss)
492 silly packumentCache full:https://registry.npmjs.org/@myriaddreamin%2ftypst-ts-node-compiler set size:undefined disposed:false
493 silly fetch manifest @types/d3-axis@*
494 silly packumentCache full:https://registry.npmjs.org/@types%2fd3-axis cache-miss
495 http fetch GET 200 https://registry.npmjs.org/@napi-rs%2fsimple-git-linux-arm64-gnu 905ms (cache miss)
496 silly packumentCache full:https://registry.npmjs.org/@napi-rs%2fsimple-git-linux-arm64-gnu set size:undefined disposed:false
497 silly fetch manifest @types/d3-drag@*
498 silly packumentCache full:https://registry.npmjs.org/@types%2fd3-drag cache-miss
499 http fetch GET 200 https://registry.npmjs.org/@types%2fd3-drag 95ms (cache miss)
500 silly packumentCache full:https://registry.npmjs.org/@types%2fd3-drag set size:undefined disposed:false
501 silly fetch manifest @types/d3-ease@*
502 silly packumentCache full:https://registry.npmjs.org/@types%2fd3-ease cache-miss
503 http fetch GET 200 https://registry.npmjs.org/@types%2fd3-geo 98ms (cache miss)
504 silly packumentCache full:https://registry.npmjs.org/@types%2fd3-geo set size:undefined disposed:false
505 silly fetch manifest @types/d3-path@*
506 silly packumentCache full:https://registry.npmjs.org/@types%2fd3-path cache-miss
507 http fetch GET 200 https://registry.npmjs.org/@types%2fd3-axis 98ms (cache miss)
508 silly packumentCache full:https://registry.npmjs.org/@types%2fd3-axis set size:undefined disposed:false
509 silly fetch manifest @types/d3-time@*
510 silly packumentCache full:https://registry.npmjs.org/@types%2fd3-time cache-miss
511 http fetch GET 200 https://registry.npmjs.org/@types%2fd3-dsv 100ms (cache miss)
512 silly packumentCache full:https://registry.npmjs.org/@types%2fd3-dsv set size:undefined disposed:false
513 silly fetch manifest @types/d3-zoom@*
514 silly packumentCache full:https://registry.npmjs.org/@types%2fd3-zoom cache-miss
515 http fetch GET 200 https://registry.npmjs.org/@types%2fd3-path 94ms (cache miss)
516 silly packumentCache full:https://registry.npmjs.org/@types%2fd3-path set size:undefined disposed:false
517 silly fetch manifest @types/d3-array@*
518 silly packumentCache full:https://registry.npmjs.org/@types%2fd3-array cache-miss
519 http fetch GET 200 https://registry.npmjs.org/@types%2fd3-ease 97ms (cache miss)
520 silly packumentCache full:https://registry.npmjs.org/@types%2fd3-ease set size:undefined disposed:false
521 silly fetch manifest @types/d3-brush@*
522 silly packumentCache full:https://registry.npmjs.org/@types%2fd3-brush cache-miss
523 http fetch GET 200 https://registry.npmjs.org/@types%2fd3-time 95ms (cache miss)
524 silly packumentCache full:https://registry.npmjs.org/@types%2fd3-time set size:undefined disposed:false
525 silly fetch manifest @types/d3-chord@*
526 silly packumentCache full:https://registry.npmjs.org/@types%2fd3-chord cache-miss
527 http fetch GET 200 https://registry.npmjs.org/@napi-rs%2fsimple-git-linux-arm-gnueabihf 1096ms (cache miss)
528 silly packumentCache full:https://registry.npmjs.org/@napi-rs%2fsimple-git-linux-arm-gnueabihf set size:undefined disposed:false
529 silly fetch manifest @types/d3-color@*
530 silly packumentCache full:https://registry.npmjs.org/@types%2fd3-color cache-miss
531 http fetch GET 200 https://registry.npmjs.org/@types%2fd3-zoom 96ms (cache miss)
532 silly packumentCache full:https://registry.npmjs.org/@types%2fd3-zoom set size:undefined disposed:false
533 silly fetch manifest @types/d3-fetch@*
534 silly packumentCache full:https://registry.npmjs.org/@types%2fd3-fetch cache-miss
535 http fetch GET 200 https://registry.npmjs.org/@types%2fd3-brush 339ms (cache miss)
536 silly packumentCache full:https://registry.npmjs.org/@types%2fd3-brush set size:undefined disposed:false
537 silly fetch manifest @types/d3-force@*
538 silly packumentCache full:https://registry.npmjs.org/@types%2fd3-force cache-miss
539 http fetch GET 200 https://registry.npmjs.org/@types%2fd3-chord 339ms (cache miss)
540 silly packumentCache full:https://registry.npmjs.org/@types%2fd3-chord set size:undefined disposed:false
541 silly fetch manifest @types/d3-scale@*
542 silly packumentCache full:https://registry.npmjs.org/@types%2fd3-scale cache-miss
543 http fetch GET 200 https://registry.npmjs.org/@types%2fd3-array 343ms (cache miss)
544 silly packumentCache full:https://registry.npmjs.org/@types%2fd3-array set size:undefined disposed:false
545 silly fetch manifest @types/d3-shape@*
546 silly packumentCache full:https://registry.npmjs.org/@types%2fd3-shape cache-miss
547 http fetch GET 200 https://registry.npmjs.org/@types%2fd3-color 341ms (cache miss)
548 silly packumentCache full:https://registry.npmjs.org/@types%2fd3-color set size:undefined disposed:false
549 silly fetch manifest @types/d3-timer@*
550 silly packumentCache full:https://registry.npmjs.org/@types%2fd3-timer cache-miss
551 http fetch GET 200 https://registry.npmjs.org/@types%2fd3-fetch 342ms (cache miss)
552 silly packumentCache full:https://registry.npmjs.org/@types%2fd3-fetch set size:undefined disposed:false
553 silly fetch manifest @types/d3-format@*
554 silly packumentCache full:https://registry.npmjs.org/@types%2fd3-format cache-miss
555 http fetch GET 200 https://registry.npmjs.org/@napi-rs%2fsimple-git-freebsd-x64 1394ms (cache miss)
556 silly packumentCache full:https://registry.npmjs.org/@napi-rs%2fsimple-git-freebsd-x64 set size:undefined disposed:false
557 silly fetch manifest @types/d3-random@*
558 silly packumentCache full:https://registry.npmjs.org/@types%2fd3-random cache-miss
559 http fetch GET 200 https://registry.npmjs.org/@types%2fd3-force 40ms (cache miss)
560 silly packumentCache full:https://registry.npmjs.org/@types%2fd3-force set size:undefined disposed:false
561 silly fetch manifest @types/d3-contour@*
562 silly packumentCache full:https://registry.npmjs.org/@types%2fd3-contour cache-miss
563 http fetch GET 200 https://registry.npmjs.org/@types%2fd3-scale 41ms (cache miss)
564 silly packumentCache full:https://registry.npmjs.org/@types%2fd3-scale set size:undefined disposed:false
565 silly fetch manifest @types/d3-polygon@*
566 silly packumentCache full:https://registry.npmjs.org/@types%2fd3-polygon cache-miss
567 http fetch GET 200 https://registry.npmjs.org/@types%2fd3-shape 43ms (cache miss)
568 silly packumentCache full:https://registry.npmjs.org/@types%2fd3-shape set size:undefined disposed:false
569 silly fetch manifest @types/d3-delaunay@*
570 silly packumentCache full:https://registry.npmjs.org/@types%2fd3-delaunay cache-miss
571 http fetch GET 200 https://registry.npmjs.org/@types%2fd3-timer 55ms (cache miss)
572 silly packumentCache full:https://registry.npmjs.org/@types%2fd3-timer set size:undefined disposed:false
573 silly fetch manifest @types/d3-dispatch@*
574 silly packumentCache full:https://registry.npmjs.org/@types%2fd3-dispatch cache-miss
575 http fetch GET 200 https://registry.npmjs.org/@types%2fd3-random 64ms (cache miss)
576 silly packumentCache full:https://registry.npmjs.org/@types%2fd3-random set size:undefined disposed:false
577 silly fetch manifest @types/d3-quadtree@*
578 silly packumentCache full:https://registry.npmjs.org/@types%2fd3-quadtree cache-miss
579 http fetch GET 200 https://registry.npmjs.org/@types%2fd3-format 69ms (cache miss)
580 silly packumentCache full:https://registry.npmjs.org/@types%2fd3-format set size:undefined disposed:false
581 silly fetch manifest @types/d3-hierarchy@*
582 silly packumentCache full:https://registry.npmjs.org/@types%2fd3-hierarchy cache-miss
583 http fetch GET 200 https://registry.npmjs.org/@types%2fd3-polygon 36ms (cache miss)
584 silly packumentCache full:https://registry.npmjs.org/@types%2fd3-polygon set size:undefined disposed:false
585 silly fetch manifest @types/d3-selection@*
586 silly packumentCache full:https://registry.npmjs.org/@types%2fd3-selection cache-miss
587 http fetch GET 200 https://registry.npmjs.org/@types%2fd3-contour 40ms (cache miss)
588 silly packumentCache full:https://registry.npmjs.org/@types%2fd3-contour set size:undefined disposed:false
589 silly fetch manifest @types/d3-transition@*
590 silly packumentCache full:https://registry.npmjs.org/@types%2fd3-transition cache-miss
591 http fetch GET 200 https://registry.npmjs.org/@napi-rs%2fsimple-git-win32-arm64-msvc 622ms (cache miss)
592 silly packumentCache full:https://registry.npmjs.org/@napi-rs%2fsimple-git-win32-arm64-msvc set size:undefined disposed:false
593 silly fetch manifest @types/d3-interpolate@*
594 silly packumentCache full:https://registry.npmjs.org/@types%2fd3-interpolate cache-miss
595 http fetch GET 200 https://registry.npmjs.org/@types%2fd3-delaunay 49ms (cache miss)
596 silly packumentCache full:https://registry.npmjs.org/@types%2fd3-delaunay set size:undefined disposed:false
597 silly fetch manifest @types/d3-time-format@*
598 silly packumentCache full:https://registry.npmjs.org/@types%2fd3-time-format cache-miss
599 http fetch GET 200 https://registry.npmjs.org/@napi-rs%2fsimple-git-linux-ppc64-gnu 685ms (cache miss)
600 silly packumentCache full:https://registry.npmjs.org/@napi-rs%2fsimple-git-linux-ppc64-gnu set size:undefined disposed:false
601 silly fetch manifest @types/d3-scale-chromatic@*
602 silly packumentCache full:https://registry.npmjs.org/@types%2fd3-scale-chromatic cache-miss
603 http fetch GET 200 https://registry.npmjs.org/@types%2fd3-dispatch 90ms (cache miss)
604 silly packumentCache full:https://registry.npmjs.org/@types%2fd3-dispatch set size:undefined disposed:false
605 silly fetch manifest @types/unist@*
606 silly packumentCache full:https://registry.npmjs.org/@types%2funist cache-miss
607 http fetch GET 200 https://registry.npmjs.org/@types%2fd3-time-format 55ms (cache miss)
608 silly packumentCache full:https://registry.npmjs.org/@types%2fd3-time-format set size:undefined disposed:false
609 silly fetch manifest undici-types@~7.19.0
610 silly packumentCache full:https://registry.npmjs.org/undici-types cache-miss
611 http fetch GET 200 https://registry.npmjs.org/@types%2fd3-transition 72ms (cache miss)
612 silly packumentCache full:https://registry.npmjs.org/@types%2fd3-transition set size:undefined disposed:false
613 silly fetch manifest source-map@^0.6.0
614 silly packumentCache full:https://registry.npmjs.org/source-map cache-miss
615 http fetch GET 200 https://registry.npmjs.org/@types%2fd3-hierarchy 78ms (cache miss)
616 silly packumentCache full:https://registry.npmjs.org/@types%2fd3-hierarchy set size:undefined disposed:false
617 silly fetch manifest @types/yargs-parser@*
618 silly packumentCache full:https://registry.npmjs.org/@types%2fyargs-parser cache-miss
619 http fetch GET 200 https://registry.npmjs.org/@types%2fd3-interpolate 69ms (cache miss)
620 silly packumentCache full:https://registry.npmjs.org/@types%2fd3-interpolate set size:undefined disposed:false
621 silly fetch manifest fast-string-truncated-width@^3.0.1
622 silly packumentCache full:https://registry.npmjs.org/fast-string-truncated-width cache-miss
623 http fetch GET 200 https://registry.npmjs.org/@types%2fd3-quadtree 85ms (cache miss)
624 silly packumentCache full:https://registry.npmjs.org/@types%2fd3-quadtree set size:undefined disposed:false
625 silly fetch manifest tslib@^2.4.0
626 silly packumentCache full:https://registry.npmjs.org/tslib cache-miss
627 http fetch GET 200 https://registry.npmjs.org/@napi-rs%2fsimple-git-linux-s390x-gnu 717ms (cache miss)
628 silly packumentCache full:https://registry.npmjs.org/@napi-rs%2fsimple-git-linux-s390x-gnu set size:undefined disposed:false
629 silly fetch manifest readdirp@^5.0.0
630 silly packumentCache full:https://registry.npmjs.org/readdirp cache-miss
631 http fetch GET 200 https://registry.npmjs.org/fast-string-truncated-width 50ms (cache miss)
632 silly packumentCache full:https://registry.npmjs.org/fast-string-truncated-width set size:undefined disposed:false
633 silly fetch manifest d3-dsv@3
634 silly packumentCache full:https://registry.npmjs.org/d3-dsv cache-miss
635 http fetch GET 200 https://registry.npmjs.org/source-map 53ms (cache miss)
636 silly packumentCache full:https://registry.npmjs.org/source-map set size:undefined disposed:false
637 silly fetch manifest d3-geo@3
638 silly packumentCache full:https://registry.npmjs.org/d3-geo cache-miss
639 http fetch GET 200 https://registry.npmjs.org/@types%2fyargs-parser 57ms (cache miss)
640 silly packumentCache full:https://registry.npmjs.org/@types%2fyargs-parser set size:undefined disposed:false
641 silly fetch manifest d3-axis@3
642 silly packumentCache full:https://registry.npmjs.org/d3-axis cache-miss
643 http fetch GET 200 https://registry.npmjs.org/@types%2funist 60ms (cache miss)
644 silly packumentCache full:https://registry.npmjs.org/@types%2funist set size:undefined disposed:false
645 silly fetch manifest d3-drag@3
646 silly packumentCache full:https://registry.npmjs.org/d3-drag cache-miss
647 http fetch GET 200 https://registry.npmjs.org/undici-types 62ms (cache miss)
648 silly packumentCache full:https://registry.npmjs.org/undici-types set size:undefined disposed:false
649 silly fetch manifest d3-ease@3
650 silly packumentCache full:https://registry.npmjs.org/d3-ease cache-miss
651 http fetch GET 200 https://registry.npmjs.org/@types%2fd3-scale-chromatic 134ms (cache miss)
652 silly packumentCache full:https://registry.npmjs.org/@types%2fd3-scale-chromatic set size:undefined disposed:false
653 silly fetch manifest d3-path@3
654 silly packumentCache full:https://registry.npmjs.org/d3-path cache-miss
655 http fetch GET 200 https://registry.npmjs.org/tslib 131ms (cache miss)
656 silly packumentCache full:https://registry.npmjs.org/tslib set size:undefined disposed:false
657 silly fetch manifest d3-time@3
658 silly packumentCache full:https://registry.npmjs.org/d3-time cache-miss
659 http fetch GET 200 https://registry.npmjs.org/d3-drag 75ms (cache miss)
660 silly packumentCache full:https://registry.npmjs.org/d3-drag set size:undefined disposed:false
661 silly fetch manifest d3-zoom@3
662 silly packumentCache full:https://registry.npmjs.org/d3-zoom cache-miss
663 http fetch GET 200 https://registry.npmjs.org/d3-dsv 83ms (cache miss)
664 silly packumentCache full:https://registry.npmjs.org/d3-dsv set size:undefined disposed:false
665 silly fetch manifest d3-array@3
666 silly packumentCache full:https://registry.npmjs.org/d3-array cache-miss
667 http fetch GET 200 https://registry.npmjs.org/readdirp 106ms (cache miss)
668 silly packumentCache full:https://registry.npmjs.org/readdirp set size:undefined disposed:false
669 silly fetch manifest d3-brush@3
670 silly packumentCache full:https://registry.npmjs.org/d3-brush cache-miss
671 http fetch GET 200 https://registry.npmjs.org/d3-geo 84ms (cache miss)
672 silly packumentCache full:https://registry.npmjs.org/d3-geo set size:undefined disposed:false
673 silly fetch manifest d3-chord@3
674 silly packumentCache full:https://registry.npmjs.org/d3-chord cache-miss
675 http fetch GET 200 https://registry.npmjs.org/d3-ease 91ms (cache miss)
676 silly packumentCache full:https://registry.npmjs.org/d3-ease set size:undefined disposed:false
677 silly fetch manifest d3-color@3
678 silly packumentCache full:https://registry.npmjs.org/d3-color cache-miss
679 http fetch GET 200 https://registry.npmjs.org/d3-time 168ms (cache miss)
680 silly packumentCache full:https://registry.npmjs.org/d3-time set size:undefined disposed:false
681 silly fetch manifest d3-fetch@3
682 silly packumentCache full:https://registry.npmjs.org/d3-fetch cache-miss
683 http fetch GET 200 https://registry.npmjs.org/d3-path 173ms (cache miss)
684 silly packumentCache full:https://registry.npmjs.org/d3-path set size:undefined disposed:false
685 silly fetch manifest d3-force@3
686 silly packumentCache full:https://registry.npmjs.org/d3-force cache-miss
687 http fetch GET 200 https://registry.npmjs.org/d3-brush 169ms (cache miss)
688 silly packumentCache full:https://registry.npmjs.org/d3-brush set size:undefined disposed:false
689 silly fetch manifest d3-scale@4
690 silly packumentCache full:https://registry.npmjs.org/d3-scale cache-miss
691 http fetch GET 200 https://registry.npmjs.org/d3-array 171ms (cache miss)
692 silly packumentCache full:https://registry.npmjs.org/d3-array set size:undefined disposed:false
693 silly fetch manifest d3-shape@3
694 silly packumentCache full:https://registry.npmjs.org/d3-shape cache-miss
695 http fetch GET 200 https://registry.npmjs.org/d3-chord 169ms (cache miss)
696 silly packumentCache full:https://registry.npmjs.org/d3-chord set size:undefined disposed:false
697 silly fetch manifest d3-timer@3
698 silly packumentCache full:https://registry.npmjs.org/d3-timer cache-miss
699 http fetch GET 200 https://registry.npmjs.org/d3-zoom 176ms (cache miss)
700 silly packumentCache full:https://registry.npmjs.org/d3-zoom set size:undefined disposed:false
701 silly fetch manifest d3-format@3
702 silly packumentCache full:https://registry.npmjs.org/d3-format cache-miss
703 http fetch GET 200 https://registry.npmjs.org/d3-color 158ms (cache miss)
704 silly packumentCache full:https://registry.npmjs.org/d3-color set size:undefined disposed:false
705 silly fetch manifest d3-random@3
706 silly packumentCache full:https://registry.npmjs.org/d3-random cache-miss
707 http fetch GET 200 https://registry.npmjs.org/@types%2fd3-selection 385ms (cache miss)
708 silly packumentCache full:https://registry.npmjs.org/@types%2fd3-selection set size:undefined disposed:false
709 silly fetch manifest d3-contour@4
710 silly packumentCache full:https://registry.npmjs.org/d3-contour cache-miss
711 http fetch GET 200 https://registry.npmjs.org/d3-axis 256ms (cache miss)
712 silly packumentCache full:https://registry.npmjs.org/d3-axis set size:undefined disposed:false
713 silly fetch manifest d3-polygon@3
714 silly packumentCache full:https://registry.npmjs.org/d3-polygon cache-miss
715 http fetch GET 200 https://registry.npmjs.org/d3-fetch 32ms (cache miss)
716 silly packumentCache full:https://registry.npmjs.org/d3-fetch set size:undefined disposed:false
717 silly fetch manifest d3-delaunay@6
718 silly packumentCache full:https://registry.npmjs.org/d3-delaunay cache-miss
719 http fetch GET 200 https://registry.npmjs.org/@napi-rs%2fsimple-git-linux-arm64-musl 1029ms (cache miss)
720 silly packumentCache full:https://registry.npmjs.org/@napi-rs%2fsimple-git-linux-arm64-musl set size:undefined disposed:false
721 silly fetch manifest d3-dispatch@3
722 silly packumentCache full:https://registry.npmjs.org/d3-dispatch cache-miss
723 http fetch GET 200 https://registry.npmjs.org/@napi-rs%2fsimple-git-android-arm-eabi 1029ms (cache miss)
724 silly packumentCache full:https://registry.npmjs.org/@napi-rs%2fsimple-git-android-arm-eabi set size:undefined disposed:false
725 silly fetch manifest d3-quadtree@3
726 silly packumentCache full:https://registry.npmjs.org/d3-quadtree cache-miss
727 http fetch GET 200 https://registry.npmjs.org/d3-format 35ms (cache miss)
728 silly packumentCache full:https://registry.npmjs.org/d3-format set size:undefined disposed:false
729 silly fetch manifest d3-hierarchy@3
730 silly packumentCache full:https://registry.npmjs.org/d3-hierarchy cache-miss
731 http fetch GET 200 https://registry.npmjs.org/d3-contour 33ms (cache miss)
732 silly packumentCache full:https://registry.npmjs.org/d3-contour set size:undefined disposed:false
733 silly fetch manifest d3-selection@3
734 silly packumentCache full:https://registry.npmjs.org/d3-selection cache-miss
735 http fetch GET 200 https://registry.npmjs.org/d3-shape 42ms (cache miss)
736 silly packumentCache full:https://registry.npmjs.org/d3-shape set size:undefined disposed:false
737 silly fetch manifest d3-transition@3
738 silly packumentCache full:https://registry.npmjs.org/d3-transition cache-miss
739 http fetch GET 200 https://registry.npmjs.org/d3-polygon 37ms (cache miss)
740 silly packumentCache full:https://registry.npmjs.org/d3-polygon set size:undefined disposed:false
741 silly fetch manifest d3-interpolate@3
742 silly packumentCache full:https://registry.npmjs.org/d3-interpolate cache-miss
743 http fetch GET 200 https://registry.npmjs.org/d3-timer 43ms (cache miss)
744 silly packumentCache full:https://registry.npmjs.org/d3-timer set size:undefined disposed:false
745 silly fetch manifest d3-time-format@4
746 silly packumentCache full:https://registry.npmjs.org/d3-time-format cache-miss
747 http fetch GET 200 https://registry.npmjs.org/d3-force 51ms (cache miss)
748 silly packumentCache full:https://registry.npmjs.org/d3-force set size:undefined disposed:false
749 silly fetch manifest d3-scale-chromatic@3
750 silly packumentCache full:https://registry.npmjs.org/d3-scale-chromatic cache-miss
751 http fetch GET 200 https://registry.npmjs.org/d3-scale 50ms (cache miss)
752 silly packumentCache full:https://registry.npmjs.org/d3-scale set size:undefined disposed:false
753 silly fetch manifest @esbuild/aix-ppc64@0.27.7
754 silly packumentCache full:https://registry.npmjs.org/@esbuild%2faix-ppc64 cache-miss
755 http fetch GET 200 https://registry.npmjs.org/d3-random 192ms (cache miss)
756 silly packumentCache full:https://registry.npmjs.org/d3-random set size:undefined disposed:false
757 silly fetch manifest @esbuild/linux-arm@0.27.7
758 silly packumentCache full:https://registry.npmjs.org/@esbuild%2flinux-arm cache-miss
759 http fetch GET 200 https://registry.npmjs.org/d3-quadtree 169ms (cache miss)
760 silly packumentCache full:https://registry.npmjs.org/d3-quadtree set size:undefined disposed:false
761 silly fetch manifest @esbuild/linux-x64@0.27.7
762 silly packumentCache full:https://registry.npmjs.org/@esbuild%2flinux-x64 cache-miss
763 http fetch GET 200 https://registry.npmjs.org/d3-time-format 155ms (cache miss)
764 silly packumentCache full:https://registry.npmjs.org/d3-time-format set size:undefined disposed:false
765 silly fetch manifest @esbuild/sunos-x64@0.27.7
766 silly packumentCache full:https://registry.npmjs.org/@esbuild%2fsunos-x64 cache-miss
767 http fetch GET 200 https://registry.npmjs.org/d3-dispatch 173ms (cache miss)
768 silly packumentCache full:https://registry.npmjs.org/d3-dispatch set size:undefined disposed:false
769 silly fetch manifest @esbuild/win32-x64@0.27.7
770 silly packumentCache full:https://registry.npmjs.org/@esbuild%2fwin32-x64 cache-miss
771 http fetch GET 200 https://registry.npmjs.org/d3-delaunay 177ms (cache miss)
772 silly packumentCache full:https://registry.npmjs.org/d3-delaunay set size:undefined disposed:false
773 silly fetch manifest @esbuild/darwin-x64@0.27.7
774 silly packumentCache full:https://registry.npmjs.org/@esbuild%2fdarwin-x64 cache-miss
775 http fetch GET 200 https://registry.npmjs.org/d3-hierarchy 170ms (cache miss)
776 silly packumentCache full:https://registry.npmjs.org/d3-hierarchy set size:undefined disposed:false
777 silly fetch manifest @esbuild/linux-ia32@0.27.7
778 silly packumentCache full:https://registry.npmjs.org/@esbuild%2flinux-ia32 cache-miss
779 http fetch GET 200 https://registry.npmjs.org/d3-interpolate 165ms (cache miss)
780 silly packumentCache full:https://registry.npmjs.org/d3-interpolate set size:undefined disposed:false
781 silly fetch manifest @esbuild/netbsd-x64@0.27.7
782 silly packumentCache full:https://registry.npmjs.org/@esbuild%2fnetbsd-x64 cache-miss
783 http fetch GET 200 https://registry.npmjs.org/d3-scale-chromatic 164ms (cache miss)
784 silly packumentCache full:https://registry.npmjs.org/d3-scale-chromatic set size:undefined disposed:false
785 silly fetch manifest @esbuild/win32-ia32@0.27.7
786 silly packumentCache full:https://registry.npmjs.org/@esbuild%2fwin32-ia32 cache-miss
787 http fetch GET 200 https://registry.npmjs.org/@esbuild%2faix-ppc64 162ms (cache miss)
788 silly packumentCache full:https://registry.npmjs.org/@esbuild%2faix-ppc64 set size:undefined disposed:false
789 silly fetch manifest @esbuild/android-arm@0.27.7
790 silly packumentCache full:https://registry.npmjs.org/@esbuild%2fandroid-arm cache-miss
791 http fetch GET 200 https://registry.npmjs.org/d3-selection 177ms (cache miss)
792 silly packumentCache full:https://registry.npmjs.org/d3-selection set size:undefined disposed:false
793 silly fetch manifest @esbuild/android-x64@0.27.7
794 silly packumentCache full:https://registry.npmjs.org/@esbuild%2fandroid-x64 cache-miss
795 http fetch GET 200 https://registry.npmjs.org/d3-transition 174ms (cache miss)
796 silly packumentCache full:https://registry.npmjs.org/d3-transition set size:undefined disposed:false
797 silly fetch manifest @esbuild/freebsd-x64@0.27.7
798 silly packumentCache full:https://registry.npmjs.org/@esbuild%2ffreebsd-x64 cache-miss
799 http fetch GET 200 https://registry.npmjs.org/@esbuild%2fsunos-x64 96ms (cache miss)
800 silly packumentCache full:https://registry.npmjs.org/@esbuild%2fsunos-x64 set size:undefined disposed:false
801 silly fetch manifest @esbuild/linux-arm64@0.27.7
802 silly packumentCache full:https://registry.npmjs.org/@esbuild%2flinux-arm64 cache-miss
803 http fetch GET 200 https://registry.npmjs.org/@esbuild%2flinux-x64 103ms (cache miss)
804 silly packumentCache full:https://registry.npmjs.org/@esbuild%2flinux-x64 set size:undefined disposed:false
805 silly fetch manifest @esbuild/linux-ppc64@0.27.7
806 silly packumentCache full:https://registry.npmjs.org/@esbuild%2flinux-ppc64 cache-miss
807 http fetch GET 200 https://registry.npmjs.org/@esbuild%2fwin32-ia32 91ms (cache miss)
808 silly packumentCache full:https://registry.npmjs.org/@esbuild%2fwin32-ia32 set size:undefined disposed:false
809 silly fetch manifest @esbuild/linux-s390x@0.27.7
810 silly packumentCache full:https://registry.npmjs.org/@esbuild%2flinux-s390x cache-miss
811 http fetch GET 200 https://registry.npmjs.org/@esbuild%2fwin32-x64 102ms (cache miss)
812 silly packumentCache full:https://registry.npmjs.org/@esbuild%2fwin32-x64 set size:undefined disposed:false
813 silly fetch manifest @esbuild/openbsd-x64@0.27.7
814 silly packumentCache full:https://registry.npmjs.org/@esbuild%2fopenbsd-x64 cache-miss
815 http fetch GET 200 https://registry.npmjs.org/@esbuild%2flinux-ia32 99ms (cache miss)
816 silly packumentCache full:https://registry.npmjs.org/@esbuild%2flinux-ia32 set size:undefined disposed:false
817 silly fetch manifest @esbuild/win32-arm64@0.27.7
818 silly packumentCache full:https://registry.npmjs.org/@esbuild%2fwin32-arm64 cache-miss
819 http fetch GET 200 https://registry.npmjs.org/@esbuild%2fdarwin-x64 104ms (cache miss)
820 silly packumentCache full:https://registry.npmjs.org/@esbuild%2fdarwin-x64 set size:undefined disposed:false
821 silly fetch manifest @esbuild/darwin-arm64@0.27.7
822 silly packumentCache full:https://registry.npmjs.org/@esbuild%2fdarwin-arm64 cache-miss
823 http fetch GET 200 https://registry.npmjs.org/@esbuild%2fandroid-arm 98ms (cache miss)
824 silly packumentCache full:https://registry.npmjs.org/@esbuild%2fandroid-arm set size:undefined disposed:false
825 silly fetch manifest @esbuild/netbsd-arm64@0.27.7
826 silly packumentCache full:https://registry.npmjs.org/@esbuild%2fnetbsd-arm64 cache-miss
827 http fetch GET 200 https://registry.npmjs.org/@esbuild%2ffreebsd-x64 94ms (cache miss)
828 silly packumentCache full:https://registry.npmjs.org/@esbuild%2ffreebsd-x64 set size:undefined disposed:false
829 silly fetch manifest @esbuild/android-arm64@0.27.7
830 silly packumentCache full:https://registry.npmjs.org/@esbuild%2fandroid-arm64 cache-miss
831 http fetch GET 200 https://registry.npmjs.org/@esbuild%2flinux-arm 117ms (cache miss)
832 silly packumentCache full:https://registry.npmjs.org/@esbuild%2flinux-arm set size:undefined disposed:false
833 silly fetch manifest @esbuild/freebsd-arm64@0.27.7
834 silly packumentCache full:https://registry.npmjs.org/@esbuild%2ffreebsd-arm64 cache-miss
835 http fetch GET 200 https://registry.npmjs.org/@esbuild%2fandroid-x64 99ms (cache miss)
836 silly packumentCache full:https://registry.npmjs.org/@esbuild%2fandroid-x64 set size:undefined disposed:false
837 silly fetch manifest @esbuild/linux-loong64@0.27.7
838 silly packumentCache full:https://registry.npmjs.org/@esbuild%2flinux-loong64 cache-miss
839 http fetch GET 200 https://registry.npmjs.org/@esbuild%2fnetbsd-x64 106ms (cache miss)
840 silly packumentCache full:https://registry.npmjs.org/@esbuild%2fnetbsd-x64 set size:undefined disposed:false
841 silly fetch manifest @esbuild/linux-riscv64@0.27.7
842 silly packumentCache full:https://registry.npmjs.org/@esbuild%2flinux-riscv64 cache-miss
843 http fetch GET 200 https://registry.npmjs.org/@esbuild%2fnetbsd-arm64 84ms (cache miss)
844 silly packumentCache full:https://registry.npmjs.org/@esbuild%2fnetbsd-arm64 set size:undefined disposed:false
845 silly fetch manifest @esbuild/openbsd-arm64@0.27.7
846 silly packumentCache full:https://registry.npmjs.org/@esbuild%2fopenbsd-arm64 cache-miss
847 http fetch GET 200 https://registry.npmjs.org/@esbuild%2flinux-arm64 101ms (cache miss)
848 silly packumentCache full:https://registry.npmjs.org/@esbuild%2flinux-arm64 set size:undefined disposed:false
849 silly fetch manifest @esbuild/linux-mips64el@0.27.7
850 silly packumentCache full:https://registry.npmjs.org/@esbuild%2flinux-mips64el cache-miss
851 http fetch GET 200 https://registry.npmjs.org/@esbuild%2flinux-s390x 97ms (cache miss)
852 silly packumentCache full:https://registry.npmjs.org/@esbuild%2flinux-s390x set size:undefined disposed:false
853 silly fetch manifest @esbuild/openharmony-arm64@0.27.7
854 silly packumentCache full:https://registry.npmjs.org/@esbuild%2fopenharmony-arm64 cache-miss
855 http fetch GET 200 https://registry.npmjs.org/@esbuild%2fwin32-arm64 93ms (cache miss)
856 silly packumentCache full:https://registry.npmjs.org/@esbuild%2fwin32-arm64 set size:undefined disposed:false
857 silly fetch manifest resolve@^1.22.11
858 silly packumentCache full:https://registry.npmjs.org/resolve cache-miss
859 http fetch GET 200 https://registry.npmjs.org/@esbuild%2flinux-ppc64 100ms (cache miss)
860 silly packumentCache full:https://registry.npmjs.org/@esbuild%2flinux-ppc64 set size:undefined disposed:false
861 silly fetch manifest sass@^1.97.3
862 silly packumentCache full:https://registry.npmjs.org/sass cache-miss
863 http fetch GET 200 https://registry.npmjs.org/@esbuild%2fandroid-arm64 90ms (cache miss)
864 silly packumentCache full:https://registry.npmjs.org/@esbuild%2fandroid-arm64 set size:undefined disposed:false
865 silly fetch manifest @bufbuild/protobuf@^2.5.0
866 silly packumentCache full:https://registry.npmjs.org/@bufbuild%2fprotobuf cache-miss
867 http fetch GET 200 https://registry.npmjs.org/@esbuild%2fopenbsd-x64 99ms (cache miss)
868 silly packumentCache full:https://registry.npmjs.org/@esbuild%2fopenbsd-x64 set size:undefined disposed:false
869 silly fetch manifest colorjs.io@^0.5.0
870 silly packumentCache full:https://registry.npmjs.org/colorjs.io cache-miss
871 http fetch GET 200 https://registry.npmjs.org/@esbuild%2fdarwin-arm64 96ms (cache miss)
872 silly packumentCache full:https://registry.npmjs.org/@esbuild%2fdarwin-arm64 set size:undefined disposed:false
873 silly fetch manifest immutable@^5.1.5
874 silly packumentCache full:https://registry.npmjs.org/immutable cache-miss
875 http fetch GET 200 https://registry.npmjs.org/@esbuild%2ffreebsd-arm64 94ms (cache miss)
876 silly packumentCache full:https://registry.npmjs.org/@esbuild%2ffreebsd-arm64 set size:undefined disposed:false
877 silly fetch manifest rxjs@^7.4.0
878 silly packumentCache full:https://registry.npmjs.org/rxjs cache-miss
879 http fetch GET 200 https://registry.npmjs.org/@esbuild%2flinux-loong64 94ms (cache miss)
880 silly packumentCache full:https://registry.npmjs.org/@esbuild%2flinux-loong64 set size:undefined disposed:false
881 silly fetch manifest supports-color@^8.1.1
882 silly packumentCache full:https://registry.npmjs.org/supports-color cache-miss
883 http fetch GET 200 https://registry.npmjs.org/@esbuild%2flinux-riscv64 183ms (cache miss)
884 silly packumentCache full:https://registry.npmjs.org/@esbuild%2flinux-riscv64 set size:undefined disposed:false
885 silly fetch manifest sync-child-process@^1.0.2
886 silly packumentCache full:https://registry.npmjs.org/sync-child-process cache-miss
887 http fetch GET 200 https://registry.npmjs.org/resolve 100ms (cache miss)
888 silly packumentCache full:https://registry.npmjs.org/resolve set size:undefined disposed:false
889 silly fetch manifest varint@^6.0.0
890 silly packumentCache full:https://registry.npmjs.org/varint cache-miss
891 http fetch GET 200 https://registry.npmjs.org/@esbuild%2fopenharmony-arm64 107ms (cache miss)
892 silly packumentCache full:https://registry.npmjs.org/@esbuild%2fopenharmony-arm64 set size:undefined disposed:false
893 silly fetch manifest sass-embedded-all-unknown@1.99.0
894 silly packumentCache full:https://registry.npmjs.org/sass-embedded-all-unknown cache-miss
895 http fetch GET 200 https://registry.npmjs.org/@esbuild%2fopenbsd-arm64 114ms (cache miss)
896 silly packumentCache full:https://registry.npmjs.org/@esbuild%2fopenbsd-arm64 set size:undefined disposed:false
897 silly fetch manifest sass-embedded-android-arm@1.99.0
898 silly packumentCache full:https://registry.npmjs.org/sass-embedded-android-arm cache-miss
899 http fetch GET 200 https://registry.npmjs.org/@esbuild%2flinux-mips64el 112ms (cache miss)
900 silly packumentCache full:https://registry.npmjs.org/@esbuild%2flinux-mips64el set size:undefined disposed:false
901 silly fetch manifest sass-embedded-android-arm64@1.99.0
902 silly packumentCache full:https://registry.npmjs.org/sass-embedded-android-arm64 cache-miss
903 http fetch GET 200 https://registry.npmjs.org/sass 189ms (cache miss)
904 silly packumentCache full:https://registry.npmjs.org/sass set size:undefined disposed:false
905 silly fetch manifest sass-embedded-android-riscv64@1.99.0
906 silly packumentCache full:https://registry.npmjs.org/sass-embedded-android-riscv64 cache-miss
907 http fetch GET 200 https://registry.npmjs.org/varint 91ms (cache miss)
908 silly packumentCache full:https://registry.npmjs.org/varint set size:undefined disposed:false
909 silly fetch manifest sass-embedded-android-x64@1.99.0
910 silly packumentCache full:https://registry.npmjs.org/sass-embedded-android-x64 cache-miss
911 http fetch GET 200 https://registry.npmjs.org/sync-child-process 96ms (cache miss)
912 silly packumentCache full:https://registry.npmjs.org/sync-child-process set size:undefined disposed:false
913 silly fetch manifest sass-embedded-darwin-arm64@1.99.0
914 silly packumentCache full:https://registry.npmjs.org/sass-embedded-darwin-arm64 cache-miss
915 http fetch GET 200 https://registry.npmjs.org/sass-embedded-all-unknown 87ms (cache miss)
916 silly packumentCache full:https://registry.npmjs.org/sass-embedded-all-unknown set size:undefined disposed:false
917 silly fetch manifest sass-embedded-darwin-x64@1.99.0
918 silly packumentCache full:https://registry.npmjs.org/sass-embedded-darwin-x64 cache-miss
919 http fetch GET 200 https://registry.npmjs.org/supports-color 187ms (cache miss)
920 silly packumentCache full:https://registry.npmjs.org/supports-color set size:undefined disposed:false
921 silly fetch manifest sass-embedded-linux-arm@1.99.0
922 silly packumentCache full:https://registry.npmjs.org/sass-embedded-linux-arm cache-miss
923 http fetch GET 200 https://registry.npmjs.org/sass-embedded-android-arm 89ms (cache miss)
924 silly packumentCache full:https://registry.npmjs.org/sass-embedded-android-arm set size:undefined disposed:false
925 silly fetch manifest sass-embedded-linux-arm64@1.99.0
926 silly packumentCache full:https://registry.npmjs.org/sass-embedded-linux-arm64 cache-miss
927 http fetch GET 200 https://registry.npmjs.org/rxjs 194ms (cache miss)
928 silly packumentCache full:https://registry.npmjs.org/rxjs set size:undefined disposed:false
929 silly fetch manifest sass-embedded-linux-musl-arm@1.99.0
930 silly packumentCache full:https://registry.npmjs.org/sass-embedded-linux-musl-arm cache-miss
931 http fetch GET 200 https://registry.npmjs.org/colorjs.io 203ms (cache miss)
932 silly packumentCache full:https://registry.npmjs.org/colorjs.io set size:undefined disposed:false
933 silly fetch manifest sass-embedded-linux-musl-arm64@1.99.0
934 silly packumentCache full:https://registry.npmjs.org/sass-embedded-linux-musl-arm64 cache-miss
935 http fetch GET 200 https://registry.npmjs.org/sass-embedded-darwin-arm64 99ms (cache miss)
936 silly packumentCache full:https://registry.npmjs.org/sass-embedded-darwin-arm64 set size:undefined disposed:false
937 silly fetch manifest sass-embedded-linux-musl-riscv64@1.99.0
938 silly packumentCache full:https://registry.npmjs.org/sass-embedded-linux-musl-riscv64 cache-miss
939 http fetch GET 200 https://registry.npmjs.org/sass-embedded-linux-arm 98ms (cache miss)
940 silly packumentCache full:https://registry.npmjs.org/sass-embedded-linux-arm set size:undefined disposed:false
941 silly fetch manifest sass-embedded-linux-musl-x64@1.99.0
942 silly packumentCache full:https://registry.npmjs.org/sass-embedded-linux-musl-x64 cache-miss
943 http fetch GET 200 https://registry.npmjs.org/@bufbuild%2fprotobuf 294ms (cache miss)
944 silly packumentCache full:https://registry.npmjs.org/@bufbuild%2fprotobuf set size:undefined disposed:false
945 silly fetch manifest sass-embedded-linux-riscv64@1.99.0
946 silly packumentCache full:https://registry.npmjs.org/sass-embedded-linux-riscv64 cache-miss
947 http fetch GET 200 https://registry.npmjs.org/immutable 294ms (cache miss)
948 silly packumentCache full:https://registry.npmjs.org/immutable set size:undefined disposed:false
949 silly fetch manifest sass-embedded-linux-x64@1.99.0
950 silly packumentCache full:https://registry.npmjs.org/sass-embedded-linux-x64 cache-miss
951 http fetch GET 200 https://registry.npmjs.org/sass-embedded-android-arm64 200ms (cache miss)
952 silly packumentCache full:https://registry.npmjs.org/sass-embedded-android-arm64 set size:undefined disposed:false
953 silly fetch manifest sass-embedded-unknown-all@1.99.0
954 silly packumentCache full:https://registry.npmjs.org/sass-embedded-unknown-all cache-miss
955 http fetch GET 200 https://registry.npmjs.org/sass-embedded-linux-musl-arm64 111ms (cache miss)
956 silly packumentCache full:https://registry.npmjs.org/sass-embedded-linux-musl-arm64 set size:undefined disposed:false
957 silly fetch manifest sass-embedded-win32-arm64@1.99.0
958 silly packumentCache full:https://registry.npmjs.org/sass-embedded-win32-arm64 cache-miss
959 http fetch GET 200 https://registry.npmjs.org/sass-embedded-linux-riscv64 91ms (cache miss)
960 silly packumentCache full:https://registry.npmjs.org/sass-embedded-linux-riscv64 set size:undefined disposed:false
961 silly fetch manifest sass-embedded-win32-x64@1.99.0
962 silly packumentCache full:https://registry.npmjs.org/sass-embedded-win32-x64 cache-miss
963 http fetch GET 200 https://registry.npmjs.org/sass-embedded-linux-musl-arm 185ms (cache miss)
964 silly packumentCache full:https://registry.npmjs.org/sass-embedded-linux-musl-arm set size:undefined disposed:false
965 silly fetch manifest @sindresorhus/merge-streams@^4.0.0
966 silly packumentCache full:https://registry.npmjs.org/@sindresorhus%2fmerge-streams cache-miss
967 http fetch GET 200 https://registry.npmjs.org/sass-embedded-unknown-all 82ms (cache miss)
968 silly packumentCache full:https://registry.npmjs.org/sass-embedded-unknown-all set size:undefined disposed:false
969 silly fetch manifest fast-glob@^3.3.3
970 silly packumentCache full:https://registry.npmjs.org/fast-glob cache-miss
971 http fetch GET 200 https://registry.npmjs.org/sass-embedded-linux-x64 94ms (cache miss)
972 silly packumentCache full:https://registry.npmjs.org/sass-embedded-linux-x64 set size:undefined disposed:false
973 silly fetch manifest ignore@^7.0.5
974 silly packumentCache full:https://registry.npmjs.org/ignore cache-miss
975 http fetch GET 200 https://registry.npmjs.org/sass-embedded-android-x64 204ms (cache miss)
976 silly packumentCache full:https://registry.npmjs.org/sass-embedded-android-x64 set size:undefined disposed:false
977 silly fetch manifest is-path-inside@^4.0.0
978 silly packumentCache full:https://registry.npmjs.org/is-path-inside cache-miss
979 http fetch GET 200 https://registry.npmjs.org/sass-embedded-darwin-x64 203ms (cache miss)
980 silly packumentCache full:https://registry.npmjs.org/sass-embedded-darwin-x64 set size:undefined disposed:false
981 silly fetch manifest slash@^5.1.0
982 silly packumentCache full:https://registry.npmjs.org/slash cache-miss
983 http fetch GET 200 https://registry.npmjs.org/sass-embedded-android-riscv64 208ms (cache miss)
984 silly packumentCache full:https://registry.npmjs.org/sass-embedded-android-riscv64 set size:undefined disposed:false
985 silly fetch manifest unicorn-magic@^0.4.0
986 silly packumentCache full:https://registry.npmjs.org/unicorn-magic cache-miss
987 http fetch GET 200 https://registry.npmjs.org/sass-embedded-linux-arm64 205ms (cache miss)
988 silly packumentCache full:https://registry.npmjs.org/sass-embedded-linux-arm64 set size:undefined disposed:false
989 silly fetch manifest js-yaml@^3.13.1
990 silly packumentCache full:https://registry.npmjs.org/js-yaml cache-miss
991 http cache https://registry.npmjs.org/js-yaml 1ms (cache hit)
992 silly packumentCache full:https://registry.npmjs.org/js-yaml set size:152232 disposed:false
993 silly fetch manifest kind-of@^6.0.2
994 silly packumentCache full:https://registry.npmjs.org/kind-of cache-miss
995 http fetch GET 200 https://registry.npmjs.org/slash 109ms (cache miss)
996 silly packumentCache full:https://registry.npmjs.org/slash set size:undefined disposed:false
997 silly fetch manifest section-matter@^1.0.0
998 silly packumentCache full:https://registry.npmjs.org/section-matter cache-miss
999 http fetch GET 200 https://registry.npmjs.org/is-path-inside 111ms (cache miss)
1000 silly packumentCache full:https://registry.npmjs.org/is-path-inside set size:undefined disposed:false
1001 silly fetch manifest strip-bom-string@^1.0.0
1002 silly packumentCache full:https://registry.npmjs.org/strip-bom-string cache-miss
1003 http fetch GET 200 https://registry.npmjs.org/unicorn-magic 107ms (cache miss)
1004 silly packumentCache full:https://registry.npmjs.org/unicorn-magic set size:undefined disposed:false
1005 silly fetch manifest @types/unist@^3.0.0
1006 silly packumentCache full:https://registry.npmjs.org/@types%2funist cache-miss
1007 http fetch GET 200 https://registry.npmjs.org/fast-glob 242ms (cache miss)
1008 silly packumentCache full:https://registry.npmjs.org/fast-glob set size:undefined disposed:false
1009 silly fetch manifest ccount@^2.0.0
1010 silly packumentCache full:https://registry.npmjs.org/ccount cache-miss
1011 http fetch GET 200 https://registry.npmjs.org/@sindresorhus%2fmerge-streams 601ms (cache miss)
1012 silly packumentCache full:https://registry.npmjs.org/@sindresorhus%2fmerge-streams set size:undefined disposed:false
1013 silly fetch manifest comma-separated-tokens@^2.0.0
1014 silly packumentCache full:https://registry.npmjs.org/comma-separated-tokens cache-miss
1015 http cache https://registry.npmjs.org/@types%2funist 482ms (cache hit)
1016 silly packumentCache full:https://registry.npmjs.org/@types%2funist set size:39215 disposed:false
1017 silly fetch manifest hast-util-whitespace@^3.0.0
1018 silly packumentCache full:https://registry.npmjs.org/hast-util-whitespace cache-miss
1019 http fetch GET 200 https://registry.npmjs.org/kind-of 919ms (cache miss)
1020 silly packumentCache full:https://registry.npmjs.org/kind-of set size:undefined disposed:false
1021 silly fetch manifest html-void-elements@^3.0.0
1022 silly packumentCache full:https://registry.npmjs.org/html-void-elements cache-miss
1023 http fetch GET 200 https://registry.npmjs.org/sass-embedded-linux-musl-x64 1031ms (cache miss)
1024 silly packumentCache full:https://registry.npmjs.org/sass-embedded-linux-musl-x64 set size:undefined disposed:false
1025 silly fetch manifest mdast-util-to-hast@^13.0.0
1026 silly packumentCache full:https://registry.npmjs.org/mdast-util-to-hast cache-miss
1027 http fetch GET 200 https://registry.npmjs.org/strip-bom-string 914ms (cache miss)
1028 silly packumentCache full:https://registry.npmjs.org/strip-bom-string set size:undefined disposed:false
1029 silly fetch manifest property-information@^7.0.0
1030 silly packumentCache full:https://registry.npmjs.org/property-information cache-miss
1031 http fetch GET 200 https://registry.npmjs.org/ignore 1031ms (cache miss)
1032 silly packumentCache full:https://registry.npmjs.org/ignore set size:undefined disposed:false
1033 silly fetch manifest space-separated-tokens@^2.0.0
1034 silly packumentCache full:https://registry.npmjs.org/space-separated-tokens cache-miss
1035 http fetch GET 200 https://registry.npmjs.org/section-matter 918ms (cache miss)
1036 silly packumentCache full:https://registry.npmjs.org/section-matter set size:undefined disposed:false
1037 silly fetch manifest stringify-entities@^4.0.0
1038 silly packumentCache full:https://registry.npmjs.org/stringify-entities cache-miss
1039 http fetch GET 200 https://registry.npmjs.org/sass-embedded-linux-musl-riscv64 1233ms (cache miss)
1040 silly packumentCache full:https://registry.npmjs.org/sass-embedded-linux-musl-riscv64 set size:undefined disposed:false
1041 silly fetch manifest zwitch@^2.0.4
1042 silly packumentCache full:https://registry.npmjs.org/zwitch cache-miss
1043 http fetch GET 200 https://registry.npmjs.org/sass-embedded-win32-arm64 1208ms (cache miss)
1044 silly packumentCache full:https://registry.npmjs.org/sass-embedded-win32-arm64 set size:undefined disposed:false
1045 silly fetch manifest @types/estree@^1.0.0
1046 silly packumentCache full:https://registry.npmjs.org/@types%2festree cache-miss
1047 http fetch GET 200 https://registry.npmjs.org/ccount 892ms (cache miss)
1048 silly packumentCache full:https://registry.npmjs.org/ccount set size:undefined disposed:false
1049 silly fetch manifest comma-separated-tokens@^2.0.0
1050 silly packumentCache full:https://registry.npmjs.org/comma-separated-tokens cache-miss
1051 http fetch GET 200 https://registry.npmjs.org/sass-embedded-win32-x64 1508ms (cache miss)
1052 silly packumentCache full:https://registry.npmjs.org/sass-embedded-win32-x64 set size:undefined disposed:false
1053 silly fetch manifest devlop@^1.0.0
1054 silly packumentCache full:https://registry.npmjs.org/devlop cache-miss
1055 http fetch GET 200 https://registry.npmjs.org/comma-separated-tokens 1121ms (cache miss)
1056 silly packumentCache full:https://registry.npmjs.org/comma-separated-tokens set size:undefined disposed:false
1057 silly fetch manifest estree-util-is-identifier-name@^3.0.0
1058 silly packumentCache full:https://registry.npmjs.org/estree-util-is-identifier-name cache-miss
1059 http cache https://registry.npmjs.org/mdast-util-to-hast 889ms (cache hit)
1060 silly packumentCache full:https://registry.npmjs.org/mdast-util-to-hast set size:257722 disposed:false
1061 silly fetch manifest hast-util-whitespace@^3.0.0
1062 silly packumentCache full:https://registry.npmjs.org/hast-util-whitespace cache-miss
1063 http fetch GET 200 https://registry.npmjs.org/html-void-elements 892ms (cache miss)
1064 silly packumentCache full:https://registry.npmjs.org/html-void-elements set size:undefined disposed:false
1065 silly fetch manifest mdast-util-mdx-expression@^2.0.0
1066 silly packumentCache full:https://registry.npmjs.org/mdast-util-mdx-expression cache-miss
1067 http fetch GET 200 https://registry.npmjs.org/hast-util-whitespace 1435ms (cache miss)
1068 silly packumentCache full:https://registry.npmjs.org/hast-util-whitespace set size:undefined disposed:false
1069 silly fetch manifest mdast-util-mdx-jsx@^3.0.0
1070 silly packumentCache full:https://registry.npmjs.org/mdast-util-mdx-jsx cache-miss
1071 http fetch GET 200 https://registry.npmjs.org/space-separated-tokens 1542ms (cache miss)
1072 silly packumentCache full:https://registry.npmjs.org/space-separated-tokens set size:undefined disposed:false
1073 silly fetch manifest mdast-util-mdxjs-esm@^2.0.0
1074 silly packumentCache full:https://registry.npmjs.org/mdast-util-mdxjs-esm cache-miss
1075 http fetch GET 200 https://registry.npmjs.org/stringify-entities 1542ms (cache miss)
1076 silly packumentCache full:https://registry.npmjs.org/stringify-entities set size:undefined disposed:false
1077 silly fetch manifest property-information@^7.0.0
1078 silly packumentCache full:https://registry.npmjs.org/property-information cache-miss
1079 http fetch GET 200 https://registry.npmjs.org/zwitch 1443ms (cache miss)
1080 silly packumentCache full:https://registry.npmjs.org/zwitch set size:undefined disposed:false
1081 silly fetch manifest style-to-js@^1.0.0
1082 silly packumentCache full:https://registry.npmjs.org/style-to-js cache-miss
1083 http fetch GET 200 https://registry.npmjs.org/comma-separated-tokens 1443ms (cache miss)
1084 silly packumentCache full:https://registry.npmjs.org/comma-separated-tokens set size:undefined disposed:false
1085 silly fetch manifest unist-util-position@^5.0.0
1086 silly packumentCache full:https://registry.npmjs.org/unist-util-position cache-miss
1087 http fetch GET 200 https://registry.npmjs.org/@types%2festree 1445ms (cache miss)
1088 silly packumentCache full:https://registry.npmjs.org/@types%2festree set size:undefined disposed:false
1089 silly fetch manifest vfile-message@^4.0.0
1090 silly packumentCache full:https://registry.npmjs.org/vfile-message cache-miss
1091 http fetch GET 200 https://registry.npmjs.org/devlop 1075ms (cache miss)
1092 silly packumentCache full:https://registry.npmjs.org/devlop set size:undefined disposed:false
1093 silly fetch manifest argparse@^2.0.1
1094 silly packumentCache full:https://registry.npmjs.org/argparse cache-miss
1095 http fetch GET 200 https://registry.npmjs.org/property-information 1550ms (cache miss)
1096 silly packumentCache full:https://registry.npmjs.org/property-information set size:undefined disposed:false
1097 silly fetch manifest detect-libc@^2.0.3
1098 silly packumentCache full:https://registry.npmjs.org/detect-libc cache-miss
1099 http fetch GET 200 https://registry.npmjs.org/estree-util-is-identifier-name 864ms (cache miss)
1100 silly packumentCache full:https://registry.npmjs.org/estree-util-is-identifier-name set size:undefined disposed:false
1101 silly fetch manifest lightningcss-darwin-x64@1.32.0
1102 silly packumentCache full:https://registry.npmjs.org/lightningcss-darwin-x64 cache-miss
1103 http fetch GET 200 https://registry.npmjs.org/mdast-util-mdx-expression 759ms (cache miss)
1104 silly packumentCache full:https://registry.npmjs.org/mdast-util-mdx-expression set size:undefined disposed:false
1105 silly fetch manifest lightningcss-linux-x64-gnu@1.32.0
1106 silly packumentCache full:https://registry.npmjs.org/lightningcss-linux-x64-gnu cache-miss
1107 http cache https://registry.npmjs.org/hast-util-whitespace 760ms (cache hit)
1108 silly packumentCache full:https://registry.npmjs.org/hast-util-whitespace set size:35245 disposed:false
1109 silly fetch manifest lightningcss-win32-x64-msvc@1.32.0
1110 silly packumentCache full:https://registry.npmjs.org/lightningcss-win32-x64-msvc cache-miss
1111 http fetch GET 200 https://registry.npmjs.org/mdast-util-mdx-jsx 551ms (cache miss)
1112 silly packumentCache full:https://registry.npmjs.org/mdast-util-mdx-jsx set size:undefined disposed:false
1113 silly fetch manifest lightningcss-win32-arm64-msvc@1.32.0
1114 silly packumentCache full:https://registry.npmjs.org/lightningcss-win32-arm64-msvc cache-miss
1115 http fetch GET 200 https://registry.npmjs.org/lightningcss-win32-arm64-msvc 47ms (cache miss)
1116 silly packumentCache full:https://registry.npmjs.org/lightningcss-win32-arm64-msvc set size:undefined disposed:false
1117 silly fetch manifest lightningcss-darwin-arm64@1.32.0
1118 silly packumentCache full:https://registry.npmjs.org/lightningcss-darwin-arm64 cache-miss
1119 http fetch GET 200 https://registry.npmjs.org/lightningcss-darwin-x64 53ms (cache miss)
1120 silly packumentCache full:https://registry.npmjs.org/lightningcss-darwin-x64 set size:undefined disposed:false
1121 silly fetch manifest lightningcss-linux-arm64-gnu@1.32.0
1122 silly packumentCache full:https://registry.npmjs.org/lightningcss-linux-arm64-gnu cache-miss
1123 http fetch GET 200 https://registry.npmjs.org/detect-libc 56ms (cache miss)
1124 silly packumentCache full:https://registry.npmjs.org/detect-libc set size:undefined disposed:false
1125 silly fetch manifest lightningcss-linux-arm-gnueabihf@1.32.0
1126 silly packumentCache full:https://registry.npmjs.org/lightningcss-linux-arm-gnueabihf cache-miss
1127 http fetch GET 200 https://registry.npmjs.org/vfile-message 59ms (cache miss)
1128 silly packumentCache full:https://registry.npmjs.org/vfile-message set size:undefined disposed:false
1129 silly fetch manifest lightningcss-linux-arm64-musl@1.32.0
1130 silly packumentCache full:https://registry.npmjs.org/lightningcss-linux-arm64-musl cache-miss
1131 http fetch GET 200 https://registry.npmjs.org/style-to-js 61ms (cache miss)
1132 silly packumentCache full:https://registry.npmjs.org/style-to-js set size:undefined disposed:false
1133 silly fetch manifest lightningcss-linux-x64-musl@1.32.0
1134 silly packumentCache full:https://registry.npmjs.org/lightningcss-linux-x64-musl cache-miss
1135 http fetch GET 200 https://registry.npmjs.org/lightningcss-linux-x64-gnu 57ms (cache miss)
1136 silly packumentCache full:https://registry.npmjs.org/lightningcss-linux-x64-gnu set size:undefined disposed:false
1137 silly fetch manifest lightningcss-freebsd-x64@1.32.0
1138 silly packumentCache full:https://registry.npmjs.org/lightningcss-freebsd-x64 cache-miss
1139 http fetch GET 200 https://registry.npmjs.org/property-information 78ms (cache miss)
1140 silly packumentCache full:https://registry.npmjs.org/property-information set size:undefined disposed:false
1141 silly fetch manifest lightningcss-android-arm64@1.32.0
1142 silly packumentCache full:https://registry.npmjs.org/lightningcss-android-arm64 cache-miss
1143 http fetch GET 200 https://registry.npmjs.org/unist-util-position 78ms (cache miss)
1144 silly packumentCache full:https://registry.npmjs.org/unist-util-position set size:undefined disposed:false
1145 silly fetch manifest @types/mdast@^4.0.0
1146 silly packumentCache full:https://registry.npmjs.org/@types%2fmdast cache-miss
1147 http fetch GET 200 https://registry.npmjs.org/lightningcss-win32-x64-msvc 73ms (cache miss)
1148 silly packumentCache full:https://registry.npmjs.org/lightningcss-win32-x64-msvc set size:undefined disposed:false
1149 silly fetch manifest escape-string-regexp@^5.0.0
1150 silly packumentCache full:https://registry.npmjs.org/escape-string-regexp cache-miss
1151 http fetch GET 200 https://registry.npmjs.org/argparse 111ms (cache miss)
1152 silly packumentCache full:https://registry.npmjs.org/argparse set size:undefined disposed:false
1153 silly fetch manifest unist-util-is@^6.0.0
1154 silly packumentCache full:https://registry.npmjs.org/unist-util-is cache-miss
1155 http fetch GET 200 https://registry.npmjs.org/lightningcss-darwin-arm64 63ms (cache miss)
1156 silly packumentCache full:https://registry.npmjs.org/lightningcss-darwin-arm64 set size:undefined disposed:false
1157 silly fetch manifest @types/mdast@^4.0.0
1158 silly packumentCache full:https://registry.npmjs.org/@types%2fmdast cache-miss
1159 http fetch GET 200 https://registry.npmjs.org/lightningcss-linux-arm64-gnu 61ms (cache miss)
1160 silly packumentCache full:https://registry.npmjs.org/lightningcss-linux-arm64-gnu set size:undefined disposed:false
1161 silly fetch manifest @ungap/structured-clone@^1.0.0
1162 silly packumentCache full:https://registry.npmjs.org/@ungap%2fstructured-clone cache-miss
1163 http fetch GET 200 https://registry.npmjs.org/lightningcss-freebsd-x64 56ms (cache miss)
1164 silly packumentCache full:https://registry.npmjs.org/lightningcss-freebsd-x64 set size:undefined disposed:false
1165 silly fetch manifest micromark-util-sanitize-uri@^2.0.0
1166 silly packumentCache full:https://registry.npmjs.org/micromark-util-sanitize-uri cache-miss
1167 http fetch GET 200 https://registry.npmjs.org/lightningcss-linux-arm64-musl 59ms (cache miss)
1168 silly packumentCache full:https://registry.npmjs.org/lightningcss-linux-arm64-musl set size:undefined disposed:false
1169 silly fetch manifest trim-lines@^3.0.0
1170 silly packumentCache full:https://registry.npmjs.org/trim-lines cache-miss
1171 http fetch GET 200 https://registry.npmjs.org/lightningcss-linux-arm-gnueabihf 61ms (cache miss)
1172 silly packumentCache full:https://registry.npmjs.org/lightningcss-linux-arm-gnueabihf set size:undefined disposed:false
1173 silly fetch manifest unist-util-visit@^5.0.0
1174 silly packumentCache full:https://registry.npmjs.org/unist-util-visit cache-miss
1175 http fetch GET 200 https://registry.npmjs.org/lightningcss-linux-x64-musl 60ms (cache miss)
1176 silly packumentCache full:https://registry.npmjs.org/lightningcss-linux-x64-musl set size:undefined disposed:false
1177 silly fetch manifest @types/mdast@^4.0.0
1178 silly packumentCache full:https://registry.npmjs.org/@types%2fmdast cache-miss
1179 http cache https://registry.npmjs.org/unist-util-visit 3ms (cache hit)
1180 silly packumentCache full:https://registry.npmjs.org/unist-util-visit set size:90557 disposed:false
1181 silly fetch manifest brace-expansion@^5.0.5
1182 silly packumentCache full:https://registry.npmjs.org/brace-expansion cache-miss
1183 http fetch GET 200 https://registry.npmjs.org/escape-string-regexp 242ms (cache miss)
1184 silly packumentCache full:https://registry.npmjs.org/escape-string-regexp set size:undefined disposed:false
1185 silly fetch manifest earcut@^3.0.2
1186 silly packumentCache full:https://registry.npmjs.org/earcut cache-miss
1187 http fetch GET 200 https://registry.npmjs.org/lightningcss-android-arm64 246ms (cache miss)
1188 silly packumentCache full:https://registry.npmjs.org/lightningcss-android-arm64 set size:undefined disposed:false
1189 silly fetch manifest tiny-lru@^11.4.7
1190 silly packumentCache full:https://registry.npmjs.org/tiny-lru cache-miss
1191 http fetch GET 200 https://registry.npmjs.org/@ungap%2fstructured-clone 204ms (cache miss)
1192 silly packumentCache full:https://registry.npmjs.org/@ungap%2fstructured-clone set size:undefined disposed:false
1193 silly fetch manifest gifuct-js@^2.1.2
1194 silly packumentCache full:https://registry.npmjs.org/gifuct-js cache-miss
1195 http fetch GET 200 https://registry.npmjs.org/trim-lines 203ms (cache miss)
1196 silly packumentCache full:https://registry.npmjs.org/trim-lines set size:undefined disposed:false
1197 silly fetch manifest ismobilejs@^1.1.1
1198 silly packumentCache full:https://registry.npmjs.org/ismobilejs cache-miss
1199 http fetch GET 200 https://registry.npmjs.org/micromark-util-sanitize-uri 205ms (cache miss)
1200 silly packumentCache full:https://registry.npmjs.org/micromark-util-sanitize-uri set size:undefined disposed:false
1201 silly fetch manifest @pixi/colord@^2.9.6
1202 silly packumentCache full:https://registry.npmjs.org/@pixi%2fcolord cache-miss
1203 http fetch GET 200 https://registry.npmjs.org/@types%2fmdast 206ms (cache miss)
1204 silly packumentCache full:https://registry.npmjs.org/@types%2fmdast set size:undefined disposed:false
1205 silly fetch manifest @types/earcut@^3.0.0
1206 silly packumentCache full:https://registry.npmjs.org/@types%2fearcut cache-miss
1207 http fetch GET 200 https://registry.npmjs.org/mdast-util-mdxjs-esm 328ms (cache miss)
1208 silly packumentCache full:https://registry.npmjs.org/mdast-util-mdxjs-esm set size:undefined disposed:false
1209 silly fetch manifest @webgpu/types@^0.1.69
1210 silly packumentCache full:https://registry.npmjs.org/@webgpu%2ftypes cache-miss
1211 http fetch GET 200 https://registry.npmjs.org/brace-expansion 203ms (cache miss)
1212 silly packumentCache full:https://registry.npmjs.org/brace-expansion set size:undefined disposed:false
1213 silly fetch manifest eventemitter3@^5.0.1
1214 silly packumentCache full:https://registry.npmjs.org/eventemitter3 cache-miss
1215 http fetch GET 200 https://registry.npmjs.org/unist-util-is 213ms (cache miss)
1216 silly packumentCache full:https://registry.npmjs.org/unist-util-is set size:undefined disposed:false
1217 silly fetch manifest @xmldom/xmldom@^0.8.12
1218 silly packumentCache full:https://registry.npmjs.org/@xmldom%2fxmldom cache-miss
1219 http fetch GET 200 https://registry.npmjs.org/@types%2fmdast 270ms (cache miss)
1220 silly packumentCache full:https://registry.npmjs.org/@types%2fmdast set size:undefined disposed:false
1221 silly fetch manifest parse-svg-path@^0.1.2
1222 silly packumentCache full:https://registry.npmjs.org/parse-svg-path cache-miss
1223 http fetch GET 200 https://registry.npmjs.org/@types%2fmdast 226ms (cache miss)
1224 silly packumentCache full:https://registry.npmjs.org/@types%2fmdast set size:undefined disposed:false
1225 silly fetch manifest hast-util-heading-rank@^3.0.0
1226 silly packumentCache full:https://registry.npmjs.org/hast-util-heading-rank cache-miss
1227 http fetch GET 200 https://registry.npmjs.org/tiny-lru 100ms (cache miss)
1228 silly packumentCache full:https://registry.npmjs.org/tiny-lru set size:undefined disposed:false
1229 silly fetch manifest hast-util-is-element@^3.0.0
1230 silly packumentCache full:https://registry.npmjs.org/hast-util-is-element cache-miss
1231 http fetch GET 200 https://registry.npmjs.org/eventemitter3 99ms (cache miss)
1232 silly packumentCache full:https://registry.npmjs.org/eventemitter3 set size:undefined disposed:false
1233 silly fetch manifest unified@^11.0.0
1234 silly packumentCache full:https://registry.npmjs.org/unified cache-miss
1235 http fetch GET 200 https://registry.npmjs.org/@xmldom%2fxmldom 99ms (cache miss)
1236 silly packumentCache full:https://registry.npmjs.org/@xmldom%2fxmldom set size:undefined disposed:false
1237 silly fetch manifest @citation-js/core@^0.7.21
1238 silly packumentCache full:https://registry.npmjs.org/@citation-js%2fcore cache-miss
1239 http fetch GET 200 https://registry.npmjs.org/@webgpu%2ftypes 103ms (cache miss)
1240 silly packumentCache full:https://registry.npmjs.org/@webgpu%2ftypes set size:undefined disposed:false
1241 silly fetch manifest @citation-js/date@^0.5.1
1242 silly packumentCache full:https://registry.npmjs.org/@citation-js%2fdate cache-miss
1243 http cache https://registry.npmjs.org/unified 4ms (cache hit)
1244 silly packumentCache full:https://registry.npmjs.org/unified set size:321787 disposed:false
1245 silly fetch manifest @citation-js/name@^0.4.2
1246 silly packumentCache full:https://registry.npmjs.org/@citation-js%2fname cache-miss
1247 http fetch GET 200 https://registry.npmjs.org/hast-util-heading-rank 120ms (cache miss)
1248 silly packumentCache full:https://registry.npmjs.org/hast-util-heading-rank set size:undefined disposed:false
1249 silly fetch manifest @citation-js/plugin-bibjson@^0.7.21
1250 silly packumentCache full:https://registry.npmjs.org/@citation-js%2fplugin-bibjson cache-miss
1251 http fetch GET 200 https://registry.npmjs.org/hast-util-is-element 46ms (cache miss)
1252 silly packumentCache full:https://registry.npmjs.org/hast-util-is-element set size:undefined disposed:false
1253 silly fetch manifest @citation-js/plugin-bibtex@^0.7.21
1254 silly packumentCache full:https://registry.npmjs.org/@citation-js%2fplugin-bibtex cache-miss
1255 http fetch GET 200 https://registry.npmjs.org/gifuct-js 200ms (cache miss)
1256 silly packumentCache full:https://registry.npmjs.org/gifuct-js set size:undefined disposed:false
1257 silly fetch manifest @citation-js/plugin-csl@^0.7.22
1258 silly packumentCache full:https://registry.npmjs.org/@citation-js%2fplugin-csl cache-miss
1259 http fetch GET 200 https://registry.npmjs.org/ismobilejs 208ms (cache miss)
1260 silly packumentCache full:https://registry.npmjs.org/ismobilejs set size:undefined disposed:false
1261 silly fetch manifest citeproc@^2.4.63
1262 silly packumentCache full:https://registry.npmjs.org/citeproc cache-miss
1263 http fetch GET 200 https://registry.npmjs.org/parse-svg-path 273ms (cache miss)
1264 silly packumentCache full:https://registry.npmjs.org/parse-svg-path set size:undefined disposed:false
1265 silly fetch manifest cross-fetch@^4.1.0
1266 silly packumentCache full:https://registry.npmjs.org/cross-fetch cache-miss
1267 http fetch GET 200 https://registry.npmjs.org/cross-fetch 34ms (cache miss)
1268 silly packumentCache full:https://registry.npmjs.org/cross-fetch set size:undefined disposed:false
1269 silly fetch manifest hast-util-from-dom@^5.0.1
1270 silly packumentCache full:https://registry.npmjs.org/hast-util-from-dom cache-miss
1271 http fetch GET 200 https://registry.npmjs.org/@types%2fearcut 492ms (cache miss)
1272 silly packumentCache full:https://registry.npmjs.org/@types%2fearcut set size:undefined disposed:false
1273 silly fetch manifest hast-util-from-parse5@^8.0.3
1274 silly packumentCache full:https://registry.npmjs.org/hast-util-from-parse5 cache-miss
1275 http fetch GET 200 https://registry.npmjs.org/citeproc 287ms (cache miss)
1276 silly packumentCache full:https://registry.npmjs.org/citeproc set size:undefined disposed:false
1277 silly fetch manifest parse5@^8.0.0
1278 silly packumentCache full:https://registry.npmjs.org/parse5 cache-miss
1279 http fetch GET 200 https://registry.npmjs.org/earcut 508ms (cache miss)
1280 silly packumentCache full:https://registry.npmjs.org/earcut set size:undefined disposed:false
1281 silly fetch manifest katex@^0.16.0
1282 silly packumentCache full:https://registry.npmjs.org/katex cache-miss
1283 http fetch GET 200 https://registry.npmjs.org/hast-util-from-parse5 102ms (cache miss)
1284 silly packumentCache full:https://registry.npmjs.org/hast-util-from-parse5 set size:undefined disposed:false
1285 silly fetch manifest @types/mathjax@^0.0.40
1286 silly packumentCache full:https://registry.npmjs.org/@types%2fmathjax cache-miss
1287 http fetch GET 200 https://registry.npmjs.org/hast-util-from-dom 265ms (cache miss)
1288 silly packumentCache full:https://registry.npmjs.org/hast-util-from-dom set size:undefined disposed:false
1289 silly fetch manifest hastscript@^9.0.0
1290 silly packumentCache full:https://registry.npmjs.org/hastscript cache-miss
1291 http fetch GET 200 https://registry.npmjs.org/@pixi%2fcolord 597ms (cache miss)
1292 silly packumentCache full:https://registry.npmjs.org/@pixi%2fcolord set size:undefined disposed:false
1293 silly fetch manifest mathjax-full@^3.0.0
1294 silly packumentCache full:https://registry.npmjs.org/mathjax-full cache-miss
1295 http fetch GET 200 https://registry.npmjs.org/parse5 101ms (cache miss)
1296 silly packumentCache full:https://registry.npmjs.org/parse5 set size:undefined disposed:false
1297 silly fetch manifest parse-numeric-range@^1.3.0
1298 silly packumentCache full:https://registry.npmjs.org/parse-numeric-range cache-miss
1299 http fetch GET 200 https://registry.npmjs.org/parse-numeric-range 96ms (cache miss)
1300 silly packumentCache full:https://registry.npmjs.org/parse-numeric-range set size:undefined disposed:false
1301 silly fetch manifest rehype-parse@^9.0.0
1302 silly packumentCache full:https://registry.npmjs.org/rehype-parse cache-miss
1303 http fetch GET 200 https://registry.npmjs.org/hastscript 99ms (cache miss)
1304 silly packumentCache full:https://registry.npmjs.org/hastscript set size:undefined disposed:false
1305 silly fetch manifest @shikijs/core@1.29.2
1306 silly packumentCache full:https://registry.npmjs.org/@shikijs%2fcore cache-miss
1307 http fetch GET 200 https://registry.npmjs.org/mathjax-full 100ms (cache miss)
1308 silly packumentCache full:https://registry.npmjs.org/mathjax-full set size:undefined disposed:false
1309 silly fetch manifest @shikijs/langs@1.29.2
1310 silly packumentCache full:https://registry.npmjs.org/@shikijs%2flangs cache-miss
1311 http fetch GET 200 https://registry.npmjs.org/katex 202ms (cache miss)
1312 silly packumentCache full:https://registry.npmjs.org/katex set size:undefined disposed:false
1313 silly fetch manifest @shikijs/types@1.29.2
1314 silly packumentCache full:https://registry.npmjs.org/@shikijs%2ftypes cache-miss
1315 http fetch GET 200 https://registry.npmjs.org/rehype-parse 28ms (cache miss)
1316 silly packumentCache full:https://registry.npmjs.org/rehype-parse set size:undefined disposed:false
1317 silly fetch manifest @shikijs/themes@1.29.2
1318 silly packumentCache full:https://registry.npmjs.org/@shikijs%2fthemes cache-miss
1319 http fetch GET 200 https://registry.npmjs.org/@citation-js%2fname 622ms (cache miss)
1320 silly packumentCache full:https://registry.npmjs.org/@citation-js%2fname set size:undefined disposed:false
1321 silly fetch manifest @shikijs/vscode-textmate@^10.0.1
1322 silly packumentCache full:https://registry.npmjs.org/@shikijs%2fvscode-textmate cache-miss
1323 http fetch GET 200 https://registry.npmjs.org/@citation-js%2fplugin-bibjson 599ms (cache miss)
1324 silly packumentCache full:https://registry.npmjs.org/@citation-js%2fplugin-bibjson set size:undefined disposed:false
1325 silly fetch manifest @shikijs/engine-oniguruma@1.29.2
1326 silly packumentCache full:https://registry.npmjs.org/@shikijs%2fengine-oniguruma cache-miss
1327 http fetch GET 200 https://registry.npmjs.org/@citation-js%2fdate 644ms (cache miss)
1328 silly packumentCache full:https://registry.npmjs.org/@citation-js%2fdate set size:undefined disposed:false
1329 silly fetch manifest @shikijs/engine-javascript@1.29.2
1330 silly packumentCache full:https://registry.npmjs.org/@shikijs%2fengine-javascript cache-miss
1331 http fetch GET 200 https://registry.npmjs.org/@shikijs%2fcore 57ms (cache miss)
1332 silly packumentCache full:https://registry.npmjs.org/@shikijs%2fcore set size:undefined disposed:false
1333 silly fetch manifest hast-util-raw@^9.0.0
1334 silly packumentCache full:https://registry.npmjs.org/hast-util-raw cache-miss
1335 http fetch GET 200 https://registry.npmjs.org/@citation-js%2fplugin-bibtex 646ms (cache miss)
1336 silly packumentCache full:https://registry.npmjs.org/@citation-js%2fplugin-bibtex set size:undefined disposed:false
1337 silly fetch manifest remark-stringify@^11.0.0
1338 silly packumentCache full:https://registry.npmjs.org/remark-stringify cache-miss
1339 http fetch GET 200 https://registry.npmjs.org/@shikijs%2flangs 99ms (cache miss)
1340 silly packumentCache full:https://registry.npmjs.org/@shikijs%2flangs set size:undefined disposed:false
1341 silly fetch manifest mdast-util-newline-to-break@^2.0.0
1342 silly packumentCache full:https://registry.npmjs.org/mdast-util-newline-to-break cache-miss
1343 http fetch GET 200 https://registry.npmjs.org/@shikijs%2fthemes 79ms (cache miss)
1344 silly packumentCache full:https://registry.npmjs.org/@shikijs%2fthemes set size:undefined disposed:false
1345 silly fetch manifest mdast-util-frontmatter@^2.0.0
1346 silly packumentCache full:https://registry.npmjs.org/mdast-util-frontmatter cache-miss
1347 http fetch GET 200 https://registry.npmjs.org/@shikijs%2fengine-oniguruma 61ms (cache miss)
1348 silly packumentCache full:https://registry.npmjs.org/@shikijs%2fengine-oniguruma set size:undefined disposed:false
1349 silly fetch manifest micromark-extension-frontmatter@^2.0.0
1350 silly packumentCache full:https://registry.npmjs.org/micromark-extension-frontmatter cache-miss
1351 http fetch GET 200 https://registry.npmjs.org/hast-util-raw 68ms (cache miss)
1352 silly packumentCache full:https://registry.npmjs.org/hast-util-raw set size:undefined disposed:false
1353 silly fetch manifest mdast-util-gfm@^3.0.0
1354 silly packumentCache full:https://registry.npmjs.org/mdast-util-gfm cache-miss
1355 http fetch GET 200 https://registry.npmjs.org/remark-stringify 38ms (cache miss)
1356 silly packumentCache full:https://registry.npmjs.org/remark-stringify set size:undefined disposed:false
1357 silly fetch manifest micromark-extension-gfm@^3.0.0
1358 silly packumentCache full:https://registry.npmjs.org/micromark-extension-gfm cache-miss
1359 http fetch GET 200 https://registry.npmjs.org/mdast-util-frontmatter 31ms (cache miss)
1360 silly packumentCache full:https://registry.npmjs.org/mdast-util-frontmatter set size:undefined disposed:false
1361 silly fetch manifest mdast-util-math@^3.0.0
1362 silly packumentCache full:https://registry.npmjs.org/mdast-util-math cache-miss
1363 http fetch GET 200 https://registry.npmjs.org/micromark-extension-frontmatter 35ms (cache miss)
1364 silly packumentCache full:https://registry.npmjs.org/micromark-extension-frontmatter set size:undefined disposed:false
1365 silly fetch manifest micromark-extension-math@^3.0.0
1366 silly packumentCache full:https://registry.npmjs.org/micromark-extension-math cache-miss
1367 http fetch GET 200 https://registry.npmjs.org/mdast-util-math 57ms (cache miss)
1368 silly packumentCache full:https://registry.npmjs.org/mdast-util-math set size:undefined disposed:false
1369 silly fetch manifest mdast-util-from-markdown@^2.0.0
1370 silly packumentCache full:https://registry.npmjs.org/mdast-util-from-markdown cache-miss
1371 http fetch GET 200 https://registry.npmjs.org/mdast-util-gfm 69ms (cache miss)
1372 silly packumentCache full:https://registry.npmjs.org/mdast-util-gfm set size:undefined disposed:false
1373 silly fetch manifest micromark-util-types@^2.0.0
1374 silly packumentCache full:https://registry.npmjs.org/micromark-util-types cache-miss
1375 http fetch GET 200 https://registry.npmjs.org/micromark-extension-gfm 60ms (cache miss)
1376 silly packumentCache full:https://registry.npmjs.org/micromark-extension-gfm set size:undefined disposed:false
1377 silly fetch manifest retext@^9.0.0
1378 silly packumentCache full:https://registry.npmjs.org/retext cache-miss
1379 http fetch GET 200 https://registry.npmjs.org/micromark-extension-math 51ms (cache miss)
1380 silly packumentCache full:https://registry.npmjs.org/micromark-extension-math set size:undefined disposed:false
1381 silly fetch manifest retext-smartypants@^6.0.0
1382 silly packumentCache full:https://registry.npmjs.org/retext-smartypants cache-miss
1383 http fetch GET 200 https://registry.npmjs.org/micromark-util-types 303ms (cache miss)
1384 silly packumentCache full:https://registry.npmjs.org/micromark-util-types set size:undefined disposed:false
1385 silly fetch manifest unified@^11.0.4
1386 silly packumentCache full:https://registry.npmjs.org/unified cache-hit
1387 silly fetch manifest linebreak@^1.1.0
1388 silly packumentCache full:https://registry.npmjs.org/linebreak cache-miss
1389 http fetch GET 200 https://registry.npmjs.org/@types%2fmathjax 602ms (cache miss)
1390 silly packumentCache full:https://registry.npmjs.org/@types%2fmathjax set size:undefined disposed:false
1391 silly fetch manifest escape-html@^1.0.3
1392 silly packumentCache full:https://registry.npmjs.org/escape-html cache-miss
1393 http fetch GET 200 https://registry.npmjs.org/mdast-util-from-markdown 307ms (cache miss)
1394 silly packumentCache full:https://registry.npmjs.org/mdast-util-from-markdown set size:undefined disposed:false
1395 silly fetch manifest yoga-layout@^3.2.1
1396 silly packumentCache full:https://registry.npmjs.org/yoga-layout cache-miss
1397 http fetch GET 200 https://registry.npmjs.org/mdast-util-newline-to-break 402ms (cache miss)
1398 silly packumentCache full:https://registry.npmjs.org/mdast-util-newline-to-break set size:undefined disposed:false
1399 silly fetch manifest css-box-shadow@1.0.0-3
1400 silly packumentCache full:https://registry.npmjs.org/css-box-shadow cache-miss
1401 http fetch GET 200 https://registry.npmjs.org/@shikijs%2fvscode-textmate 472ms (cache miss)
1402 silly packumentCache full:https://registry.npmjs.org/@shikijs%2fvscode-textmate set size:undefined disposed:false
1403 silly fetch manifest emoji-regex-xs@^2.0.1
1404 silly packumentCache full:https://registry.npmjs.org/emoji-regex-xs cache-miss
1405 http fetch GET 200 https://registry.npmjs.org/retext-smartypants 309ms (cache miss)
1406 silly packumentCache full:https://registry.npmjs.org/retext-smartypants set size:undefined disposed:false
1407 silly fetch manifest parse-css-color@^0.2.1
1408 silly packumentCache full:https://registry.npmjs.org/parse-css-color cache-miss
1409 http fetch GET 200 https://registry.npmjs.org/@citation-js%2fcore 1101ms (cache miss)
1410 silly packumentCache full:https://registry.npmjs.org/@citation-js%2fcore set size:undefined disposed:false
1411 silly fetch manifest css-gradient-parser@^0.0.17
1412 silly packumentCache full:https://registry.npmjs.org/css-gradient-parser cache-miss
1413 http fetch GET 200 https://registry.npmjs.org/retext 312ms (cache miss)
1414 silly packumentCache full:https://registry.npmjs.org/retext set size:undefined disposed:false
1415 silly fetch manifest css-to-react-native@^3.0.0
1416 silly packumentCache full:https://registry.npmjs.org/css-to-react-native cache-miss
1417 http fetch GET 200 https://registry.npmjs.org/@citation-js%2fplugin-csl 1008ms (cache miss)
1418 silly packumentCache full:https://registry.npmjs.org/@citation-js%2fplugin-csl set size:undefined disposed:false
1419 silly fetch manifest @shuding/opentype.js@1.4.0-beta.0
1420 silly packumentCache full:https://registry.npmjs.org/@shuding%2fopentype.js cache-miss
1421 http fetch GET 200 https://registry.npmjs.org/@shikijs%2fengine-javascript 458ms (cache miss)
1422 silly packumentCache full:https://registry.npmjs.org/@shikijs%2fengine-javascript set size:undefined disposed:false
1423 silly fetch manifest postcss-value-parser@^4.2.0
1424 silly packumentCache full:https://registry.npmjs.org/postcss-value-parser cache-miss
1425 http fetch GET 200 https://registry.npmjs.org/@shikijs%2ftypes 497ms (cache miss)
1426 silly packumentCache full:https://registry.npmjs.org/@shikijs%2ftypes set size:undefined disposed:false
1427 silly fetch manifest css-background-parser@^0.1.0
1428 silly packumentCache full:https://registry.npmjs.org/css-background-parser cache-miss
1429 http fetch GET 200 https://registry.npmjs.org/yoga-layout 47ms (cache miss)
1430 silly packumentCache full:https://registry.npmjs.org/yoga-layout set size:undefined disposed:false
1431 silly fetch manifest bytes@3.0.0
1432 silly packumentCache full:https://registry.npmjs.org/bytes cache-miss
1433 http fetch GET 200 https://registry.npmjs.org/escape-html 52ms (cache miss)
1434 silly packumentCache full:https://registry.npmjs.org/escape-html set size:undefined disposed:false
1435 silly fetch manifest content-disposition@0.5.2
1436 silly packumentCache full:https://registry.npmjs.org/content-disposition cache-miss
1437 http fetch GET 200 https://registry.npmjs.org/postcss-value-parser 42ms (cache miss)
1438 silly packumentCache full:https://registry.npmjs.org/postcss-value-parser set size:undefined disposed:false
1439 silly fetch manifest mime-types@2.1.18
1440 silly packumentCache full:https://registry.npmjs.org/mime-types cache-miss
1441 http fetch GET 200 https://registry.npmjs.org/css-to-react-native 51ms (cache miss)
1442 silly packumentCache full:https://registry.npmjs.org/css-to-react-native set size:undefined disposed:false
1443 silly fetch manifest minimatch@3.1.5
1444 silly packumentCache full:https://registry.npmjs.org/minimatch cache-miss
1445 http cache https://registry.npmjs.org/minimatch 2ms (cache hit)
1446 silly packumentCache full:https://registry.npmjs.org/minimatch set size:375282 disposed:false
1447 silly fetch manifest path-is-inside@1.0.2
1448 silly packumentCache full:https://registry.npmjs.org/path-is-inside cache-miss
1449 http fetch GET 200 https://registry.npmjs.org/bytes 28ms (cache miss)
1450 silly packumentCache full:https://registry.npmjs.org/bytes set size:undefined disposed:false
1451 silly fetch manifest path-to-regexp@3.3.0
1452 silly packumentCache full:https://registry.npmjs.org/path-to-regexp cache-miss
1453 http fetch GET 200 https://registry.npmjs.org/content-disposition 29ms (cache miss)
1454 silly packumentCache full:https://registry.npmjs.org/content-disposition set size:undefined disposed:false
1455 silly fetch manifest range-parser@1.2.0
1456 silly packumentCache full:https://registry.npmjs.org/range-parser cache-miss
1457 http fetch GET 200 https://registry.npmjs.org/path-is-inside 75ms (cache miss)
1458 silly packumentCache full:https://registry.npmjs.org/path-is-inside set size:undefined disposed:false
1459 silly fetch manifest semver@^7.7.3
1460 silly packumentCache full:https://registry.npmjs.org/semver cache-miss
1461 http fetch GET 200 https://registry.npmjs.org/mime-types 86ms (cache miss)
1462 silly packumentCache full:https://registry.npmjs.org/mime-types set size:undefined disposed:false
1463 silly fetch manifest @img/colour@^1.0.0
1464 silly packumentCache full:https://registry.npmjs.org/@img%2fcolour cache-miss
1465 http fetch GET 200 https://registry.npmjs.org/path-to-regexp 63ms (cache miss)
1466 silly packumentCache full:https://registry.npmjs.org/path-to-regexp set size:undefined disposed:false
1467 silly fetch manifest detect-libc@^2.1.2
1468 silly packumentCache full:https://registry.npmjs.org/detect-libc cache-miss
1469 http cache https://registry.npmjs.org/detect-libc 1ms (cache hit)
1470 silly packumentCache full:https://registry.npmjs.org/detect-libc set size:47861 disposed:false
1471 silly fetch manifest @img/sharp-wasm32@0.34.5
1472 silly packumentCache full:https://registry.npmjs.org/@img%2fsharp-wasm32 cache-miss
1473 http fetch GET 200 https://registry.npmjs.org/css-box-shadow 511ms (cache miss)
1474 silly packumentCache full:https://registry.npmjs.org/css-box-shadow set size:undefined disposed:false
1475 silly fetch manifest @img/sharp-linux-arm@0.34.5
1476 silly packumentCache full:https://registry.npmjs.org/@img%2fsharp-linux-arm cache-miss
1477 http fetch GET 200 https://registry.npmjs.org/css-background-parser 504ms (cache miss)
1478 silly packumentCache full:https://registry.npmjs.org/css-background-parser set size:undefined disposed:false
1479 silly fetch manifest @img/sharp-linux-x64@0.34.5
1480 silly packumentCache full:https://registry.npmjs.org/@img%2fsharp-linux-x64 cache-miss
1481 http fetch GET 200 https://registry.npmjs.org/parse-css-color 510ms (cache miss)
1482 silly packumentCache full:https://registry.npmjs.org/parse-css-color set size:undefined disposed:false
1483 silly fetch manifest @img/sharp-win32-x64@0.34.5
1484 silly packumentCache full:https://registry.npmjs.org/@img%2fsharp-win32-x64 cache-miss
1485 http fetch GET 200 https://registry.npmjs.org/range-parser 434ms (cache miss)
1486 silly packumentCache full:https://registry.npmjs.org/range-parser set size:undefined disposed:false
1487 silly fetch manifest @img/sharp-darwin-x64@0.34.5
1488 silly packumentCache full:https://registry.npmjs.org/@img%2fsharp-darwin-x64 cache-miss
1489 http fetch GET 200 https://registry.npmjs.org/emoji-regex-xs 512ms (cache miss)
1490 silly packumentCache full:https://registry.npmjs.org/emoji-regex-xs set size:undefined disposed:false
1491 silly fetch manifest @img/sharp-win32-ia32@0.34.5
1492 silly packumentCache full:https://registry.npmjs.org/@img%2fsharp-win32-ia32 cache-miss
1493 http fetch GET 200 https://registry.npmjs.org/linebreak 519ms (cache miss)
1494 silly packumentCache full:https://registry.npmjs.org/linebreak set size:undefined disposed:false
1495 silly fetch manifest @img/sharp-linux-arm64@0.34.5
1496 silly packumentCache full:https://registry.npmjs.org/@img%2fsharp-linux-arm64 cache-miss
1497 http fetch GET 200 https://registry.npmjs.org/@img%2fcolour 458ms (cache miss)
1498 silly packumentCache full:https://registry.npmjs.org/@img%2fcolour set size:undefined disposed:false
1499 silly fetch manifest @img/sharp-linux-ppc64@0.34.5
1500 silly packumentCache full:https://registry.npmjs.org/@img%2fsharp-linux-ppc64 cache-miss
1501 http fetch GET 200 https://registry.npmjs.org/@img%2fsharp-wasm32 456ms (cache miss)
1502 silly packumentCache full:https://registry.npmjs.org/@img%2fsharp-wasm32 set size:undefined disposed:false
1503 silly fetch manifest @img/sharp-linux-s390x@0.34.5
1504 silly packumentCache full:https://registry.npmjs.org/@img%2fsharp-linux-s390x cache-miss
1505 http fetch GET 200 https://registry.npmjs.org/@img%2fsharp-darwin-x64 84ms (cache miss)
1506 silly packumentCache full:https://registry.npmjs.org/@img%2fsharp-darwin-x64 set size:undefined disposed:false
1507 silly fetch manifest @img/sharp-win32-arm64@0.34.5
1508 silly packumentCache full:https://registry.npmjs.org/@img%2fsharp-win32-arm64 cache-miss
1509 http fetch GET 200 https://registry.npmjs.org/css-gradient-parser 594ms (cache miss)
1510 silly packumentCache full:https://registry.npmjs.org/css-gradient-parser set size:undefined disposed:false
1511 silly fetch manifest @img/sharp-darwin-arm64@0.34.5
1512 silly packumentCache full:https://registry.npmjs.org/@img%2fsharp-darwin-arm64 cache-miss
1513 http fetch GET 200 https://registry.npmjs.org/@img%2fsharp-win32-x64 85ms (cache miss)
1514 silly packumentCache full:https://registry.npmjs.org/@img%2fsharp-win32-x64 set size:undefined disposed:false
1515 silly fetch manifest @img/sharp-linux-riscv64@0.34.5
1516 silly packumentCache full:https://registry.npmjs.org/@img%2fsharp-linux-riscv64 cache-miss
1517 http fetch GET 200 https://registry.npmjs.org/@img%2fsharp-linux-arm 88ms (cache miss)
1518 silly packumentCache full:https://registry.npmjs.org/@img%2fsharp-linux-arm set size:undefined disposed:false
1519 silly fetch manifest @img/sharp-linuxmusl-x64@0.34.5
1520 silly packumentCache full:https://registry.npmjs.org/@img%2fsharp-linuxmusl-x64 cache-miss
1521 http fetch GET 200 https://registry.npmjs.org/@img%2fsharp-linux-arm64 86ms (cache miss)
1522 silly packumentCache full:https://registry.npmjs.org/@img%2fsharp-linux-arm64 set size:undefined disposed:false
1523 silly fetch manifest @img/sharp-linuxmusl-arm64@0.34.5
1524 silly packumentCache full:https://registry.npmjs.org/@img%2fsharp-linuxmusl-arm64 cache-miss
1525 http fetch GET 200 https://registry.npmjs.org/@img%2fsharp-linux-x64 89ms (cache miss)
1526 silly packumentCache full:https://registry.npmjs.org/@img%2fsharp-linux-x64 set size:undefined disposed:false
1527 silly fetch manifest @img/sharp-libvips-linux-arm@1.2.4
1528 silly packumentCache full:https://registry.npmjs.org/@img%2fsharp-libvips-linux-arm cache-miss
1529 http fetch GET 200 https://registry.npmjs.org/@img%2fsharp-win32-ia32 88ms (cache miss)
1530 silly packumentCache full:https://registry.npmjs.org/@img%2fsharp-win32-ia32 set size:undefined disposed:false
1531 silly fetch manifest @img/sharp-libvips-linux-x64@1.2.4
1532 silly packumentCache full:https://registry.npmjs.org/@img%2fsharp-libvips-linux-x64 cache-miss
1533 http fetch GET 200 https://registry.npmjs.org/semver 467ms (cache miss)
1534 silly packumentCache full:https://registry.npmjs.org/semver set size:undefined disposed:false
1535 silly fetch manifest @img/sharp-libvips-darwin-x64@1.2.4
1536 silly packumentCache full:https://registry.npmjs.org/@img%2fsharp-libvips-darwin-x64 cache-miss
1537 http fetch GET 200 https://registry.npmjs.org/@shuding%2fopentype.js 616ms (cache miss)
1538 silly packumentCache full:https://registry.npmjs.org/@shuding%2fopentype.js set size:undefined disposed:false
1539 silly fetch manifest @img/sharp-libvips-linux-arm64@1.2.4
1540 silly packumentCache full:https://registry.npmjs.org/@img%2fsharp-libvips-linux-arm64 cache-miss
1541 http fetch GET 200 https://registry.npmjs.org/@img%2fsharp-win32-arm64 54ms (cache miss)
1542 silly packumentCache full:https://registry.npmjs.org/@img%2fsharp-win32-arm64 set size:undefined disposed:false
1543 silly fetch manifest @img/sharp-libvips-linux-ppc64@1.2.4
1544 silly packumentCache full:https://registry.npmjs.org/@img%2fsharp-libvips-linux-ppc64 cache-miss
1545 http fetch GET 200 https://registry.npmjs.org/@img%2fsharp-linux-riscv64 53ms (cache miss)
1546 silly packumentCache full:https://registry.npmjs.org/@img%2fsharp-linux-riscv64 set size:undefined disposed:false
1547 silly fetch manifest @img/sharp-libvips-linux-s390x@1.2.4
1548 silly packumentCache full:https://registry.npmjs.org/@img%2fsharp-libvips-linux-s390x cache-miss
1549 http fetch GET 200 https://registry.npmjs.org/@img%2fsharp-linuxmusl-x64 54ms (cache miss)
1550 silly packumentCache full:https://registry.npmjs.org/@img%2fsharp-linuxmusl-x64 set size:undefined disposed:false
1551 silly fetch manifest @img/sharp-libvips-darwin-arm64@1.2.4
1552 silly packumentCache full:https://registry.npmjs.org/@img%2fsharp-libvips-darwin-arm64 cache-miss
1553 http fetch GET 200 https://registry.npmjs.org/@img%2fsharp-linuxmusl-arm64 52ms (cache miss)
1554 silly packumentCache full:https://registry.npmjs.org/@img%2fsharp-linuxmusl-arm64 set size:undefined disposed:false
1555 silly fetch manifest @img/sharp-libvips-linux-riscv64@1.2.4
1556 silly packumentCache full:https://registry.npmjs.org/@img%2fsharp-libvips-linux-riscv64 cache-miss
1557 http fetch GET 200 https://registry.npmjs.org/@img%2fsharp-linux-s390x 57ms (cache miss)
1558 silly packumentCache full:https://registry.npmjs.org/@img%2fsharp-linux-s390x set size:undefined disposed:false
1559 silly fetch manifest @img/sharp-libvips-linuxmusl-x64@1.2.4
1560 silly packumentCache full:https://registry.npmjs.org/@img%2fsharp-libvips-linuxmusl-x64 cache-miss
1561 http fetch GET 200 https://registry.npmjs.org/@img%2fsharp-linux-ppc64 59ms (cache miss)
1562 silly packumentCache full:https://registry.npmjs.org/@img%2fsharp-linux-ppc64 set size:undefined disposed:false
1563 silly fetch manifest @img/sharp-libvips-linuxmusl-arm64@1.2.4
1564 silly packumentCache full:https://registry.npmjs.org/@img%2fsharp-libvips-linuxmusl-arm64 cache-miss
1565 http fetch GET 200 https://registry.npmjs.org/@img%2fsharp-darwin-arm64 57ms (cache miss)
1566 silly packumentCache full:https://registry.npmjs.org/@img%2fsharp-darwin-arm64 set size:undefined disposed:false
1567 silly fetch manifest buffer-from@^1.0.0
1568 silly packumentCache full:https://registry.npmjs.org/buffer-from cache-miss
1569 http fetch GET 200 https://registry.npmjs.org/@img%2fsharp-libvips-linux-arm 80ms (cache miss)
1570 silly packumentCache full:https://registry.npmjs.org/@img%2fsharp-libvips-linux-arm set size:undefined disposed:false
1571 silly fetch manifest get-tsconfig@^4.7.5
1572 silly packumentCache full:https://registry.npmjs.org/get-tsconfig cache-miss
1573 http fetch GET 200 https://registry.npmjs.org/@img%2fsharp-libvips-linux-x64 83ms (cache miss)
1574 silly packumentCache full:https://registry.npmjs.org/@img%2fsharp-libvips-linux-x64 set size:undefined disposed:false
1575 silly fetch manifest fsevents@~2.3.3
1576 silly packumentCache full:https://registry.npmjs.org/fsevents cache-miss
1577 http fetch GET 200 https://registry.npmjs.org/@img%2fsharp-libvips-darwin-x64 81ms (cache miss)
1578 silly packumentCache full:https://registry.npmjs.org/@img%2fsharp-libvips-darwin-x64 set size:undefined disposed:false
1579 silly fetch manifest bail@^2.0.0
1580 silly packumentCache full:https://registry.npmjs.org/bail cache-miss
1581 http fetch GET 200 https://registry.npmjs.org/buffer-from 428ms (cache miss)
1582 silly packumentCache full:https://registry.npmjs.org/buffer-from set size:undefined disposed:false
1583 silly fetch manifest extend@^3.0.0
1584 silly packumentCache full:https://registry.npmjs.org/extend cache-miss
1585 http fetch GET 200 https://registry.npmjs.org/@img%2fsharp-libvips-linux-riscv64 430ms (cache miss)
1586 silly packumentCache full:https://registry.npmjs.org/@img%2fsharp-libvips-linux-riscv64 set size:undefined disposed:false
1587 silly fetch manifest is-plain-obj@^4.0.0
1588 silly packumentCache full:https://registry.npmjs.org/is-plain-obj cache-miss
1589 http fetch GET 200 https://registry.npmjs.org/@img%2fsharp-libvips-linuxmusl-x64 430ms (cache miss)
1590 silly packumentCache full:https://registry.npmjs.org/@img%2fsharp-libvips-linuxmusl-x64 set size:undefined disposed:false
1591 silly fetch manifest trough@^2.0.0
1592 silly packumentCache full:https://registry.npmjs.org/trough cache-miss
1593 http fetch GET 200 https://registry.npmjs.org/@img%2fsharp-libvips-linuxmusl-arm64 430ms (cache miss)
1594 silly packumentCache full:https://registry.npmjs.org/@img%2fsharp-libvips-linuxmusl-arm64 set size:undefined disposed:false
1595 silly fetch manifest cliui@^9.0.1
1596 silly packumentCache full:https://registry.npmjs.org/cliui cache-miss
1597 http fetch GET 200 https://registry.npmjs.org/@img%2fsharp-libvips-linux-s390x 434ms (cache miss)
1598 silly packumentCache full:https://registry.npmjs.org/@img%2fsharp-libvips-linux-s390x set size:undefined disposed:false
1599 silly fetch manifest escalade@^3.1.1
1600 silly packumentCache full:https://registry.npmjs.org/escalade cache-miss
1601 http fetch GET 200 https://registry.npmjs.org/@img%2fsharp-libvips-darwin-arm64 433ms (cache miss)
1602 silly packumentCache full:https://registry.npmjs.org/@img%2fsharp-libvips-darwin-arm64 set size:undefined disposed:false
1603 silly fetch manifest get-caller-file@^2.0.5
1604 silly packumentCache full:https://registry.npmjs.org/get-caller-file cache-miss
1605 http fetch GET 200 https://registry.npmjs.org/@img%2fsharp-libvips-linux-ppc64 435ms (cache miss)
1606 silly packumentCache full:https://registry.npmjs.org/@img%2fsharp-libvips-linux-ppc64 set size:undefined disposed:false
1607 silly fetch manifest string-width@^7.2.0
1608 silly packumentCache full:https://registry.npmjs.org/string-width cache-miss
1609 http fetch GET 200 https://registry.npmjs.org/@img%2fsharp-libvips-linux-arm64 466ms (cache miss)
1610 silly packumentCache full:https://registry.npmjs.org/@img%2fsharp-libvips-linux-arm64 set size:undefined disposed:false
1611 silly fetch manifest y18n@^5.0.5
1612 silly packumentCache full:https://registry.npmjs.org/y18n cache-miss
1613 http fetch GET 200 https://registry.npmjs.org/extend 35ms (cache miss)
1614 silly packumentCache full:https://registry.npmjs.org/extend set size:undefined disposed:false
1615 silly fetch manifest yargs-parser@^22.0.0
1616 silly packumentCache full:https://registry.npmjs.org/yargs-parser cache-miss
1617 http fetch GET 200 https://registry.npmjs.org/trough 35ms (cache miss)
1618 silly packumentCache full:https://registry.npmjs.org/trough set size:undefined disposed:false
1619 http fetch GET 200 https://registry.npmjs.org/get-tsconfig 437ms (cache miss)
1620 silly packumentCache full:https://registry.npmjs.org/get-tsconfig set size:undefined disposed:false
1621 http fetch GET 200 https://registry.npmjs.org/cliui 35ms (cache miss)
1622 silly packumentCache full:https://registry.npmjs.org/cliui set size:undefined disposed:false
1623 http fetch GET 200 https://registry.npmjs.org/fsevents 436ms (cache miss)
1624 silly packumentCache full:https://registry.npmjs.org/fsevents set size:undefined disposed:false
1625 http fetch GET 200 https://registry.npmjs.org/get-caller-file 35ms (cache miss)
1626 silly packumentCache full:https://registry.npmjs.org/get-caller-file set size:undefined disposed:false
1627 http fetch GET 200 https://registry.npmjs.org/escalade 38ms (cache miss)
1628 silly packumentCache full:https://registry.npmjs.org/escalade set size:undefined disposed:false
1629 http fetch GET 200 https://registry.npmjs.org/y18n 37ms (cache miss)
1630 silly packumentCache full:https://registry.npmjs.org/y18n set size:undefined disposed:false
1631 http fetch GET 200 https://registry.npmjs.org/bail 439ms (cache miss)
1632 silly packumentCache full:https://registry.npmjs.org/bail set size:undefined disposed:false
1633 http fetch GET 200 https://registry.npmjs.org/is-plain-obj 44ms (cache miss)
1634 silly packumentCache full:https://registry.npmjs.org/is-plain-obj set size:undefined disposed:false
1635 http fetch GET 200 https://registry.npmjs.org/string-width 41ms (cache miss)
1636 silly packumentCache full:https://registry.npmjs.org/string-width set size:undefined disposed:false
1637 http fetch GET 200 https://registry.npmjs.org/yargs-parser 470ms (cache miss)
1638 silly packumentCache full:https://registry.npmjs.org/yargs-parser set size:undefined disposed:false
1639 silly placeDep ROOT @clack/core@0.5.0 OK for: @clack/prompts@0.11.0 want: 0.5.0
1640 silly placeDep ROOT picocolors@1.1.1 OK for: @clack/prompts@0.11.0 want: ^1.0.0
1641 silly placeDep ROOT sisteransi@1.0.5 OK for: @clack/prompts@0.11.0 want: ^1.0.5
1642 silly placeDep ROOT @floating-ui/core@1.7.5 OK for: @floating-ui/dom@1.7.6 want: ^1.7.5
1643 silly placeDep ROOT @floating-ui/utils@0.2.11 OK for: @floating-ui/dom@1.7.6 want: ^0.2.11
1644 silly placeDep ROOT @myriaddreamin/typst-ts-node-compiler@0.6.0 OK for: @myriaddreamin/rehype-typst@0.6.0 want: ^0.6.0
1645 silly placeDep ROOT @types/katex@0.16.8 OK for: @myriaddreamin/rehype-typst@0.6.0 want: ^0.16.0
1646 silly placeDep ROOT hast-util-from-html-isomorphic@2.0.0 OK for: @myriaddreamin/rehype-typst@0.6.0 want: ^2.0.0
1647 silly placeDep ROOT hast-util-to-text@4.0.2 OK for: @myriaddreamin/rehype-typst@0.6.0 want: ^4.0.0
1648 silly placeDep ROOT https-proxy-agent@7.0.6 OK for: @myriaddreamin/rehype-typst@0.6.0 want: ^7.0.2
1649 silly placeDep ROOT unist-util-visit-parents@6.0.2 OK for: @myriaddreamin/rehype-typst@0.6.0 want: ^6.0.0
1650 silly fetch manifest @myriaddreamin/typst-ts-node-compiler-darwin-x64@0.6.0
1651 silly packumentCache full:https://registry.npmjs.org/@myriaddreamin%2ftypst-ts-node-compiler-darwin-x64 cache-miss
1652 silly fetch manifest @myriaddreamin/typst-ts-node-compiler-darwin-arm64@0.6.0
1653 silly packumentCache full:https://registry.npmjs.org/@myriaddreamin%2ftypst-ts-node-compiler-darwin-arm64 cache-miss
1654 silly fetch manifest @myriaddreamin/typst-ts-node-compiler-android-arm64@0.6.0
1655 silly packumentCache full:https://registry.npmjs.org/@myriaddreamin%2ftypst-ts-node-compiler-android-arm64 cache-miss
1656 silly fetch manifest @myriaddreamin/typst-ts-node-compiler-linux-x64-gnu@0.6.0
1657 silly packumentCache full:https://registry.npmjs.org/@myriaddreamin%2ftypst-ts-node-compiler-linux-x64-gnu cache-miss
1658 silly fetch manifest @myriaddreamin/typst-ts-node-compiler-linux-x64-musl@0.6.0
1659 silly packumentCache full:https://registry.npmjs.org/@myriaddreamin%2ftypst-ts-node-compiler-linux-x64-musl cache-miss
1660 silly fetch manifest @myriaddreamin/typst-ts-node-compiler-win32-x64-msvc@0.6.0
1661 silly packumentCache full:https://registry.npmjs.org/@myriaddreamin%2ftypst-ts-node-compiler-win32-x64-msvc cache-miss
1662 silly fetch manifest @myriaddreamin/typst-ts-node-compiler-linux-arm64-gnu@0.6.0
1663 silly packumentCache full:https://registry.npmjs.org/@myriaddreamin%2ftypst-ts-node-compiler-linux-arm64-gnu cache-miss
1664 silly fetch manifest @myriaddreamin/typst-ts-node-compiler-android-arm-eabi@0.6.0
1665 silly packumentCache full:https://registry.npmjs.org/@myriaddreamin%2ftypst-ts-node-compiler-android-arm-eabi cache-miss
1666 silly fetch manifest @myriaddreamin/typst-ts-node-compiler-linux-arm64-musl@0.6.0
1667 silly packumentCache full:https://registry.npmjs.org/@myriaddreamin%2ftypst-ts-node-compiler-linux-arm64-musl cache-miss
1668 silly fetch manifest @myriaddreamin/typst-ts-node-compiler-win32-arm64-msvc@0.6.0
1669 silly packumentCache full:https://registry.npmjs.org/@myriaddreamin%2ftypst-ts-node-compiler-win32-arm64-msvc cache-miss
1670 silly fetch manifest @myriaddreamin/typst-ts-node-compiler-linux-arm-gnueabihf@0.6.0
1671 silly packumentCache full:https://registry.npmjs.org/@myriaddreamin%2ftypst-ts-node-compiler-linux-arm-gnueabihf cache-miss
1672 http fetch GET 200 https://registry.npmjs.org/@myriaddreamin%2ftypst-ts-node-compiler-linux-x64-gnu 828ms (cache miss)
1673 silly packumentCache full:https://registry.npmjs.org/@myriaddreamin%2ftypst-ts-node-compiler-linux-x64-gnu set size:undefined disposed:false
1674 silly fetch manifest hast-util-from-html@^2.0.0
1675 silly packumentCache full:https://registry.npmjs.org/hast-util-from-html cache-miss
1676 http fetch GET 200 https://registry.npmjs.org/@myriaddreamin%2ftypst-ts-node-compiler-linux-arm64-gnu 829ms (cache miss)
1677 silly packumentCache full:https://registry.npmjs.org/@myriaddreamin%2ftypst-ts-node-compiler-linux-arm64-gnu set size:undefined disposed:false
1678 silly fetch manifest hast-util-from-dom@^5.0.0
1679 silly packumentCache full:https://registry.npmjs.org/hast-util-from-dom cache-miss
1680 http fetch GET 200 https://registry.npmjs.org/@myriaddreamin%2ftypst-ts-node-compiler-win32-arm64-msvc 829ms (cache miss)
1681 silly packumentCache full:https://registry.npmjs.org/@myriaddreamin%2ftypst-ts-node-compiler-win32-arm64-msvc set size:undefined disposed:false
1682 silly fetch manifest unist-util-remove-position@^5.0.0
1683 silly packumentCache full:https://registry.npmjs.org/unist-util-remove-position cache-miss
1684 http fetch GET 200 https://registry.npmjs.org/@myriaddreamin%2ftypst-ts-node-compiler-darwin-arm64 831ms (cache miss)
1685 silly packumentCache full:https://registry.npmjs.org/@myriaddreamin%2ftypst-ts-node-compiler-darwin-arm64 set size:undefined disposed:false
1686 silly fetch manifest unist-util-find-after@^5.0.0
1687 silly packumentCache full:https://registry.npmjs.org/unist-util-find-after cache-miss
1688 http fetch GET 200 https://registry.npmjs.org/@myriaddreamin%2ftypst-ts-node-compiler-android-arm64 830ms (cache miss)
1689 silly packumentCache full:https://registry.npmjs.org/@myriaddreamin%2ftypst-ts-node-compiler-android-arm64 set size:undefined disposed:false
1690 silly fetch manifest debug@4
1691 silly packumentCache full:https://registry.npmjs.org/debug cache-miss
1692 http fetch GET 200 https://registry.npmjs.org/@myriaddreamin%2ftypst-ts-node-compiler-win32-x64-msvc 830ms (cache miss)
1693 silly packumentCache full:https://registry.npmjs.org/@myriaddreamin%2ftypst-ts-node-compiler-win32-x64-msvc set size:undefined disposed:false
1694 silly fetch manifest agent-base@^7.1.2
1695 silly packumentCache full:https://registry.npmjs.org/agent-base cache-miss
1696 http fetch GET 200 https://registry.npmjs.org/@myriaddreamin%2ftypst-ts-node-compiler-android-arm-eabi 831ms (cache miss)
1697 silly packumentCache full:https://registry.npmjs.org/@myriaddreamin%2ftypst-ts-node-compiler-android-arm-eabi set size:undefined disposed:false
1698 http fetch GET 200 https://registry.npmjs.org/@myriaddreamin%2ftypst-ts-node-compiler-linux-arm64-musl 832ms (cache miss)
1699 silly packumentCache full:https://registry.npmjs.org/@myriaddreamin%2ftypst-ts-node-compiler-linux-arm64-musl set size:undefined disposed:false
1700 http fetch GET 200 https://registry.npmjs.org/@myriaddreamin%2ftypst-ts-node-compiler-darwin-x64 833ms (cache miss)
1701 silly packumentCache full:https://registry.npmjs.org/@myriaddreamin%2ftypst-ts-node-compiler-darwin-x64 set size:undefined disposed:false
1702 http cache https://registry.npmjs.org/hast-util-from-dom 4ms (cache hit)
1703 silly packumentCache full:https://registry.npmjs.org/hast-util-from-dom set size:62085 disposed:false
1704 http fetch GET 200 https://registry.npmjs.org/hast-util-from-html 88ms (cache miss)
1705 silly packumentCache full:https://registry.npmjs.org/hast-util-from-html set size:undefined disposed:false
1706 http fetch GET 200 https://registry.npmjs.org/unist-util-find-after 87ms (cache miss)
1707 silly packumentCache full:https://registry.npmjs.org/unist-util-find-after set size:undefined disposed:false
1708 http fetch GET 200 https://registry.npmjs.org/unist-util-remove-position 89ms (cache miss)
1709 silly packumentCache full:https://registry.npmjs.org/unist-util-remove-position set size:undefined disposed:false
1710 http fetch GET 200 https://registry.npmjs.org/debug 88ms (cache miss)
1711 silly packumentCache full:https://registry.npmjs.org/debug set size:undefined disposed:false
1712 http fetch GET 200 https://registry.npmjs.org/agent-base 90ms (cache miss)
1713 silly packumentCache full:https://registry.npmjs.org/agent-base set size:undefined disposed:false
1714 http fetch GET 200 https://registry.npmjs.org/@myriaddreamin%2ftypst-ts-node-compiler-linux-arm-gnueabihf 956ms (cache miss)
1715 silly packumentCache full:https://registry.npmjs.org/@myriaddreamin%2ftypst-ts-node-compiler-linux-arm-gnueabihf set size:undefined disposed:false
1716 http fetch GET 200 https://registry.npmjs.org/@myriaddreamin%2ftypst-ts-node-compiler-linux-x64-musl 1010ms (cache miss)
1717 silly packumentCache full:https://registry.npmjs.org/@myriaddreamin%2ftypst-ts-node-compiler-linux-x64-musl set size:undefined disposed:false
1718 silly placeDep ROOT @myriaddreamin/typst-ts-node-compiler-android-arm-eabi@0.6.0 OK for: @myriaddreamin/typst-ts-node-compiler@0.6.0 want: 0.6.0
1719 silly placeDep ROOT @myriaddreamin/typst-ts-node-compiler-android-arm64@0.6.0 OK for: @myriaddreamin/typst-ts-node-compiler@0.6.0 want: 0.6.0
1720 silly placeDep ROOT @myriaddreamin/typst-ts-node-compiler-darwin-arm64@0.6.0 OK for: @myriaddreamin/typst-ts-node-compiler@0.6.0 want: 0.6.0
1721 silly placeDep ROOT @myriaddreamin/typst-ts-node-compiler-darwin-x64@0.6.0 OK for: @myriaddreamin/typst-ts-node-compiler@0.6.0 want: 0.6.0
1722 silly placeDep ROOT @myriaddreamin/typst-ts-node-compiler-linux-arm-gnueabihf@0.6.0 OK for: @myriaddreamin/typst-ts-node-compiler@0.6.0 want: 0.6.0
1723 silly placeDep ROOT @myriaddreamin/typst-ts-node-compiler-linux-arm64-gnu@0.6.0 OK for: @myriaddreamin/typst-ts-node-compiler@0.6.0 want: 0.6.0
1724 silly placeDep ROOT @myriaddreamin/typst-ts-node-compiler-linux-arm64-musl@0.6.0 OK for: @myriaddreamin/typst-ts-node-compiler@0.6.0 want: 0.6.0
1725 silly placeDep ROOT @myriaddreamin/typst-ts-node-compiler-linux-x64-gnu@0.6.0 OK for: @myriaddreamin/typst-ts-node-compiler@0.6.0 want: 0.6.0
1726 silly placeDep ROOT @myriaddreamin/typst-ts-node-compiler-linux-x64-musl@0.6.0 OK for: @myriaddreamin/typst-ts-node-compiler@0.6.0 want: 0.6.0
1727 silly placeDep ROOT @myriaddreamin/typst-ts-node-compiler-win32-arm64-msvc@0.6.0 OK for: @myriaddreamin/typst-ts-node-compiler@0.6.0 want: 0.6.0
1728 silly placeDep ROOT @myriaddreamin/typst-ts-node-compiler-win32-x64-msvc@0.6.0 OK for: @myriaddreamin/typst-ts-node-compiler@0.6.0 want: 0.6.0
1729 silly placeDep ROOT @napi-rs/simple-git-android-arm-eabi@0.1.22 OK for: @napi-rs/simple-git@0.1.22 want: 0.1.22
1730 silly placeDep ROOT @napi-rs/simple-git-android-arm64@0.1.22 OK for: @napi-rs/simple-git@0.1.22 want: 0.1.22
1731 silly placeDep ROOT @napi-rs/simple-git-darwin-arm64@0.1.22 OK for: @napi-rs/simple-git@0.1.22 want: 0.1.22
1732 silly placeDep ROOT @napi-rs/simple-git-darwin-x64@0.1.22 OK for: @napi-rs/simple-git@0.1.22 want: 0.1.22
1733 silly placeDep ROOT @napi-rs/simple-git-freebsd-x64@0.1.22 OK for: @napi-rs/simple-git@0.1.22 want: 0.1.22
1734 silly placeDep ROOT @napi-rs/simple-git-linux-arm-gnueabihf@0.1.22 OK for: @napi-rs/simple-git@0.1.22 want: 0.1.22
1735 silly placeDep ROOT @napi-rs/simple-git-linux-arm64-gnu@0.1.22 OK for: @napi-rs/simple-git@0.1.22 want: 0.1.22
1736 silly placeDep ROOT @napi-rs/simple-git-linux-arm64-musl@0.1.22 OK for: @napi-rs/simple-git@0.1.22 want: 0.1.22
1737 silly placeDep ROOT @napi-rs/simple-git-linux-ppc64-gnu@0.1.22 OK for: @napi-rs/simple-git@0.1.22 want: 0.1.22
1738 silly placeDep ROOT @napi-rs/simple-git-linux-s390x-gnu@0.1.22 OK for: @napi-rs/simple-git@0.1.22 want: 0.1.22
1739 silly placeDep ROOT @napi-rs/simple-git-linux-x64-gnu@0.1.22 OK for: @napi-rs/simple-git@0.1.22 want: 0.1.22
1740 silly placeDep ROOT @napi-rs/simple-git-linux-x64-musl@0.1.22 OK for: @napi-rs/simple-git@0.1.22 want: 0.1.22
1741 silly placeDep ROOT @napi-rs/simple-git-win32-arm64-msvc@0.1.22 OK for: @napi-rs/simple-git@0.1.22 want: 0.1.22
1742 silly placeDep ROOT @napi-rs/simple-git-win32-ia32-msvc@0.1.22 OK for: @napi-rs/simple-git@0.1.22 want: 0.1.22
1743 silly placeDep ROOT @napi-rs/simple-git-win32-x64-msvc@0.1.22 OK for: @napi-rs/simple-git@0.1.22 want: 0.1.22
1744 silly placeDep ROOT @types/d3-array@3.2.2 OK for: @types/d3@7.4.3 want: *
1745 silly placeDep ROOT @types/d3-axis@3.0.6 OK for: @types/d3@7.4.3 want: *
1746 silly placeDep ROOT @types/d3-brush@3.0.6 OK for: @types/d3@7.4.3 want: *
1747 silly placeDep ROOT @types/d3-chord@3.0.6 OK for: @types/d3@7.4.3 want: *
1748 silly placeDep ROOT @types/d3-color@3.1.3 OK for: @types/d3@7.4.3 want: *
1749 silly placeDep ROOT @types/d3-contour@3.0.6 OK for: @types/d3@7.4.3 want: *
1750 silly placeDep ROOT @types/d3-delaunay@6.0.4 OK for: @types/d3@7.4.3 want: *
1751 silly placeDep ROOT @types/d3-dispatch@3.0.7 OK for: @types/d3@7.4.3 want: *
1752 silly placeDep ROOT @types/d3-drag@3.0.7 OK for: @types/d3@7.4.3 want: *
1753 silly placeDep ROOT @types/d3-dsv@3.0.7 OK for: @types/d3@7.4.3 want: *
1754 silly placeDep ROOT @types/d3-ease@3.0.2 OK for: @types/d3@7.4.3 want: *
1755 silly placeDep ROOT @types/d3-fetch@3.0.7 OK for: @types/d3@7.4.3 want: *
1756 silly placeDep ROOT @types/d3-force@3.0.10 OK for: @types/d3@7.4.3 want: *
1757 silly placeDep ROOT @types/d3-format@3.0.4 OK for: @types/d3@7.4.3 want: *
1758 silly placeDep ROOT @types/d3-geo@3.1.0 OK for: @types/d3@7.4.3 want: *
1759 silly placeDep ROOT @types/d3-hierarchy@3.1.7 OK for: @types/d3@7.4.3 want: *
1760 silly placeDep ROOT @types/d3-interpolate@3.0.4 OK for: @types/d3@7.4.3 want: *
1761 silly placeDep ROOT @types/d3-path@3.1.1 OK for: @types/d3@7.4.3 want: *
1762 silly placeDep ROOT @types/d3-polygon@3.0.2 OK for: @types/d3@7.4.3 want: *
1763 silly placeDep ROOT @types/d3-quadtree@3.0.6 OK for: @types/d3@7.4.3 want: *
1764 silly placeDep ROOT @types/d3-random@3.0.3 OK for: @types/d3@7.4.3 want: *
1765 silly placeDep ROOT @types/d3-scale@4.0.9 OK for: @types/d3@7.4.3 want: *
1766 silly placeDep ROOT @types/d3-scale-chromatic@3.1.0 OK for: @types/d3@7.4.3 want: *
1767 silly placeDep ROOT @types/d3-selection@3.0.11 OK for: @types/d3@7.4.3 want: *
1768 silly placeDep ROOT @types/d3-shape@3.1.8 OK for: @types/d3@7.4.3 want: *
1769 silly placeDep ROOT @types/d3-time@3.0.4 OK for: @types/d3@7.4.3 want: *
1770 silly placeDep ROOT @types/d3-time-format@4.0.3 OK for: @types/d3@7.4.3 want: *
1771 silly placeDep ROOT @types/d3-timer@3.0.2 OK for: @types/d3@7.4.3 want: *
1772 silly placeDep ROOT @types/d3-transition@3.0.9 OK for: @types/d3@7.4.3 want: *
1773 silly placeDep ROOT @types/d3-zoom@3.0.8 OK for: @types/d3@7.4.3 want: *
1774 silly fetch manifest @types/geojson@*
1775 silly packumentCache full:https://registry.npmjs.org/@types%2fgeojson cache-miss
1776 silly fetch manifest @types/geojson@*
1777 silly packumentCache full:https://registry.npmjs.org/@types%2fgeojson cache-miss
1778 http fetch GET 200 https://registry.npmjs.org/@types%2fgeojson 127ms (cache miss)
1779 silly packumentCache full:https://registry.npmjs.org/@types%2fgeojson set size:undefined disposed:false
1780 http fetch GET 200 https://registry.npmjs.org/@types%2fgeojson 135ms (cache miss)
1781 silly packumentCache full:https://registry.npmjs.org/@types%2fgeojson set size:undefined disposed:false
1782 silly placeDep ROOT @types/geojson@7946.0.16 OK for: @types/d3-contour@3.0.6 want: *
1783 silly placeDep ROOT @types/unist@3.0.3 OK for: @types/hast@3.0.4 want: *
1784 silly placeDep ROOT undici-types@7.19.2 OK for: @types/node@25.6.0 want: ~7.19.0
1785 silly placeDep ROOT source-map@0.6.1 OK for: @types/source-map-support@0.5.10 want: ^0.6.0
1786 silly placeDep ROOT @types/yargs-parser@21.0.3 OK for: @types/yargs@17.0.35 want: *
1787 silly placeDep ROOT fast-string-truncated-width@3.0.3 OK for: ansi-truncate@1.4.0 want: ^3.0.1
1788 silly placeDep ROOT tslib@2.8.1 OK for: async-mutex@0.5.0 want: ^2.4.0
1789 silly placeDep ROOT readdirp@5.0.0 OK for: chokidar@5.0.0 want: ^5.0.0
1790 silly placeDep ROOT d3-array@3.2.4 OK for: d3@7.9.0 want: 3
1791 silly placeDep ROOT d3-axis@3.0.0 OK for: d3@7.9.0 want: 3
1792 silly placeDep ROOT d3-brush@3.0.0 OK for: d3@7.9.0 want: 3
1793 silly placeDep ROOT d3-chord@3.0.1 OK for: d3@7.9.0 want: 3
1794 silly placeDep ROOT d3-color@3.1.0 OK for: d3@7.9.0 want: 3
1795 silly placeDep ROOT d3-contour@4.0.2 OK for: d3@7.9.0 want: 4
1796 silly placeDep ROOT d3-delaunay@6.0.4 OK for: d3@7.9.0 want: 6
1797 silly placeDep ROOT d3-dispatch@3.0.1 OK for: d3@7.9.0 want: 3
1798 silly placeDep ROOT d3-drag@3.0.0 OK for: d3@7.9.0 want: 3
1799 silly placeDep ROOT d3-dsv@3.0.1 OK for: d3@7.9.0 want: 3
1800 silly placeDep ROOT d3-ease@3.0.1 OK for: d3@7.9.0 want: 3
1801 silly placeDep ROOT d3-fetch@3.0.1 OK for: d3@7.9.0 want: 3
1802 silly placeDep ROOT d3-force@3.0.0 OK for: d3@7.9.0 want: 3
1803 silly placeDep ROOT d3-format@3.1.2 OK for: d3@7.9.0 want: 3
1804 silly placeDep ROOT d3-geo@3.1.1 OK for: d3@7.9.0 want: 3
1805 silly placeDep ROOT d3-hierarchy@3.1.2 OK for: d3@7.9.0 want: 3
1806 silly placeDep ROOT d3-interpolate@3.0.1 OK for: d3@7.9.0 want: 3
1807 silly placeDep ROOT d3-path@3.1.0 OK for: d3@7.9.0 want: 3
1808 silly placeDep ROOT d3-polygon@3.0.1 OK for: d3@7.9.0 want: 3
1809 silly placeDep ROOT d3-quadtree@3.0.1 OK for: d3@7.9.0 want: 3
1810 silly placeDep ROOT d3-random@3.0.1 OK for: d3@7.9.0 want: 3
1811 silly placeDep ROOT d3-scale@4.0.2 OK for: d3@7.9.0 want: 4
1812 silly placeDep ROOT d3-scale-chromatic@3.1.0 OK for: d3@7.9.0 want: 3
1813 silly placeDep ROOT d3-selection@3.0.0 OK for: d3@7.9.0 want: 3
1814 silly placeDep ROOT d3-shape@3.2.0 OK for: d3@7.9.0 want: 3
1815 silly placeDep ROOT d3-time@3.1.0 OK for: d3@7.9.0 want: 3
1816 silly placeDep ROOT d3-time-format@4.1.0 OK for: d3@7.9.0 want: 4
1817 silly placeDep ROOT d3-timer@3.0.1 OK for: d3@7.9.0 want: 3
1818 silly placeDep ROOT d3-transition@3.0.1 OK for: d3@7.9.0 want: 3
1819 silly placeDep ROOT d3-zoom@3.0.0 OK for: d3@7.9.0 want: 3
1820 silly fetch manifest internmap@1 - 2
1821 silly packumentCache full:https://registry.npmjs.org/internmap cache-miss
1822 silly fetch manifest d3-dispatch@1 - 3
1823 silly packumentCache full:https://registry.npmjs.org/d3-dispatch cache-miss
1824 silly fetch manifest d3-drag@2 - 3
1825 silly packumentCache full:https://registry.npmjs.org/d3-drag cache-miss
1826 silly fetch manifest d3-interpolate@1 - 3
1827 silly packumentCache full:https://registry.npmjs.org/d3-interpolate cache-miss
1828 silly fetch manifest d3-path@1 - 3
1829 silly packumentCache full:https://registry.npmjs.org/d3-path cache-miss
1830 silly fetch manifest delaunator@5
1831 silly packumentCache full:https://registry.npmjs.org/delaunator cache-miss
1832 silly fetch manifest commander@7
1833 silly packumentCache full:https://registry.npmjs.org/commander cache-miss
1834 silly fetch manifest iconv-lite@0.6
1835 silly packumentCache full:https://registry.npmjs.org/iconv-lite cache-miss
1836 silly fetch manifest rw@1
1837 silly packumentCache full:https://registry.npmjs.org/rw cache-miss
1838 silly fetch manifest d3-quadtree@1 - 3
1839 silly packumentCache full:https://registry.npmjs.org/d3-quadtree cache-miss
1840 silly fetch manifest d3-timer@1 - 3
1841 silly packumentCache full:https://registry.npmjs.org/d3-timer cache-miss
1842 http cache https://registry.npmjs.org/d3-dispatch 5ms (cache hit)
1843 silly packumentCache full:https://registry.npmjs.org/d3-dispatch set size:82955 disposed:false
1844 silly fetch manifest d3-time@2.1.1 - 3
1845 silly packumentCache full:https://registry.npmjs.org/d3-time cache-miss
1846 http cache https://registry.npmjs.org/d3-quadtree 5ms (cache hit)
1847 silly packumentCache full:https://registry.npmjs.org/d3-quadtree set size:98011 disposed:false
1848 silly fetch manifest d3-time-format@2 - 4
1849 silly packumentCache full:https://registry.npmjs.org/d3-time-format cache-miss
1850 http cache https://registry.npmjs.org/d3-interpolate 6ms (cache hit)
1851 silly packumentCache full:https://registry.npmjs.org/d3-interpolate set size:162337 disposed:false
1852 http cache https://registry.npmjs.org/d3-path 6ms (cache hit)
1853 silly packumentCache full:https://registry.npmjs.org/d3-path set size:77883 disposed:false
1854 http cache https://registry.npmjs.org/d3-timer 8ms (cache hit)
1855 silly packumentCache full:https://registry.npmjs.org/d3-timer set size:101516 disposed:false
1856 http cache https://registry.npmjs.org/d3-drag 10ms (cache hit)
1857 silly packumentCache full:https://registry.npmjs.org/d3-drag set size:116130 disposed:false
1858 http cache https://registry.npmjs.org/d3-time 6ms (cache hit)
1859 silly packumentCache full:https://registry.npmjs.org/d3-time set size:150406 disposed:false
1860 http cache https://registry.npmjs.org/d3-time-format 7ms (cache hit)
1861 silly packumentCache full:https://registry.npmjs.org/d3-time-format set size:124514 disposed:false
1862 http fetch GET 200 https://registry.npmjs.org/internmap 223ms (cache miss)
1863 silly packumentCache full:https://registry.npmjs.org/internmap set size:undefined disposed:false
1864 http fetch GET 200 https://registry.npmjs.org/rw 223ms (cache miss)
1865 silly packumentCache full:https://registry.npmjs.org/rw set size:undefined disposed:false
1866 http fetch GET 200 https://registry.npmjs.org/iconv-lite 224ms (cache miss)
1867 silly packumentCache full:https://registry.npmjs.org/iconv-lite set size:undefined disposed:false
1868 http fetch GET 200 https://registry.npmjs.org/commander 225ms (cache miss)
1869 silly packumentCache full:https://registry.npmjs.org/commander set size:undefined disposed:false
1870 http fetch GET 200 https://registry.npmjs.org/delaunator 392ms (cache miss)
1871 silly packumentCache full:https://registry.npmjs.org/delaunator set size:undefined disposed:false
1872 silly placeDep ROOT internmap@2.0.3 OK for: d3-array@3.2.4 want: 1 - 2
1873 silly placeDep ROOT delaunator@5.1.0 OK for: d3-delaunay@6.0.4 want: 5
1874 silly fetch manifest robust-predicates@^3.0.2
1875 silly packumentCache full:https://registry.npmjs.org/robust-predicates cache-miss
1876 http fetch GET 200 https://registry.npmjs.org/robust-predicates 29ms (cache miss)
1877 silly packumentCache full:https://registry.npmjs.org/robust-predicates set size:undefined disposed:false
1878 silly placeDep ROOT commander@7.2.0 OK for: d3-dsv@3.0.1 want: 7
1879 silly placeDep ROOT iconv-lite@0.6.3 OK for: d3-dsv@3.0.1 want: 0.6
1880 silly placeDep ROOT rw@1.3.3 OK for: d3-dsv@3.0.1 want: 1
1881 silly fetch manifest safer-buffer@>= 2.1.2 < 3.0.0
1882 silly packumentCache full:https://registry.npmjs.org/safer-buffer cache-miss
1883 http fetch GET 200 https://registry.npmjs.org/safer-buffer 294ms (cache miss)
1884 silly packumentCache full:https://registry.npmjs.org/safer-buffer set size:undefined disposed:false
1885 silly placeDep ROOT robust-predicates@3.0.3 OK for: delaunator@5.1.0 want: ^3.0.2
1886 silly placeDep ROOT @esbuild/aix-ppc64@0.27.7 OK for: esbuild@0.27.7 want: 0.27.7
1887 silly placeDep ROOT @esbuild/android-arm@0.27.7 OK for: esbuild@0.27.7 want: 0.27.7
1888 silly placeDep ROOT @esbuild/android-arm64@0.27.7 OK for: esbuild@0.27.7 want: 0.27.7
1889 silly placeDep ROOT @esbuild/android-x64@0.27.7 OK for: esbuild@0.27.7 want: 0.27.7
1890 silly placeDep ROOT @esbuild/darwin-arm64@0.27.7 OK for: esbuild@0.27.7 want: 0.27.7
1891 silly placeDep ROOT @esbuild/darwin-x64@0.27.7 OK for: esbuild@0.27.7 want: 0.27.7
1892 silly placeDep ROOT @esbuild/freebsd-arm64@0.27.7 OK for: esbuild@0.27.7 want: 0.27.7
1893 silly placeDep ROOT @esbuild/freebsd-x64@0.27.7 OK for: esbuild@0.27.7 want: 0.27.7
1894 silly placeDep ROOT @esbuild/linux-arm@0.27.7 OK for: esbuild@0.27.7 want: 0.27.7
1895 silly placeDep ROOT @esbuild/linux-arm64@0.27.7 OK for: esbuild@0.27.7 want: 0.27.7
1896 silly placeDep ROOT @esbuild/linux-ia32@0.27.7 OK for: esbuild@0.27.7 want: 0.27.7
1897 silly placeDep ROOT @esbuild/linux-loong64@0.27.7 OK for: esbuild@0.27.7 want: 0.27.7
1898 silly placeDep ROOT @esbuild/linux-mips64el@0.27.7 OK for: esbuild@0.27.7 want: 0.27.7
1899 silly placeDep ROOT @esbuild/linux-ppc64@0.27.7 OK for: esbuild@0.27.7 want: 0.27.7
1900 silly placeDep ROOT @esbuild/linux-riscv64@0.27.7 OK for: esbuild@0.27.7 want: 0.27.7
1901 silly placeDep ROOT @esbuild/linux-s390x@0.27.7 OK for: esbuild@0.27.7 want: 0.27.7
1902 silly placeDep ROOT @esbuild/linux-x64@0.27.7 OK for: esbuild@0.27.7 want: 0.27.7
1903 silly placeDep ROOT @esbuild/netbsd-arm64@0.27.7 OK for: esbuild@0.27.7 want: 0.27.7
1904 silly placeDep ROOT @esbuild/netbsd-x64@0.27.7 OK for: esbuild@0.27.7 want: 0.27.7
1905 silly placeDep ROOT @esbuild/openbsd-arm64@0.27.7 OK for: esbuild@0.27.7 want: 0.27.7
1906 silly placeDep ROOT @esbuild/openbsd-x64@0.27.7 OK for: esbuild@0.27.7 want: 0.27.7
1907 silly placeDep ROOT @esbuild/openharmony-arm64@0.27.7 OK for: esbuild@0.27.7 want: 0.27.7
1908 silly placeDep ROOT @esbuild/sunos-x64@0.27.7 OK for: esbuild@0.27.7 want: 0.27.7
1909 silly placeDep ROOT @esbuild/win32-arm64@0.27.7 OK for: esbuild@0.27.7 want: 0.27.7
1910 silly placeDep ROOT @esbuild/win32-ia32@0.27.7 OK for: esbuild@0.27.7 want: 0.27.7
1911 silly placeDep ROOT @esbuild/win32-x64@0.27.7 OK for: esbuild@0.27.7 want: 0.27.7
1912 silly placeDep ROOT resolve@1.22.12 OK for: esbuild-sass-plugin@3.7.0 want: ^1.22.11
1913 silly placeDep ROOT sass@1.99.0 OK for: esbuild-sass-plugin@3.7.0 want: ^1.97.3
1914 silly fetch manifest es-errors@^1.3.0
1915 silly packumentCache full:https://registry.npmjs.org/es-errors cache-miss
1916 silly fetch manifest is-core-module@^2.16.1
1917 silly packumentCache full:https://registry.npmjs.org/is-core-module cache-miss
1918 silly fetch manifest path-parse@^1.0.7
1919 silly packumentCache full:https://registry.npmjs.org/path-parse cache-miss
1920 silly fetch manifest supports-preserve-symlinks-flag@^1.0.0
1921 silly packumentCache full:https://registry.npmjs.org/supports-preserve-symlinks-flag cache-miss
1922 silly fetch manifest chokidar@^4.0.0
1923 silly packumentCache full:https://registry.npmjs.org/chokidar cache-miss
1924 silly fetch manifest source-map-js@>=0.6.2 <2.0.0
1925 silly packumentCache full:https://registry.npmjs.org/source-map-js cache-miss
1926 silly fetch manifest @parcel/watcher@^2.4.1
1927 silly packumentCache full:https://registry.npmjs.org/@parcel%2fwatcher cache-miss
1928 http cache https://registry.npmjs.org/chokidar 5ms (cache hit)
1929 silly packumentCache full:https://registry.npmjs.org/chokidar set size:255902 disposed:false
1930 http fetch GET 200 https://registry.npmjs.org/is-core-module 34ms (cache miss)
1931 silly packumentCache full:https://registry.npmjs.org/is-core-module set size:undefined disposed:false
1932 http fetch GET 200 https://registry.npmjs.org/source-map-js 35ms (cache miss)
1933 silly packumentCache full:https://registry.npmjs.org/source-map-js set size:undefined disposed:false
1934 http fetch GET 200 https://registry.npmjs.org/path-parse 36ms (cache miss)
1935 silly packumentCache full:https://registry.npmjs.org/path-parse set size:undefined disposed:false
1936 http fetch GET 200 https://registry.npmjs.org/es-errors 41ms (cache miss)
1937 silly packumentCache full:https://registry.npmjs.org/es-errors set size:undefined disposed:false
1938 http fetch GET 200 https://registry.npmjs.org/supports-preserve-symlinks-flag 47ms (cache miss)
1939 silly packumentCache full:https://registry.npmjs.org/supports-preserve-symlinks-flag set size:undefined disposed:false
1940 http fetch GET 200 https://registry.npmjs.org/@parcel%2fwatcher 91ms (cache miss)
1941 silly packumentCache full:https://registry.npmjs.org/@parcel%2fwatcher set size:undefined disposed:false
1942 silly placeDep ROOT @sindresorhus/merge-streams@4.0.0 OK for: globby@16.2.0 want: ^4.0.0
1943 silly placeDep ROOT fast-glob@3.3.3 OK for: globby@16.2.0 want: ^3.3.3
1944 silly placeDep ROOT ignore@7.0.5 OK for: globby@16.2.0 want: ^7.0.5
1945 silly placeDep ROOT is-path-inside@4.0.0 OK for: globby@16.2.0 want: ^4.0.0
1946 silly placeDep ROOT slash@5.1.0 OK for: globby@16.2.0 want: ^5.1.0
1947 silly placeDep ROOT unicorn-magic@0.4.0 OK for: globby@16.2.0 want: ^0.4.0
1948 silly fetch manifest @nodelib/fs.stat@^2.0.2
1949 silly packumentCache full:https://registry.npmjs.org/@nodelib%2ffs.stat cache-miss
1950 silly fetch manifest @nodelib/fs.walk@^1.2.3
1951 silly packumentCache full:https://registry.npmjs.org/@nodelib%2ffs.walk cache-miss
1952 silly fetch manifest glob-parent@^5.1.2
1953 silly packumentCache full:https://registry.npmjs.org/glob-parent cache-miss
1954 silly fetch manifest merge2@^1.3.0
1955 silly packumentCache full:https://registry.npmjs.org/merge2 cache-miss
1956 silly fetch manifest micromatch@^4.0.8
1957 silly packumentCache full:https://registry.npmjs.org/micromatch cache-miss
1958 http fetch GET 200 https://registry.npmjs.org/glob-parent 56ms (cache miss)
1959 silly packumentCache full:https://registry.npmjs.org/glob-parent set size:undefined disposed:false
1960 http fetch GET 200 https://registry.npmjs.org/merge2 57ms (cache miss)
1961 silly packumentCache full:https://registry.npmjs.org/merge2 set size:undefined disposed:false
1962 http fetch GET 200 https://registry.npmjs.org/micromatch 63ms (cache miss)
1963 silly packumentCache full:https://registry.npmjs.org/micromatch set size:undefined disposed:false
1964 http fetch GET 200 https://registry.npmjs.org/@nodelib%2ffs.walk 64ms (cache miss)
1965 silly packumentCache full:https://registry.npmjs.org/@nodelib%2ffs.walk set size:undefined disposed:false
1966 http fetch GET 200 https://registry.npmjs.org/@nodelib%2ffs.stat 71ms (cache miss)
1967 silly packumentCache full:https://registry.npmjs.org/@nodelib%2ffs.stat set size:undefined disposed:false
1968 silly placeDep ROOT @nodelib/fs.stat@2.0.5 OK for: fast-glob@3.3.3 want: ^2.0.2
1969 silly placeDep ROOT @nodelib/fs.walk@1.2.8 OK for: fast-glob@3.3.3 want: ^1.2.3
1970 silly placeDep ROOT glob-parent@5.1.2 OK for: fast-glob@3.3.3 want: ^5.1.2
1971 silly placeDep ROOT merge2@1.4.1 OK for: fast-glob@3.3.3 want: ^1.3.0
1972 silly placeDep ROOT micromatch@4.0.8 OK for: fast-glob@3.3.3 want: ^4.0.8
1973 silly fetch manifest fastq@^1.6.0
1974 silly packumentCache full:https://registry.npmjs.org/fastq cache-miss
1975 silly fetch manifest @nodelib/fs.scandir@2.1.5
1976 silly packumentCache full:https://registry.npmjs.org/@nodelib%2ffs.scandir cache-miss
1977 silly fetch manifest is-glob@^4.0.1
1978 silly packumentCache full:https://registry.npmjs.org/is-glob cache-miss
1979 silly fetch manifest braces@^3.0.3
1980 silly packumentCache full:https://registry.npmjs.org/braces cache-miss
1981 silly fetch manifest picomatch@^2.3.1
1982 silly packumentCache full:https://registry.npmjs.org/picomatch cache-miss
1983 http fetch GET 200 https://registry.npmjs.org/is-glob 30ms (cache miss)
1984 silly packumentCache full:https://registry.npmjs.org/is-glob set size:undefined disposed:false
1985 http fetch GET 200 https://registry.npmjs.org/@nodelib%2ffs.scandir 44ms (cache miss)
1986 silly packumentCache full:https://registry.npmjs.org/@nodelib%2ffs.scandir set size:undefined disposed:false
1987 http fetch GET 200 https://registry.npmjs.org/fastq 45ms (cache miss)
1988 silly packumentCache full:https://registry.npmjs.org/fastq set size:undefined disposed:false
1989 http fetch GET 200 https://registry.npmjs.org/picomatch 58ms (cache miss)
1990 silly packumentCache full:https://registry.npmjs.org/picomatch set size:undefined disposed:false
1991 http fetch GET 200 https://registry.npmjs.org/braces 133ms (cache miss)
1992 silly packumentCache full:https://registry.npmjs.org/braces set size:undefined disposed:false
1993 silly placeDep ROOT @nodelib/fs.scandir@2.1.5 OK for: @nodelib/fs.walk@1.2.8 want: 2.1.5
1994 silly placeDep ROOT fastq@1.20.1 OK for: @nodelib/fs.walk@1.2.8 want: ^1.6.0
1995 silly fetch manifest run-parallel@^1.1.9
1996 silly packumentCache full:https://registry.npmjs.org/run-parallel cache-miss
1997 silly fetch manifest reusify@^1.0.4
1998 silly packumentCache full:https://registry.npmjs.org/reusify cache-miss
1999 http fetch GET 200 https://registry.npmjs.org/reusify 191ms (cache miss)
2000 silly packumentCache full:https://registry.npmjs.org/reusify set size:undefined disposed:false
2001 http fetch GET 200 https://registry.npmjs.org/run-parallel 192ms (cache miss)
2002 silly packumentCache full:https://registry.npmjs.org/run-parallel set size:undefined disposed:false
2003 silly placeDep ROOT run-parallel@1.2.0 OK for: @nodelib/fs.scandir@2.1.5 want: ^1.1.9
2004 silly fetch manifest queue-microtask@^1.2.2
2005 silly packumentCache full:https://registry.npmjs.org/queue-microtask cache-miss
2006 http fetch GET 200 https://registry.npmjs.org/queue-microtask 46ms (cache miss)
2007 silly packumentCache full:https://registry.npmjs.org/queue-microtask set size:undefined disposed:false
2008 silly placeDep ROOT reusify@1.1.0 OK for: fastq@1.20.1 want: ^1.0.4
2009 silly placeDep ROOT is-glob@4.0.3 OK for: glob-parent@5.1.2 want: ^4.0.1
2010 silly fetch manifest is-extglob@^2.1.1
2011 silly packumentCache full:https://registry.npmjs.org/is-extglob cache-miss
2012 http fetch GET 200 https://registry.npmjs.org/is-extglob 35ms (cache miss)
2013 silly packumentCache full:https://registry.npmjs.org/is-extglob set size:undefined disposed:false
2014 silly placeDep node_modules/gray-matter js-yaml@3.14.2 OK for: gray-matter@4.0.3 want: ^3.13.1
2015 silly placeDep ROOT kind-of@6.0.3 OK for: gray-matter@4.0.3 want: ^6.0.2
2016 silly placeDep ROOT section-matter@1.0.0 OK for: gray-matter@4.0.3 want: ^1.0.0
2017 silly placeDep ROOT strip-bom-string@1.0.0 OK for: gray-matter@4.0.3 want: ^1.0.0
2018 silly fetch manifest esprima@^4.0.0
2019 silly packumentCache full:https://registry.npmjs.org/esprima cache-miss
2020 silly fetch manifest argparse@^1.0.7
2021 silly packumentCache full:https://registry.npmjs.org/argparse cache-miss
2022 silly fetch manifest extend-shallow@^2.0.1
2023 silly packumentCache full:https://registry.npmjs.org/extend-shallow cache-miss
2024 http cache https://registry.npmjs.org/argparse 2ms (cache hit)
2025 silly packumentCache full:https://registry.npmjs.org/argparse set size:49266 disposed:false
2026 http fetch GET 200 https://registry.npmjs.org/extend-shallow 54ms (cache miss)
2027 silly packumentCache full:https://registry.npmjs.org/extend-shallow set size:undefined disposed:false
2028 http fetch GET 200 https://registry.npmjs.org/esprima 55ms (cache miss)
2029 silly packumentCache full:https://registry.npmjs.org/esprima set size:undefined disposed:false
2030 silly placeDep ROOT hast-util-from-dom@5.0.1 OK for: hast-util-from-html-isomorphic@2.0.0 want: ^5.0.0
2031 silly placeDep ROOT hast-util-from-html@2.0.3 OK for: hast-util-from-html-isomorphic@2.0.0 want: ^2.0.0
2032 silly placeDep ROOT unist-util-remove-position@5.0.0 OK for: hast-util-from-html-isomorphic@2.0.0 want: ^5.0.0
2033 silly fetch manifest web-namespaces@^2.0.0
2034 silly packumentCache full:https://registry.npmjs.org/web-namespaces cache-miss
2035 silly fetch manifest devlop@^1.1.0
2036 silly packumentCache full:https://registry.npmjs.org/devlop cache-miss
2037 silly fetch manifest hast-util-from-parse5@^8.0.0
2038 silly packumentCache full:https://registry.npmjs.org/hast-util-from-parse5 cache-miss
2039 silly fetch manifest parse5@^7.0.0
2040 silly packumentCache full:https://registry.npmjs.org/parse5 cache-miss
2041 http cache https://registry.npmjs.org/parse5 2ms (cache hit)
2042 silly packumentCache full:https://registry.npmjs.org/parse5 set size:123116 disposed:false
2043 http cache https://registry.npmjs.org/devlop 3ms (cache hit)
2044 silly packumentCache full:https://registry.npmjs.org/devlop set size:16868 disposed:false
2045 http cache https://registry.npmjs.org/hast-util-from-parse5 3ms (cache hit)
2046 silly packumentCache full:https://registry.npmjs.org/hast-util-from-parse5 set size:90289 disposed:false
2047 http fetch GET 200 https://registry.npmjs.org/web-namespaces 65ms (cache miss)
2048 silly packumentCache full:https://registry.npmjs.org/web-namespaces set size:undefined disposed:false
2049 silly placeDep ROOT hastscript@9.0.1 OK for: hast-util-from-dom@5.0.1 want: ^9.0.0
2050 silly placeDep ROOT web-namespaces@2.0.1 OK for: hast-util-from-dom@5.0.1 want: ^2.0.0
2051 silly fetch manifest hast-util-parse-selector@^4.0.0
2052 silly packumentCache full:https://registry.npmjs.org/hast-util-parse-selector cache-miss
2053 http fetch GET 200 https://registry.npmjs.org/hast-util-parse-selector 33ms (cache miss)
2054 silly packumentCache full:https://registry.npmjs.org/hast-util-parse-selector set size:undefined disposed:false
2055 silly placeDep ROOT devlop@1.1.0 OK for: hast-util-from-html@2.0.3 want: ^1.1.0
2056 silly placeDep ROOT hast-util-from-parse5@8.0.3 OK for: hast-util-from-html@2.0.3 want: ^8.0.0
2057 silly placeDep ROOT parse5@7.3.0 OK for: hast-util-from-html@2.0.3 want: ^7.0.0
2058 silly placeDep ROOT vfile-message@4.0.3 OK for: hast-util-from-html@2.0.3 want: ^4.0.0
2059 silly fetch manifest dequal@^2.0.0
2060 silly packumentCache full:https://registry.npmjs.org/dequal cache-miss
2061 silly fetch manifest vfile-location@^5.0.0
2062 silly packumentCache full:https://registry.npmjs.org/vfile-location cache-miss
2063 silly fetch manifest entities@^6.0.0
2064 silly packumentCache full:https://registry.npmjs.org/entities cache-miss
2065 silly fetch manifest unist-util-stringify-position@^4.0.0
2066 silly packumentCache full:https://registry.npmjs.org/unist-util-stringify-position cache-miss
2067 http fetch GET 200 https://registry.npmjs.org/dequal 55ms (cache miss)
2068 silly packumentCache full:https://registry.npmjs.org/dequal set size:undefined disposed:false
2069 http fetch GET 200 https://registry.npmjs.org/unist-util-stringify-position 55ms (cache miss)
2070 silly packumentCache full:https://registry.npmjs.org/unist-util-stringify-position set size:undefined disposed:false
2071 http fetch GET 200 https://registry.npmjs.org/entities 56ms (cache miss)
2072 silly packumentCache full:https://registry.npmjs.org/entities set size:undefined disposed:false
2073 http fetch GET 200 https://registry.npmjs.org/vfile-location 57ms (cache miss)
2074 silly packumentCache full:https://registry.npmjs.org/vfile-location set size:undefined disposed:false
2075 silly placeDep ROOT dequal@2.0.3 OK for: devlop@1.1.0 want: ^2.0.0
2076 silly placeDep ROOT property-information@7.1.0 OK for: hast-util-from-parse5@8.0.3 want: ^7.0.0
2077 silly placeDep ROOT vfile-location@5.0.3 OK for: hast-util-from-parse5@8.0.3 want: ^5.0.0
2078 silly placeDep ROOT ccount@2.0.1 OK for: hast-util-to-html@9.0.5 want: ^2.0.0
2079 silly placeDep ROOT comma-separated-tokens@2.0.3 OK for: hast-util-to-html@9.0.5 want: ^2.0.0
2080 silly placeDep ROOT hast-util-whitespace@3.0.0 OK for: hast-util-to-html@9.0.5 want: ^3.0.0
2081 silly placeDep ROOT html-void-elements@3.0.0 OK for: hast-util-to-html@9.0.5 want: ^3.0.0
2082 silly placeDep ROOT space-separated-tokens@2.0.2 OK for: hast-util-to-html@9.0.5 want: ^2.0.0
2083 silly placeDep ROOT stringify-entities@4.0.4 OK for: hast-util-to-html@9.0.5 want: ^4.0.0
2084 silly placeDep ROOT zwitch@2.0.4 OK for: hast-util-to-html@9.0.5 want: ^2.0.4
2085 silly fetch manifest character-entities-html4@^2.0.0
2086 silly packumentCache full:https://registry.npmjs.org/character-entities-html4 cache-miss
2087 silly fetch manifest character-entities-legacy@^3.0.0
2088 silly packumentCache full:https://registry.npmjs.org/character-entities-legacy cache-miss
2089 http fetch GET 200 https://registry.npmjs.org/character-entities-legacy 126ms (cache miss)
2090 silly packumentCache full:https://registry.npmjs.org/character-entities-legacy set size:undefined disposed:false
2091 http fetch GET 200 https://registry.npmjs.org/character-entities-html4 218ms (cache miss)
2092 silly packumentCache full:https://registry.npmjs.org/character-entities-html4 set size:undefined disposed:false
2093 silly placeDep ROOT @types/estree@1.0.8 OK for: hast-util-to-jsx-runtime@2.3.6 want: ^1.0.0
2094 silly placeDep ROOT estree-util-is-identifier-name@3.0.0 OK for: hast-util-to-jsx-runtime@2.3.6 want: ^3.0.0
2095 silly placeDep ROOT mdast-util-mdx-expression@2.0.1 OK for: hast-util-to-jsx-runtime@2.3.6 want: ^2.0.0
2096 silly placeDep ROOT mdast-util-mdx-jsx@3.2.0 OK for: hast-util-to-jsx-runtime@2.3.6 want: ^3.0.0
2097 silly placeDep ROOT mdast-util-mdxjs-esm@2.0.1 OK for: hast-util-to-jsx-runtime@2.3.6 want: ^2.0.0
2098 silly placeDep ROOT style-to-js@1.1.21 OK for: hast-util-to-jsx-runtime@2.3.6 want: ^1.0.0
2099 silly placeDep ROOT unist-util-position@5.0.0 OK for: hast-util-to-jsx-runtime@2.3.6 want: ^5.0.0
2100 silly fetch manifest @types/estree-jsx@^1.0.0
2101 silly packumentCache full:https://registry.npmjs.org/@types%2festree-jsx cache-miss
2102 silly fetch manifest mdast-util-to-markdown@^2.0.0
2103 silly packumentCache full:https://registry.npmjs.org/mdast-util-to-markdown cache-miss
2104 silly fetch manifest @types/estree-jsx@^1.0.0
2105 silly packumentCache full:https://registry.npmjs.org/@types%2festree-jsx cache-miss
2106 silly fetch manifest mdast-util-to-markdown@^2.0.0
2107 silly packumentCache full:https://registry.npmjs.org/mdast-util-to-markdown cache-miss
2108 silly fetch manifest parse-entities@^4.0.0
2109 silly packumentCache full:https://registry.npmjs.org/parse-entities cache-miss
2110 silly fetch manifest @types/estree-jsx@^1.0.0
2111 silly packumentCache full:https://registry.npmjs.org/@types%2festree-jsx cache-miss
2112 silly fetch manifest mdast-util-to-markdown@^2.0.0
2113 silly packumentCache full:https://registry.npmjs.org/mdast-util-to-markdown cache-miss
2114 silly fetch manifest style-to-object@1.0.14
2115 silly packumentCache full:https://registry.npmjs.org/style-to-object cache-miss
2116 http fetch GET 200 https://registry.npmjs.org/@types%2festree-jsx 74ms (cache miss)
2117 silly packumentCache full:https://registry.npmjs.org/@types%2festree-jsx set size:undefined disposed:false
2118 http fetch GET 200 https://registry.npmjs.org/parse-entities 74ms (cache miss)
2119 silly packumentCache full:https://registry.npmjs.org/parse-entities set size:undefined disposed:false
2120 http fetch GET 200 https://registry.npmjs.org/style-to-object 90ms (cache miss)
2121 silly packumentCache full:https://registry.npmjs.org/style-to-object set size:undefined disposed:false
2122 http fetch GET 200 https://registry.npmjs.org/mdast-util-to-markdown 91ms (cache miss)
2123 silly packumentCache full:https://registry.npmjs.org/mdast-util-to-markdown set size:undefined disposed:false
2124 http fetch GET 200 https://registry.npmjs.org/mdast-util-to-markdown 92ms (cache miss)
2125 silly packumentCache full:https://registry.npmjs.org/mdast-util-to-markdown set size:undefined disposed:false
2126 http fetch GET 200 https://registry.npmjs.org/@types%2festree-jsx 103ms (cache miss)
2127 silly packumentCache full:https://registry.npmjs.org/@types%2festree-jsx set size:undefined disposed:false
2128 http fetch GET 200 https://registry.npmjs.org/@types%2festree-jsx 103ms (cache miss)
2129 silly packumentCache full:https://registry.npmjs.org/@types%2festree-jsx set size:undefined disposed:false
2130 http fetch GET 200 https://registry.npmjs.org/mdast-util-to-markdown 104ms (cache miss)
2131 silly packumentCache full:https://registry.npmjs.org/mdast-util-to-markdown set size:undefined disposed:false
2132 silly placeDep ROOT hast-util-is-element@3.0.0 OK for: hast-util-to-text@4.0.2 want: ^3.0.0
2133 silly placeDep ROOT unist-util-find-after@5.0.0 OK for: hast-util-to-text@4.0.2 want: ^5.0.0
2134 silly placeDep ROOT hast-util-parse-selector@4.0.0 OK for: hastscript@9.0.1 want: ^4.0.0
2135 silly placeDep ROOT agent-base@7.1.4 OK for: https-proxy-agent@7.0.6 want: ^7.1.2
2136 silly placeDep ROOT debug@4.4.3 OK for: https-proxy-agent@7.0.6 want: 4
2137 silly fetch manifest ms@^2.1.3
2138 silly packumentCache full:https://registry.npmjs.org/ms cache-miss
2139 http fetch GET 200 https://registry.npmjs.org/ms 171ms (cache miss)
2140 silly packumentCache full:https://registry.npmjs.org/ms set size:undefined disposed:false
2141 silly placeDep ROOT ms@2.1.3 OK for: debug@4.4.3 want: ^2.1.3
2142 silly placeDep ROOT safer-buffer@2.1.2 OK for: iconv-lite@0.6.3 want: >= 2.1.2 < 3.0.0
2143 silly placeDep ROOT is-extglob@2.1.1 OK for: is-glob@4.0.3 want: ^2.1.1
2144 silly placeDep ROOT argparse@2.0.1 OK for: js-yaml@4.1.1 want: ^2.0.1
2145 silly placeDep ROOT detect-libc@2.1.2 OK for: lightningcss@1.32.0 want: ^2.0.3
2146 silly placeDep ROOT lightningcss-android-arm64@1.32.0 OK for: lightningcss@1.32.0 want: 1.32.0
2147 silly placeDep ROOT lightningcss-darwin-arm64@1.32.0 OK for: lightningcss@1.32.0 want: 1.32.0
2148 silly placeDep ROOT lightningcss-darwin-x64@1.32.0 OK for: lightningcss@1.32.0 want: 1.32.0
2149 silly placeDep ROOT lightningcss-freebsd-x64@1.32.0 OK for: lightningcss@1.32.0 want: 1.32.0
2150 silly placeDep ROOT lightningcss-linux-arm-gnueabihf@1.32.0 OK for: lightningcss@1.32.0 want: 1.32.0
2151 silly placeDep ROOT lightningcss-linux-arm64-gnu@1.32.0 OK for: lightningcss@1.32.0 want: 1.32.0
2152 silly placeDep ROOT lightningcss-linux-arm64-musl@1.32.0 OK for: lightningcss@1.32.0 want: 1.32.0
2153 silly placeDep ROOT lightningcss-linux-x64-gnu@1.32.0 OK for: lightningcss@1.32.0 want: 1.32.0
2154 silly placeDep ROOT lightningcss-linux-x64-musl@1.32.0 OK for: lightningcss@1.32.0 want: 1.32.0
2155 silly placeDep ROOT lightningcss-win32-arm64-msvc@1.32.0 OK for: lightningcss@1.32.0 want: 1.32.0
2156 silly placeDep ROOT lightningcss-win32-x64-msvc@1.32.0 OK for: lightningcss@1.32.0 want: 1.32.0
2157 silly placeDep ROOT @types/mdast@4.0.4 OK for: mdast-util-find-and-replace@3.0.2 want: ^4.0.0
2158 silly placeDep ROOT escape-string-regexp@5.0.0 OK for: mdast-util-find-and-replace@3.0.2 want: ^5.0.0
2159 silly placeDep ROOT unist-util-is@6.0.1 OK for: mdast-util-find-and-replace@3.0.2 want: ^6.0.0
2160 silly placeDep ROOT @types/estree-jsx@1.0.5 OK for: mdast-util-mdx-expression@2.0.1 want: ^1.0.0
2161 silly placeDep ROOT mdast-util-from-markdown@2.0.3 OK for: mdast-util-mdx-expression@2.0.1 want: ^2.0.0
2162 silly placeDep ROOT mdast-util-to-markdown@2.1.2 OK for: mdast-util-mdx-expression@2.0.1 want: ^2.0.0
2163 silly fetch manifest decode-named-character-reference@^1.0.0
2164 silly packumentCache full:https://registry.npmjs.org/decode-named-character-reference cache-miss
2165 silly fetch manifest micromark@^4.0.0
2166 silly packumentCache full:https://registry.npmjs.org/micromark cache-miss
2167 silly fetch manifest micromark-util-decode-numeric-character-reference@^2.0.0
2168 silly packumentCache full:https://registry.npmjs.org/micromark-util-decode-numeric-character-reference cache-miss
2169 silly fetch manifest micromark-util-decode-string@^2.0.0
2170 silly packumentCache full:https://registry.npmjs.org/micromark-util-decode-string cache-miss
2171 silly fetch manifest micromark-util-normalize-identifier@^2.0.0
2172 silly packumentCache full:https://registry.npmjs.org/micromark-util-normalize-identifier cache-miss
2173 silly fetch manifest micromark-util-symbol@^2.0.0
2174 silly packumentCache full:https://registry.npmjs.org/micromark-util-symbol cache-miss
2175 silly fetch manifest longest-streak@^3.0.0
2176 silly packumentCache full:https://registry.npmjs.org/longest-streak cache-miss
2177 silly fetch manifest mdast-util-phrasing@^4.0.0
2178 silly packumentCache full:https://registry.npmjs.org/mdast-util-phrasing cache-miss
2179 silly fetch manifest micromark-util-classify-character@^2.0.0
2180 silly packumentCache full:https://registry.npmjs.org/micromark-util-classify-character cache-miss
2181 silly fetch manifest micromark-util-decode-string@^2.0.0
2182 silly packumentCache full:https://registry.npmjs.org/micromark-util-decode-string cache-miss
2183 http fetch GET 200 https://registry.npmjs.org/micromark-util-symbol 203ms (cache miss)
2184 silly packumentCache full:https://registry.npmjs.org/micromark-util-symbol set size:undefined disposed:false
2185 http fetch GET 200 https://registry.npmjs.org/micromark-util-decode-numeric-character-reference 204ms (cache miss)
2186 silly packumentCache full:https://registry.npmjs.org/micromark-util-decode-numeric-character-reference set size:undefined disposed:false
2187 http fetch GET 200 https://registry.npmjs.org/micromark-util-normalize-identifier 204ms (cache miss)
2188 silly packumentCache full:https://registry.npmjs.org/micromark-util-normalize-identifier set size:undefined disposed:false
2189 http fetch GET 200 https://registry.npmjs.org/longest-streak 204ms (cache miss)
2190 silly packumentCache full:https://registry.npmjs.org/longest-streak set size:undefined disposed:false
2191 http fetch GET 200 https://registry.npmjs.org/micromark-util-classify-character 205ms (cache miss)
2192 silly packumentCache full:https://registry.npmjs.org/micromark-util-classify-character set size:undefined disposed:false
2193 http fetch GET 200 https://registry.npmjs.org/micromark-util-decode-string 205ms (cache miss)
2194 silly packumentCache full:https://registry.npmjs.org/micromark-util-decode-string set size:undefined disposed:false
2195 http fetch GET 200 https://registry.npmjs.org/mdast-util-phrasing 205ms (cache miss)
2196 silly packumentCache full:https://registry.npmjs.org/mdast-util-phrasing set size:undefined disposed:false
2197 http fetch GET 200 https://registry.npmjs.org/decode-named-character-reference 206ms (cache miss)
2198 silly packumentCache full:https://registry.npmjs.org/decode-named-character-reference set size:undefined disposed:false
2199 http fetch GET 200 https://registry.npmjs.org/micromark 217ms (cache miss)
2200 silly packumentCache full:https://registry.npmjs.org/micromark set size:undefined disposed:false
2201 http fetch GET 200 https://registry.npmjs.org/micromark-util-decode-string 232ms (cache miss)
2202 silly packumentCache full:https://registry.npmjs.org/micromark-util-decode-string set size:undefined disposed:false
2203 silly placeDep ROOT decode-named-character-reference@1.3.0 OK for: mdast-util-from-markdown@2.0.3 want: ^1.0.0
2204 silly placeDep ROOT micromark@4.0.2 OK for: mdast-util-from-markdown@2.0.3 want: ^4.0.0
2205 silly placeDep ROOT micromark-util-decode-numeric-character-reference@2.0.2 OK for: mdast-util-from-markdown@2.0.3 want: ^2.0.0
2206 silly placeDep ROOT micromark-util-decode-string@2.0.1 OK for: mdast-util-from-markdown@2.0.3 want: ^2.0.0
2207 silly placeDep ROOT micromark-util-normalize-identifier@2.0.1 OK for: mdast-util-from-markdown@2.0.3 want: ^2.0.0
2208 silly placeDep ROOT micromark-util-symbol@2.0.1 OK for: mdast-util-from-markdown@2.0.3 want: ^2.0.0
2209 silly placeDep ROOT micromark-util-types@2.0.2 OK for: mdast-util-from-markdown@2.0.3 want: ^2.0.0
2210 silly placeDep ROOT unist-util-stringify-position@4.0.0 OK for: mdast-util-from-markdown@2.0.3 want: ^4.0.0
2211 silly fetch manifest character-entities@^2.0.0
2212 silly packumentCache full:https://registry.npmjs.org/character-entities cache-miss
2213 silly fetch manifest @types/debug@^4.0.0
2214 silly packumentCache full:https://registry.npmjs.org/@types%2fdebug cache-miss
2215 silly fetch manifest micromark-core-commonmark@^2.0.0
2216 silly packumentCache full:https://registry.npmjs.org/micromark-core-commonmark cache-miss
2217 silly fetch manifest micromark-factory-space@^2.0.0
2218 silly packumentCache full:https://registry.npmjs.org/micromark-factory-space cache-miss
2219 silly fetch manifest micromark-util-character@^2.0.0
2220 silly packumentCache full:https://registry.npmjs.org/micromark-util-character cache-miss
2221 silly fetch manifest micromark-util-chunked@^2.0.0
2222 silly packumentCache full:https://registry.npmjs.org/micromark-util-chunked cache-miss
2223 silly fetch manifest micromark-util-combine-extensions@^2.0.0
2224 silly packumentCache full:https://registry.npmjs.org/micromark-util-combine-extensions cache-miss
2225 silly fetch manifest micromark-util-encode@^2.0.0
2226 silly packumentCache full:https://registry.npmjs.org/micromark-util-encode cache-miss
2227 silly fetch manifest micromark-util-resolve-all@^2.0.0
2228 silly packumentCache full:https://registry.npmjs.org/micromark-util-resolve-all cache-miss
2229 silly fetch manifest micromark-util-subtokenize@^2.0.0
2230 silly packumentCache full:https://registry.npmjs.org/micromark-util-subtokenize cache-miss
2231 silly fetch manifest micromark-util-character@^2.0.0
2232 silly packumentCache full:https://registry.npmjs.org/micromark-util-character cache-miss
2233 http fetch GET 200 https://registry.npmjs.org/micromark-util-chunked 64ms (cache miss)
2234 silly packumentCache full:https://registry.npmjs.org/micromark-util-chunked set size:undefined disposed:false
2235 http fetch GET 200 https://registry.npmjs.org/micromark-factory-space 67ms (cache miss)
2236 silly packumentCache full:https://registry.npmjs.org/micromark-factory-space set size:undefined disposed:false
2237 http fetch GET 200 https://registry.npmjs.org/micromark-core-commonmark 67ms (cache miss)
2238 silly packumentCache full:https://registry.npmjs.org/micromark-core-commonmark set size:undefined disposed:false
2239 http fetch GET 200 https://registry.npmjs.org/micromark-util-character 67ms (cache miss)
2240 silly packumentCache full:https://registry.npmjs.org/micromark-util-character set size:undefined disposed:false
2241 http fetch GET 200 https://registry.npmjs.org/micromark-util-subtokenize 71ms (cache miss)
2242 silly packumentCache full:https://registry.npmjs.org/micromark-util-subtokenize set size:undefined disposed:false
2243 http fetch GET 200 https://registry.npmjs.org/micromark-util-combine-extensions 73ms (cache miss)
2244 silly packumentCache full:https://registry.npmjs.org/micromark-util-combine-extensions set size:undefined disposed:false
2245 http fetch GET 200 https://registry.npmjs.org/micromark-util-resolve-all 73ms (cache miss)
2246 silly packumentCache full:https://registry.npmjs.org/micromark-util-resolve-all set size:undefined disposed:false
2247 http fetch GET 200 https://registry.npmjs.org/micromark-util-character 82ms (cache miss)
2248 silly packumentCache full:https://registry.npmjs.org/micromark-util-character set size:undefined disposed:false
2249 http fetch GET 200 https://registry.npmjs.org/character-entities 84ms (cache miss)
2250 silly packumentCache full:https://registry.npmjs.org/character-entities set size:undefined disposed:false
2251 http fetch GET 200 https://registry.npmjs.org/micromark-util-encode 84ms (cache miss)
2252 silly packumentCache full:https://registry.npmjs.org/micromark-util-encode set size:undefined disposed:false
2253 http fetch GET 200 https://registry.npmjs.org/@types%2fdebug 185ms (cache miss)
2254 silly packumentCache full:https://registry.npmjs.org/@types%2fdebug set size:undefined disposed:false
2255 silly placeDep ROOT character-entities@2.0.2 OK for: decode-named-character-reference@1.3.0 want: ^2.0.0
2256 silly placeDep ROOT parse-entities@4.0.2 OK for: mdast-util-mdx-jsx@3.2.0 want: ^4.0.0
2257 silly fetch manifest @types/unist@^2.0.0
2258 silly packumentCache full:https://registry.npmjs.org/@types%2funist cache-hit
2259 silly fetch manifest character-reference-invalid@^2.0.0
2260 silly packumentCache full:https://registry.npmjs.org/character-reference-invalid cache-miss
2261 silly fetch manifest is-alphanumerical@^2.0.0
2262 silly packumentCache full:https://registry.npmjs.org/is-alphanumerical cache-miss
2263 silly fetch manifest is-decimal@^2.0.0
2264 silly packumentCache full:https://registry.npmjs.org/is-decimal cache-miss
2265 silly fetch manifest is-hexadecimal@^2.0.0
2266 silly packumentCache full:https://registry.npmjs.org/is-hexadecimal cache-miss
2267 http fetch GET 200 https://registry.npmjs.org/is-hexadecimal 62ms (cache miss)
2268 silly packumentCache full:https://registry.npmjs.org/is-hexadecimal set size:undefined disposed:false
2269 http fetch GET 200 https://registry.npmjs.org/character-reference-invalid 62ms (cache miss)
2270 silly packumentCache full:https://registry.npmjs.org/character-reference-invalid set size:undefined disposed:false
2271 http fetch GET 200 https://registry.npmjs.org/is-alphanumerical 63ms (cache miss)
2272 silly packumentCache full:https://registry.npmjs.org/is-alphanumerical set size:undefined disposed:false
2273 http fetch GET 200 https://registry.npmjs.org/is-decimal 63ms (cache miss)
2274 silly packumentCache full:https://registry.npmjs.org/is-decimal set size:undefined disposed:false
2275 silly placeDep ROOT @ungap/structured-clone@1.3.0 OK for: mdast-util-to-hast@13.2.1 want: ^1.0.0
2276 silly placeDep ROOT micromark-util-sanitize-uri@2.0.1 OK for: mdast-util-to-hast@13.2.1 want: ^2.0.0
2277 silly placeDep ROOT trim-lines@3.0.1 OK for: mdast-util-to-hast@13.2.1 want: ^3.0.0
2278 silly placeDep ROOT longest-streak@3.1.0 OK for: mdast-util-to-markdown@2.1.2 want: ^3.0.0
2279 silly placeDep ROOT mdast-util-phrasing@4.1.0 OK for: mdast-util-to-markdown@2.1.2 want: ^4.0.0
2280 silly placeDep ROOT micromark-util-classify-character@2.0.1 OK for: mdast-util-to-markdown@2.1.2 want: ^2.0.0
2281 silly placeDep ROOT @types/debug@4.1.13 OK for: micromark@4.0.2 want: ^4.0.0
2282 silly placeDep ROOT micromark-core-commonmark@2.0.3 OK for: micromark@4.0.2 want: ^2.0.0
2283 silly placeDep ROOT micromark-factory-space@2.0.1 OK for: micromark@4.0.2 want: ^2.0.0
2284 silly placeDep ROOT micromark-util-character@2.1.1 OK for: micromark@4.0.2 want: ^2.0.0
2285 silly placeDep ROOT micromark-util-chunked@2.0.1 OK for: micromark@4.0.2 want: ^2.0.0
2286 silly placeDep ROOT micromark-util-combine-extensions@2.0.1 OK for: micromark@4.0.2 want: ^2.0.0
2287 silly placeDep ROOT micromark-util-encode@2.0.1 OK for: micromark@4.0.2 want: ^2.0.0
2288 silly placeDep ROOT micromark-util-resolve-all@2.0.1 OK for: micromark@4.0.2 want: ^2.0.0
2289 silly placeDep ROOT micromark-util-subtokenize@2.1.0 OK for: micromark@4.0.2 want: ^2.0.0
2290 silly fetch manifest @types/ms@*
2291 silly packumentCache full:https://registry.npmjs.org/@types%2fms cache-miss
2292 silly fetch manifest micromark-factory-destination@^2.0.0
2293 silly packumentCache full:https://registry.npmjs.org/micromark-factory-destination cache-miss
2294 silly fetch manifest micromark-factory-label@^2.0.0
2295 silly packumentCache full:https://registry.npmjs.org/micromark-factory-label cache-miss
2296 silly fetch manifest micromark-factory-title@^2.0.0
2297 silly packumentCache full:https://registry.npmjs.org/micromark-factory-title cache-miss
2298 silly fetch manifest micromark-factory-whitespace@^2.0.0
2299 silly packumentCache full:https://registry.npmjs.org/micromark-factory-whitespace cache-miss
2300 silly fetch manifest micromark-util-html-tag-name@^2.0.0
2301 silly packumentCache full:https://registry.npmjs.org/micromark-util-html-tag-name cache-miss
2302 http fetch GET 200 https://registry.npmjs.org/@types%2fms 98ms (cache miss)
2303 silly packumentCache full:https://registry.npmjs.org/@types%2fms set size:undefined disposed:false
2304 http fetch GET 200 https://registry.npmjs.org/micromark-factory-label 99ms (cache miss)
2305 silly packumentCache full:https://registry.npmjs.org/micromark-factory-label set size:undefined disposed:false
2306 http fetch GET 200 https://registry.npmjs.org/micromark-util-html-tag-name 98ms (cache miss)
2307 silly packumentCache full:https://registry.npmjs.org/micromark-util-html-tag-name set size:undefined disposed:false
2308 http fetch GET 200 https://registry.npmjs.org/micromark-factory-title 99ms (cache miss)
2309 silly packumentCache full:https://registry.npmjs.org/micromark-factory-title set size:undefined disposed:false
2310 http fetch GET 200 https://registry.npmjs.org/micromark-factory-destination 99ms (cache miss)
2311 silly packumentCache full:https://registry.npmjs.org/micromark-factory-destination set size:undefined disposed:false
2312 http fetch GET 200 https://registry.npmjs.org/micromark-factory-whitespace 100ms (cache miss)
2313 silly packumentCache full:https://registry.npmjs.org/micromark-factory-whitespace set size:undefined disposed:false
2314 silly placeDep ROOT @types/ms@2.1.0 OK for: @types/debug@4.1.13 want: *
2315 silly placeDep ROOT micromark-factory-destination@2.0.1 OK for: micromark-core-commonmark@2.0.3 want: ^2.0.0
2316 silly placeDep ROOT micromark-factory-label@2.0.1 OK for: micromark-core-commonmark@2.0.3 want: ^2.0.0
2317 silly placeDep ROOT micromark-factory-title@2.0.1 OK for: micromark-core-commonmark@2.0.3 want: ^2.0.0
2318 silly placeDep ROOT micromark-factory-whitespace@2.0.1 OK for: micromark-core-commonmark@2.0.3 want: ^2.0.0
2319 silly placeDep ROOT micromark-util-html-tag-name@2.0.1 OK for: micromark-core-commonmark@2.0.3 want: ^2.0.0
2320 silly placeDep ROOT braces@3.0.3 OK for: micromatch@4.0.8 want: ^3.0.3
2321 silly placeDep ROOT picomatch@2.3.2 OK for: micromatch@4.0.8 want: ^2.3.1
2322 silly fetch manifest fill-range@^7.1.1
2323 silly packumentCache full:https://registry.npmjs.org/fill-range cache-miss
2324 http fetch GET 200 https://registry.npmjs.org/fill-range 195ms (cache miss)
2325 silly packumentCache full:https://registry.npmjs.org/fill-range set size:undefined disposed:false
2326 silly placeDep ROOT fill-range@7.1.1 OK for: braces@3.0.3 want: ^7.1.1
2327 silly fetch manifest to-regex-range@^5.0.1
2328 silly packumentCache full:https://registry.npmjs.org/to-regex-range cache-miss
2329 http fetch GET 200 https://registry.npmjs.org/to-regex-range 191ms (cache miss)
2330 silly packumentCache full:https://registry.npmjs.org/to-regex-range set size:undefined disposed:false
2331 silly placeDep ROOT to-regex-range@5.0.1 OK for: fill-range@7.1.1 want: ^5.0.1
2332 silly fetch manifest is-number@^7.0.0
2333 silly packumentCache full:https://registry.npmjs.org/is-number cache-miss
2334 http fetch GET 200 https://registry.npmjs.org/is-number 114ms (cache miss)
2335 silly packumentCache full:https://registry.npmjs.org/is-number set size:undefined disposed:false
2336 silly placeDep ROOT brace-expansion@5.0.5 OK for: minimatch@10.2.5 want: ^5.0.5
2337 silly fetch manifest balanced-match@^4.0.2
2338 silly packumentCache full:https://registry.npmjs.org/balanced-match cache-miss
2339 http fetch GET 200 https://registry.npmjs.org/balanced-match 33ms (cache miss)
2340 silly packumentCache full:https://registry.npmjs.org/balanced-match set size:undefined disposed:false
2341 silly placeDep ROOT balanced-match@4.0.4 OK for: brace-expansion@5.0.5 want: ^4.0.2
2342 silly placeDep node_modules/parse-entities @types/unist@2.0.11 OK for: parse-entities@4.0.2 want: ^2.0.0
2343 silly placeDep ROOT character-entities-legacy@3.0.0 OK for: parse-entities@4.0.2 want: ^3.0.0
2344 silly placeDep ROOT character-reference-invalid@2.0.1 OK for: parse-entities@4.0.2 want: ^2.0.0
2345 silly placeDep ROOT is-alphanumerical@2.0.1 OK for: parse-entities@4.0.2 want: ^2.0.0
2346 silly placeDep ROOT is-decimal@2.0.1 OK for: parse-entities@4.0.2 want: ^2.0.0
2347 silly placeDep ROOT is-hexadecimal@2.0.1 OK for: parse-entities@4.0.2 want: ^2.0.0
2348 silly fetch manifest is-alphabetical@^2.0.0
2349 silly packumentCache full:https://registry.npmjs.org/is-alphabetical cache-miss
2350 http fetch GET 200 https://registry.npmjs.org/is-alphabetical 40ms (cache miss)
2351 silly packumentCache full:https://registry.npmjs.org/is-alphabetical set size:undefined disposed:false
2352 silly placeDep ROOT is-alphabetical@2.0.1 OK for: is-alphanumerical@2.0.1 want: ^2.0.0
2353 silly placeDep ROOT entities@6.0.1 OK for: parse5@7.3.0 want: ^6.0.0
2354 silly placeDep ROOT @pixi/colord@2.9.6 OK for: pixi.js@8.18.1 want: ^2.9.6
2355 silly placeDep ROOT @types/earcut@3.0.0 OK for: pixi.js@8.18.1 want: ^3.0.0
2356 silly placeDep ROOT @webgpu/types@0.1.69 OK for: pixi.js@8.18.1 want: ^0.1.69
2357 silly placeDep ROOT @xmldom/xmldom@0.8.13 OK for: pixi.js@8.18.1 want: ^0.8.12
2358 silly placeDep ROOT earcut@3.0.2 OK for: pixi.js@8.18.1 want: ^3.0.2
2359 silly placeDep ROOT eventemitter3@5.0.4 OK for: pixi.js@8.18.1 want: ^5.0.1
2360 silly placeDep ROOT gifuct-js@2.1.2 OK for: pixi.js@8.18.1 want: ^2.1.2
2361 silly placeDep ROOT ismobilejs@1.1.1 OK for: pixi.js@8.18.1 want: ^1.1.1
2362 silly placeDep ROOT parse-svg-path@0.1.2 OK for: pixi.js@8.18.1 want: ^0.1.2
2363 silly placeDep ROOT tiny-lru@11.4.7 OK for: pixi.js@8.18.1 want: ^11.4.7
2364 silly fetch manifest js-binary-schema-parser@^2.0.3
2365 silly packumentCache full:https://registry.npmjs.org/js-binary-schema-parser cache-miss
2366 http fetch GET 200 https://registry.npmjs.org/js-binary-schema-parser 315ms (cache miss)
2367 silly packumentCache full:https://registry.npmjs.org/js-binary-schema-parser set size:undefined disposed:false
2368 silly placeDep ROOT js-binary-schema-parser@2.0.3 OK for: gifuct-js@2.1.2 want: ^2.0.3
2369 silly placeDep ROOT hast-util-heading-rank@3.0.0 OK for: rehype-autolink-headings@7.1.0 want: ^3.0.0
2370 silly placeDep ROOT @citation-js/core@0.7.21 OK for: rehype-citation@2.3.2 want: ^0.7.21
2371 silly placeDep ROOT @citation-js/date@0.5.1 OK for: rehype-citation@2.3.2 want: ^0.5.1
2372 silly placeDep ROOT @citation-js/name@0.4.2 OK for: rehype-citation@2.3.2 want: ^0.4.2
2373 silly placeDep ROOT @citation-js/plugin-bibjson@0.7.21 OK for: rehype-citation@2.3.2 want: ^0.7.21
2374 silly placeDep ROOT @citation-js/plugin-bibtex@0.7.21 OK for: rehype-citation@2.3.2 want: ^0.7.21
2375 silly placeDep ROOT @citation-js/plugin-csl@0.7.22 OK for: rehype-citation@2.3.2 want: ^0.7.22
2376 silly placeDep ROOT citeproc@2.4.63 OK for: rehype-citation@2.3.2 want: ^2.4.63
2377 silly placeDep ROOT cross-fetch@4.1.0 OK for: rehype-citation@2.3.2 want: ^4.1.0
2378 silly placeDep node_modules/rehype-citation parse5@8.0.1 OK for: rehype-citation@2.3.2 want: ^8.0.0
2379 silly fetch manifest @citation-js/date@^0.5.0
2380 silly packumentCache full:https://registry.npmjs.org/@citation-js%2fdate cache-miss
2381 silly fetch manifest fetch-ponyfill@^7.1.0
2382 silly packumentCache full:https://registry.npmjs.org/fetch-ponyfill cache-miss
2383 silly fetch manifest sync-fetch@^0.4.1
2384 silly packumentCache full:https://registry.npmjs.org/sync-fetch cache-miss
2385 silly fetch manifest moo@^0.5.1
2386 silly packumentCache full:https://registry.npmjs.org/moo cache-miss
2387 silly fetch manifest citeproc@^2.4.6
2388 silly packumentCache full:https://registry.npmjs.org/citeproc cache-miss
2389 silly fetch manifest node-fetch@^2.7.0
2390 silly packumentCache full:https://registry.npmjs.org/node-fetch cache-miss
2391 silly fetch manifest entities@^8.0.0
2392 silly packumentCache full:https://registry.npmjs.org/entities cache-miss
2393 http cache https://registry.npmjs.org/entities 3ms (cache hit)
2394 silly packumentCache full:https://registry.npmjs.org/entities set size:101550 disposed:false
2395 http cache https://registry.npmjs.org/@citation-js%2fdate 5ms (cache hit)
2396 silly packumentCache full:https://registry.npmjs.org/@citation-js%2fdate set size:23534 disposed:false
2397 http cache https://registry.npmjs.org/citeproc 5ms (cache hit)
2398 silly packumentCache full:https://registry.npmjs.org/citeproc set size:393389 disposed:false
2399 http fetch GET 200 https://registry.npmjs.org/moo 46ms (cache miss)
2400 silly packumentCache full:https://registry.npmjs.org/moo set size:undefined disposed:false
2401 http fetch GET 200 https://registry.npmjs.org/node-fetch 68ms (cache miss)
2402 silly packumentCache full:https://registry.npmjs.org/node-fetch set size:undefined disposed:false
2403 http fetch GET 200 https://registry.npmjs.org/sync-fetch 213ms (cache miss)
2404 silly packumentCache full:https://registry.npmjs.org/sync-fetch set size:undefined disposed:false
2405 http fetch GET 200 https://registry.npmjs.org/fetch-ponyfill 304ms (cache miss)
2406 silly packumentCache full:https://registry.npmjs.org/fetch-ponyfill set size:undefined disposed:false
2407 silly placeDep ROOT fetch-ponyfill@7.1.0 OK for: @citation-js/core@0.7.21 want: ^7.1.0
2408 silly placeDep ROOT sync-fetch@0.4.5 OK for: @citation-js/core@0.7.21 want: ^0.4.1
2409 silly fetch manifest node-fetch@~2.6.1
2410 silly packumentCache full:https://registry.npmjs.org/node-fetch cache-miss
2411 silly fetch manifest buffer@^5.7.1
2412 silly packumentCache full:https://registry.npmjs.org/buffer cache-miss
2413 silly fetch manifest node-fetch@^2.6.1
2414 silly packumentCache full:https://registry.npmjs.org/node-fetch cache-miss
2415 http cache https://registry.npmjs.org/node-fetch 3ms (cache hit)
2416 silly packumentCache full:https://registry.npmjs.org/node-fetch set size:896010 disposed:false
2417 http cache https://registry.npmjs.org/node-fetch 9ms (cache hit)
2418 silly packumentCache full:https://registry.npmjs.org/node-fetch set size:896010 disposed:false
2419 silly packumentCache full:https://registry.npmjs.org/node-fetch dispose
2420 http fetch GET 200 https://registry.npmjs.org/buffer 55ms (cache miss)
2421 silly packumentCache full:https://registry.npmjs.org/buffer set size:undefined disposed:false
2422 silly placeDep ROOT moo@0.5.3 OK for: @citation-js/plugin-bibtex@0.7.21 want: ^0.5.1
2423 silly fetch manifest encoding@^0.1.0
2424 silly packumentCache full:https://registry.npmjs.org/encoding cache-miss
2425 http fetch GET 200 https://registry.npmjs.org/encoding 27ms (cache miss)
2426 silly packumentCache full:https://registry.npmjs.org/encoding set size:undefined disposed:false
2427 silly placeDep ROOT node-fetch@2.7.0 OK for: cross-fetch@4.1.0 want: ^2.7.0
2428 silly fetch manifest whatwg-url@^5.0.0
2429 silly packumentCache full:https://registry.npmjs.org/whatwg-url cache-miss
2430 http fetch GET 200 https://registry.npmjs.org/whatwg-url 119ms (cache miss)
2431 silly packumentCache full:https://registry.npmjs.org/whatwg-url set size:undefined disposed:false
2432 silly placeDep node_modules/fetch-ponyfill node-fetch@2.6.13 OK for: fetch-ponyfill@7.1.0 want: ~2.6.1
2433 silly placeDep ROOT whatwg-url@5.0.0 OK for: node-fetch@2.7.0 want: ^5.0.0
2434 silly fetch manifest tr46@~0.0.3
2435 silly packumentCache full:https://registry.npmjs.org/tr46 cache-miss
2436 silly fetch manifest webidl-conversions@^3.0.0
2437 silly packumentCache full:https://registry.npmjs.org/webidl-conversions cache-miss
2438 http fetch GET 200 https://registry.npmjs.org/webidl-conversions 92ms (cache miss)
2439 silly packumentCache full:https://registry.npmjs.org/webidl-conversions set size:undefined disposed:false
2440 http fetch GET 200 https://registry.npmjs.org/tr46 92ms (cache miss)
2441 silly packumentCache full:https://registry.npmjs.org/tr46 set size:undefined disposed:false
2442 silly placeDep ROOT katex@0.16.45 OK for: rehype-katex@7.0.1 want: ^0.16.0
2443 silly fetch manifest commander@^8.3.0
2444 silly packumentCache full:https://registry.npmjs.org/commander cache-miss
2445 http cache https://registry.npmjs.org/commander 1ms (cache hit)
2446 silly packumentCache full:https://registry.npmjs.org/commander set size:306301 disposed:false
2447 silly placeDep node_modules/katex commander@8.3.0 OK for: katex@0.16.45 want: ^8.3.0
2448 silly placeDep ROOT @types/mathjax@0.0.40 OK for: rehype-mathjax@7.1.0 want: ^0.0.40
2449 silly placeDep ROOT mathjax-full@3.2.1 OK for: rehype-mathjax@7.1.0 want: ^3.0.0
2450 silly fetch manifest esm@^3.2.25
2451 silly packumentCache full:https://registry.npmjs.org/esm cache-miss
2452 silly fetch manifest mhchemparser@^4.1.0
2453 silly packumentCache full:https://registry.npmjs.org/mhchemparser cache-miss
2454 silly fetch manifest mj-context-menu@^0.6.1
2455 silly packumentCache full:https://registry.npmjs.org/mj-context-menu cache-miss
2456 silly fetch manifest speech-rule-engine@^4.0.6
2457 silly packumentCache full:https://registry.npmjs.org/speech-rule-engine cache-miss
2458 http fetch GET 200 https://registry.npmjs.org/mhchemparser 96ms (cache miss)
2459 silly packumentCache full:https://registry.npmjs.org/mhchemparser set size:undefined disposed:false
2460 http fetch GET 200 https://registry.npmjs.org/mj-context-menu 106ms (cache miss)
2461 silly packumentCache full:https://registry.npmjs.org/mj-context-menu set size:undefined disposed:false
2462 http fetch GET 200 https://registry.npmjs.org/esm 110ms (cache miss)
2463 silly packumentCache full:https://registry.npmjs.org/esm set size:undefined disposed:false
2464 http fetch GET 200 https://registry.npmjs.org/speech-rule-engine 240ms (cache miss)
2465 silly packumentCache full:https://registry.npmjs.org/speech-rule-engine set size:undefined disposed:false
2466 silly placeDep ROOT esm@3.2.25 OK for: mathjax-full@3.2.1 want: ^3.2.25
2467 silly placeDep ROOT mhchemparser@4.2.1 OK for: mathjax-full@3.2.1 want: ^4.1.0
2468 silly placeDep ROOT mj-context-menu@0.6.1 OK for: mathjax-full@3.2.1 want: ^0.6.1
2469 silly placeDep ROOT speech-rule-engine@4.1.4 OK for: mathjax-full@3.2.1 want: ^4.0.6
2470 silly fetch manifest commander@13.1.0
2471 silly packumentCache full:https://registry.npmjs.org/commander cache-hit
2472 silly fetch manifest @xmldom/xmldom@0.9.10
2473 silly packumentCache full:https://registry.npmjs.org/@xmldom%2fxmldom cache-miss
2474 silly fetch manifest wicked-good-xpath@1.3.0
2475 silly packumentCache full:https://registry.npmjs.org/wicked-good-xpath cache-miss
2476 http cache https://registry.npmjs.org/@xmldom%2fxmldom 2ms (cache hit)
2477 silly packumentCache full:https://registry.npmjs.org/@xmldom%2fxmldom set size:166253 disposed:false
2478 http fetch GET 200 https://registry.npmjs.org/wicked-good-xpath 199ms (cache miss)
2479 silly packumentCache full:https://registry.npmjs.org/wicked-good-xpath set size:undefined disposed:false
2480 silly placeDep ROOT parse-numeric-range@1.3.0 OK for: rehype-pretty-code@0.14.3 want: ^1.3.0
2481 silly placeDep ROOT rehype-parse@9.0.1 OK for: rehype-pretty-code@0.14.3 want: ^9.0.0
2482 silly placeDep ROOT hast-util-raw@9.1.0 OK for: rehype-raw@7.0.0 want: ^9.0.0
2483 silly fetch manifest hast-util-to-parse5@^8.0.0
2484 silly packumentCache full:https://registry.npmjs.org/hast-util-to-parse5 cache-miss
2485 http fetch GET 200 https://registry.npmjs.org/hast-util-to-parse5 38ms (cache miss)
2486 silly packumentCache full:https://registry.npmjs.org/hast-util-to-parse5 set size:undefined disposed:false
2487 silly placeDep ROOT hast-util-to-parse5@8.0.1 OK for: hast-util-raw@9.1.0 want: ^8.0.0
2488 silly placeDep ROOT remark-stringify@11.0.0 OK for: remark@15.0.1 want: ^11.0.0
2489 silly placeDep ROOT mdast-util-newline-to-break@2.0.0 OK for: remark-breaks@4.0.0 want: ^2.0.0
2490 silly placeDep ROOT mdast-util-frontmatter@2.0.1 OK for: remark-frontmatter@5.0.0 want: ^2.0.0
2491 silly placeDep ROOT micromark-extension-frontmatter@2.0.0 OK for: remark-frontmatter@5.0.0 want: ^2.0.0
2492 silly fetch manifest fault@^2.0.0
2493 silly packumentCache full:https://registry.npmjs.org/fault cache-miss
2494 http fetch GET 200 https://registry.npmjs.org/fault 92ms (cache miss)
2495 silly packumentCache full:https://registry.npmjs.org/fault set size:undefined disposed:false
2496 silly placeDep ROOT fault@2.0.1 OK for: micromark-extension-frontmatter@2.0.0 want: ^2.0.0
2497 silly fetch manifest format@^0.2.0
2498 silly packumentCache full:https://registry.npmjs.org/format cache-miss
2499 http fetch GET 200 https://registry.npmjs.org/format 182ms (cache miss)
2500 silly packumentCache full:https://registry.npmjs.org/format set size:undefined disposed:false
2501 silly placeDep ROOT format@0.2.2 OK for: fault@2.0.1 want: ^0.2.0
2502 silly placeDep ROOT mdast-util-gfm@3.1.0 OK for: remark-gfm@4.0.1 want: ^3.0.0
2503 silly placeDep ROOT micromark-extension-gfm@3.0.0 OK for: remark-gfm@4.0.1 want: ^3.0.0
2504 silly fetch manifest mdast-util-gfm-autolink-literal@^2.0.0
2505 silly packumentCache full:https://registry.npmjs.org/mdast-util-gfm-autolink-literal cache-miss
2506 silly fetch manifest mdast-util-gfm-footnote@^2.0.0
2507 silly packumentCache full:https://registry.npmjs.org/mdast-util-gfm-footnote cache-miss
2508 silly fetch manifest mdast-util-gfm-strikethrough@^2.0.0
2509 silly packumentCache full:https://registry.npmjs.org/mdast-util-gfm-strikethrough cache-miss
2510 silly fetch manifest mdast-util-gfm-table@^2.0.0
2511 silly packumentCache full:https://registry.npmjs.org/mdast-util-gfm-table cache-miss
2512 silly fetch manifest mdast-util-gfm-task-list-item@^2.0.0
2513 silly packumentCache full:https://registry.npmjs.org/mdast-util-gfm-task-list-item cache-miss
2514 silly fetch manifest micromark-extension-gfm-autolink-literal@^2.0.0
2515 silly packumentCache full:https://registry.npmjs.org/micromark-extension-gfm-autolink-literal cache-miss
2516 silly fetch manifest micromark-extension-gfm-footnote@^2.0.0
2517 silly packumentCache full:https://registry.npmjs.org/micromark-extension-gfm-footnote cache-miss
2518 silly fetch manifest micromark-extension-gfm-strikethrough@^2.0.0
2519 silly packumentCache full:https://registry.npmjs.org/micromark-extension-gfm-strikethrough cache-miss
2520 silly fetch manifest micromark-extension-gfm-table@^2.0.0
2521 silly packumentCache full:https://registry.npmjs.org/micromark-extension-gfm-table cache-miss
2522 silly fetch manifest micromark-extension-gfm-tagfilter@^2.0.0
2523 silly packumentCache full:https://registry.npmjs.org/micromark-extension-gfm-tagfilter cache-miss
2524 silly fetch manifest micromark-extension-gfm-task-list-item@^2.0.0
2525 silly packumentCache full:https://registry.npmjs.org/micromark-extension-gfm-task-list-item cache-miss
2526 http fetch GET 200 https://registry.npmjs.org/micromark-extension-gfm-task-list-item 33ms (cache miss)
2527 silly packumentCache full:https://registry.npmjs.org/micromark-extension-gfm-task-list-item set size:undefined disposed:false
2528 http fetch GET 200 https://registry.npmjs.org/mdast-util-gfm-strikethrough 33ms (cache miss)
2529 silly packumentCache full:https://registry.npmjs.org/mdast-util-gfm-strikethrough set size:undefined disposed:false
2530 http fetch GET 200 https://registry.npmjs.org/micromark-extension-gfm-strikethrough 35ms (cache miss)
2531 silly packumentCache full:https://registry.npmjs.org/micromark-extension-gfm-strikethrough set size:undefined disposed:false
2532 http fetch GET 200 https://registry.npmjs.org/mdast-util-gfm-table 36ms (cache miss)
2533 silly packumentCache full:https://registry.npmjs.org/mdast-util-gfm-table set size:undefined disposed:false
2534 http fetch GET 200 https://registry.npmjs.org/mdast-util-gfm-footnote 37ms (cache miss)
2535 silly packumentCache full:https://registry.npmjs.org/mdast-util-gfm-footnote set size:undefined disposed:false
2536 http fetch GET 200 https://registry.npmjs.org/micromark-extension-gfm-tagfilter 37ms (cache miss)
2537 silly packumentCache full:https://registry.npmjs.org/micromark-extension-gfm-tagfilter set size:undefined disposed:false
2538 http fetch GET 200 https://registry.npmjs.org/mdast-util-gfm-autolink-literal 37ms (cache miss)
2539 silly packumentCache full:https://registry.npmjs.org/mdast-util-gfm-autolink-literal set size:undefined disposed:false
2540 http fetch GET 200 https://registry.npmjs.org/mdast-util-gfm-task-list-item 40ms (cache miss)
2541 silly packumentCache full:https://registry.npmjs.org/mdast-util-gfm-task-list-item set size:undefined disposed:false
2542 http fetch GET 200 https://registry.npmjs.org/micromark-extension-gfm-table 164ms (cache miss)
2543 silly packumentCache full:https://registry.npmjs.org/micromark-extension-gfm-table set size:undefined disposed:false
2544 http fetch GET 200 https://registry.npmjs.org/micromark-extension-gfm-footnote 165ms (cache miss)
2545 silly packumentCache full:https://registry.npmjs.org/micromark-extension-gfm-footnote set size:undefined disposed:false
2546 http fetch GET 200 https://registry.npmjs.org/micromark-extension-gfm-autolink-literal 166ms (cache miss)
2547 silly packumentCache full:https://registry.npmjs.org/micromark-extension-gfm-autolink-literal set size:undefined disposed:false
2548 silly placeDep ROOT mdast-util-gfm-autolink-literal@2.0.1 OK for: mdast-util-gfm@3.1.0 want: ^2.0.0
2549 silly placeDep ROOT mdast-util-gfm-footnote@2.1.0 OK for: mdast-util-gfm@3.1.0 want: ^2.0.0
2550 silly placeDep ROOT mdast-util-gfm-strikethrough@2.0.0 OK for: mdast-util-gfm@3.1.0 want: ^2.0.0
2551 silly placeDep ROOT mdast-util-gfm-table@2.0.0 OK for: mdast-util-gfm@3.1.0 want: ^2.0.0
2552 silly placeDep ROOT mdast-util-gfm-task-list-item@2.0.0 OK for: mdast-util-gfm@3.1.0 want: ^2.0.0
2553 silly fetch manifest markdown-table@^3.0.0
2554 silly packumentCache full:https://registry.npmjs.org/markdown-table cache-miss
2555 http fetch GET 200 https://registry.npmjs.org/markdown-table 29ms (cache miss)
2556 silly packumentCache full:https://registry.npmjs.org/markdown-table set size:undefined disposed:false
2557 silly placeDep ROOT markdown-table@3.0.4 OK for: mdast-util-gfm-table@2.0.0 want: ^3.0.0
2558 silly placeDep ROOT micromark-extension-gfm-autolink-literal@2.1.0 OK for: micromark-extension-gfm@3.0.0 want: ^2.0.0
2559 silly placeDep ROOT micromark-extension-gfm-footnote@2.1.0 OK for: micromark-extension-gfm@3.0.0 want: ^2.0.0
2560 silly placeDep ROOT micromark-extension-gfm-strikethrough@2.1.0 OK for: micromark-extension-gfm@3.0.0 want: ^2.0.0
2561 silly placeDep ROOT micromark-extension-gfm-table@2.1.1 OK for: micromark-extension-gfm@3.0.0 want: ^2.0.0
2562 silly placeDep ROOT micromark-extension-gfm-tagfilter@2.0.0 OK for: micromark-extension-gfm@3.0.0 want: ^2.0.0
2563 silly placeDep ROOT micromark-extension-gfm-task-list-item@2.1.0 OK for: micromark-extension-gfm@3.0.0 want: ^2.0.0
2564 silly placeDep ROOT mdast-util-math@3.0.0 OK for: remark-math@6.0.0 want: ^3.0.0
2565 silly placeDep ROOT micromark-extension-math@3.1.0 OK for: remark-math@6.0.0 want: ^3.0.0
2566 silly placeDep ROOT retext@9.0.0 OK for: remark-smartypants@3.0.2 want: ^9.0.0
2567 silly placeDep ROOT retext-smartypants@6.2.0 OK for: remark-smartypants@3.0.2 want: ^6.0.0
2568 silly fetch manifest @types/nlcst@^2.0.0
2569 silly packumentCache full:https://registry.npmjs.org/@types%2fnlcst cache-miss
2570 silly fetch manifest retext-latin@^4.0.0
2571 silly packumentCache full:https://registry.npmjs.org/retext-latin cache-miss
2572 silly fetch manifest retext-stringify@^4.0.0
2573 silly packumentCache full:https://registry.npmjs.org/retext-stringify cache-miss
2574 silly fetch manifest @types/nlcst@^2.0.0
2575 silly packumentCache full:https://registry.npmjs.org/@types%2fnlcst cache-miss
2576 silly fetch manifest nlcst-to-string@^4.0.0
2577 silly packumentCache full:https://registry.npmjs.org/nlcst-to-string cache-miss
2578 http fetch GET 200 https://registry.npmjs.org/retext-latin 205ms (cache miss)
2579 silly packumentCache full:https://registry.npmjs.org/retext-latin set size:undefined disposed:false
2580 http fetch GET 200 https://registry.npmjs.org/retext-stringify 206ms (cache miss)
2581 silly packumentCache full:https://registry.npmjs.org/retext-stringify set size:undefined disposed:false
2582 http fetch GET 200 https://registry.npmjs.org/nlcst-to-string 297ms (cache miss)
2583 silly packumentCache full:https://registry.npmjs.org/nlcst-to-string set size:undefined disposed:false
2584 http fetch GET 200 https://registry.npmjs.org/@types%2fnlcst 402ms (cache miss)
2585 silly packumentCache full:https://registry.npmjs.org/@types%2fnlcst set size:undefined disposed:false
2586 http fetch GET 200 https://registry.npmjs.org/@types%2fnlcst 497ms (cache miss)
2587 silly packumentCache full:https://registry.npmjs.org/@types%2fnlcst set size:undefined disposed:false
2588 silly placeDep ROOT es-errors@1.3.0 OK for: resolve@1.22.12 want: ^1.3.0
2589 silly placeDep ROOT is-core-module@2.16.1 OK for: resolve@1.22.12 want: ^2.16.1
2590 silly placeDep ROOT path-parse@1.0.7 OK for: resolve@1.22.12 want: ^1.0.7
2591 silly placeDep ROOT supports-preserve-symlinks-flag@1.0.0 OK for: resolve@1.22.12 want: ^1.0.0
2592 silly fetch manifest hasown@^2.0.2
2593 silly packumentCache full:https://registry.npmjs.org/hasown cache-miss
2594 http fetch GET 200 https://registry.npmjs.org/hasown 60ms (cache miss)
2595 silly packumentCache full:https://registry.npmjs.org/hasown set size:undefined disposed:false
2596 silly placeDep ROOT hasown@2.0.3 OK for: is-core-module@2.16.1 want: ^2.0.2
2597 silly fetch manifest function-bind@^1.1.2
2598 silly packumentCache full:https://registry.npmjs.org/function-bind cache-miss
2599 http fetch GET 200 https://registry.npmjs.org/function-bind 106ms (cache miss)
2600 silly packumentCache full:https://registry.npmjs.org/function-bind set size:undefined disposed:false
2601 silly placeDep ROOT function-bind@1.1.2 OK for: hasown@2.0.3 want: ^1.1.2
2602 silly placeDep ROOT @types/nlcst@2.0.3 OK for: retext@9.0.0 want: ^2.0.0
2603 silly placeDep ROOT retext-latin@4.0.0 OK for: retext@9.0.0 want: ^4.0.0
2604 silly placeDep ROOT retext-stringify@4.0.0 OK for: retext@9.0.0 want: ^4.0.0
2605 silly fetch manifest parse-latin@^7.0.0
2606 silly packumentCache full:https://registry.npmjs.org/parse-latin cache-miss
2607 http fetch GET 200 https://registry.npmjs.org/parse-latin 217ms (cache miss)
2608 silly packumentCache full:https://registry.npmjs.org/parse-latin set size:undefined disposed:false
2609 silly placeDep ROOT parse-latin@7.0.0 OK for: retext-latin@4.0.0 want: ^7.0.0
2610 silly fetch manifest unist-util-modify-children@^4.0.0
2611 silly packumentCache full:https://registry.npmjs.org/unist-util-modify-children cache-miss
2612 silly fetch manifest unist-util-visit-children@^3.0.0
2613 silly packumentCache full:https://registry.npmjs.org/unist-util-visit-children cache-miss
2614 http fetch GET 200 https://registry.npmjs.org/unist-util-modify-children 192ms (cache miss)
2615 silly packumentCache full:https://registry.npmjs.org/unist-util-modify-children set size:undefined disposed:false
2616 http fetch GET 200 https://registry.npmjs.org/unist-util-visit-children 209ms (cache miss)
2617 silly packumentCache full:https://registry.npmjs.org/unist-util-visit-children set size:undefined disposed:false
2618 silly placeDep ROOT nlcst-to-string@4.0.0 OK for: parse-latin@7.0.0 want: ^4.0.0
2619 silly placeDep ROOT unist-util-modify-children@4.0.0 OK for: parse-latin@7.0.0 want: ^4.0.0
2620 silly placeDep ROOT unist-util-visit-children@3.0.0 OK for: parse-latin@7.0.0 want: ^3.0.0
2621 silly fetch manifest array-iterate@^2.0.0
2622 silly packumentCache full:https://registry.npmjs.org/array-iterate cache-miss
2623 http fetch GET 200 https://registry.npmjs.org/array-iterate 257ms (cache miss)
2624 silly packumentCache full:https://registry.npmjs.org/array-iterate set size:undefined disposed:false
2625 silly placeDep ROOT queue-microtask@1.2.3 OK for: run-parallel@1.2.0 want: ^1.2.2
2626 silly placeDep ROOT @parcel/watcher@2.5.6 OK for: sass@1.99.0 want: ^2.4.1
2627 silly placeDep node_modules/sass chokidar@4.0.3 OK for: sass@1.99.0 want: ^4.0.0
2628 silly placeDep ROOT immutable@5.1.5 OK for: sass@1.99.0 want: ^5.1.5
2629 silly placeDep ROOT source-map-js@1.2.1 OK for: sass@1.99.0 want: >=0.6.2 <2.0.0
2630 silly fetch manifest node-addon-api@^7.0.0
2631 silly packumentCache full:https://registry.npmjs.org/node-addon-api cache-miss
2632 silly fetch manifest picomatch@^4.0.3
2633 silly packumentCache full:https://registry.npmjs.org/picomatch cache-miss
2634 silly fetch manifest @parcel/watcher-darwin-x64@2.5.6
2635 silly packumentCache full:https://registry.npmjs.org/@parcel%2fwatcher-darwin-x64 cache-miss
2636 silly fetch manifest @parcel/watcher-darwin-arm64@2.5.6
2637 silly packumentCache full:https://registry.npmjs.org/@parcel%2fwatcher-darwin-arm64 cache-miss
2638 silly fetch manifest @parcel/watcher-win32-x64@2.5.6
2639 silly packumentCache full:https://registry.npmjs.org/@parcel%2fwatcher-win32-x64 cache-miss
2640 silly fetch manifest @parcel/watcher-win32-arm64@2.5.6
2641 silly packumentCache full:https://registry.npmjs.org/@parcel%2fwatcher-win32-arm64 cache-miss
2642 silly fetch manifest @parcel/watcher-win32-ia32@2.5.6
2643 silly packumentCache full:https://registry.npmjs.org/@parcel%2fwatcher-win32-ia32 cache-miss
2644 silly fetch manifest @parcel/watcher-linux-x64-glibc@2.5.6
2645 silly packumentCache full:https://registry.npmjs.org/@parcel%2fwatcher-linux-x64-glibc cache-miss
2646 silly fetch manifest @parcel/watcher-linux-x64-musl@2.5.6
2647 silly packumentCache full:https://registry.npmjs.org/@parcel%2fwatcher-linux-x64-musl cache-miss
2648 silly fetch manifest @parcel/watcher-linux-arm64-glibc@2.5.6
2649 silly packumentCache full:https://registry.npmjs.org/@parcel%2fwatcher-linux-arm64-glibc cache-miss
2650 silly fetch manifest @parcel/watcher-linux-arm64-musl@2.5.6
2651 silly packumentCache full:https://registry.npmjs.org/@parcel%2fwatcher-linux-arm64-musl cache-miss
2652 http cache https://registry.npmjs.org/picomatch 4ms (cache hit)
2653 silly packumentCache full:https://registry.npmjs.org/picomatch set size:126376 disposed:false
2654 silly fetch manifest @parcel/watcher-linux-arm-glibc@2.5.6
2655 silly packumentCache full:https://registry.npmjs.org/@parcel%2fwatcher-linux-arm-glibc cache-miss
2656 http fetch GET 200 https://registry.npmjs.org/node-addon-api 45ms (cache miss)
2657 silly packumentCache full:https://registry.npmjs.org/node-addon-api set size:undefined disposed:false
2658 silly fetch manifest @parcel/watcher-linux-arm-musl@2.5.6
2659 silly packumentCache full:https://registry.npmjs.org/@parcel%2fwatcher-linux-arm-musl cache-miss
2660 http fetch GET 200 https://registry.npmjs.org/@parcel%2fwatcher-linux-arm64-glibc 51ms (cache miss)
2661 silly packumentCache full:https://registry.npmjs.org/@parcel%2fwatcher-linux-arm64-glibc set size:undefined disposed:false
2662 silly fetch manifest @parcel/watcher-android-arm64@2.5.6
2663 silly packumentCache full:https://registry.npmjs.org/@parcel%2fwatcher-android-arm64 cache-miss
2664 http fetch GET 200 https://registry.npmjs.org/@parcel%2fwatcher-win32-arm64 56ms (cache miss)
2665 silly packumentCache full:https://registry.npmjs.org/@parcel%2fwatcher-win32-arm64 set size:undefined disposed:false
2666 silly fetch manifest @parcel/watcher-freebsd-x64@2.5.6
2667 silly packumentCache full:https://registry.npmjs.org/@parcel%2fwatcher-freebsd-x64 cache-miss
2668 http fetch GET 200 https://registry.npmjs.org/@parcel%2fwatcher-linux-x64-musl 70ms (cache miss)
2669 silly packumentCache full:https://registry.npmjs.org/@parcel%2fwatcher-linux-x64-musl set size:undefined disposed:false
2670 silly fetch manifest readdirp@^4.0.1
2671 silly packumentCache full:https://registry.npmjs.org/readdirp cache-miss
2672 http cache https://registry.npmjs.org/readdirp 1ms (cache hit)
2673 silly packumentCache full:https://registry.npmjs.org/readdirp set size:107589 disposed:false
2674 http fetch GET 200 https://registry.npmjs.org/@parcel%2fwatcher-linux-arm64-musl 76ms (cache miss)
2675 silly packumentCache full:https://registry.npmjs.org/@parcel%2fwatcher-linux-arm64-musl set size:undefined disposed:false
2676 http fetch GET 200 https://registry.npmjs.org/@parcel%2fwatcher-android-arm64 194ms (cache miss)
2677 silly packumentCache full:https://registry.npmjs.org/@parcel%2fwatcher-android-arm64 set size:undefined disposed:false
2678 http fetch GET 200 https://registry.npmjs.org/@parcel%2fwatcher-darwin-arm64 275ms (cache miss)
2679 silly packumentCache full:https://registry.npmjs.org/@parcel%2fwatcher-darwin-arm64 set size:undefined disposed:false
2680 http fetch GET 200 https://registry.npmjs.org/@parcel%2fwatcher-freebsd-x64 217ms (cache miss)
2681 silly packumentCache full:https://registry.npmjs.org/@parcel%2fwatcher-freebsd-x64 set size:undefined disposed:false
2682 http fetch GET 200 https://registry.npmjs.org/@parcel%2fwatcher-win32-x64 299ms (cache miss)
2683 silly packumentCache full:https://registry.npmjs.org/@parcel%2fwatcher-win32-x64 set size:undefined disposed:false
2684 http fetch GET 200 https://registry.npmjs.org/@parcel%2fwatcher-linux-x64-glibc 341ms (cache miss)
2685 silly packumentCache full:https://registry.npmjs.org/@parcel%2fwatcher-linux-x64-glibc set size:undefined disposed:false
2686 http fetch GET 200 https://registry.npmjs.org/@parcel%2fwatcher-linux-arm-musl 296ms (cache miss)
2687 silly packumentCache full:https://registry.npmjs.org/@parcel%2fwatcher-linux-arm-musl set size:undefined disposed:false
2688 http fetch GET 200 https://registry.npmjs.org/@parcel%2fwatcher-linux-arm-glibc 538ms (cache miss)
2689 silly packumentCache full:https://registry.npmjs.org/@parcel%2fwatcher-linux-arm-glibc set size:undefined disposed:false
2690 http fetch GET 200 https://registry.npmjs.org/@parcel%2fwatcher-darwin-x64 543ms (cache miss)
2691 silly packumentCache full:https://registry.npmjs.org/@parcel%2fwatcher-darwin-x64 set size:undefined disposed:false
2692 http fetch GET 200 https://registry.npmjs.org/@parcel%2fwatcher-win32-ia32 581ms (cache miss)
2693 silly packumentCache full:https://registry.npmjs.org/@parcel%2fwatcher-win32-ia32 set size:undefined disposed:false
2694 silly placeDep ROOT @parcel/watcher-android-arm64@2.5.6 OK for: @parcel/watcher@2.5.6 want: 2.5.6
2695 silly placeDep ROOT @parcel/watcher-darwin-arm64@2.5.6 OK for: @parcel/watcher@2.5.6 want: 2.5.6
2696 silly placeDep ROOT @parcel/watcher-darwin-x64@2.5.6 OK for: @parcel/watcher@2.5.6 want: 2.5.6
2697 silly placeDep ROOT @parcel/watcher-freebsd-x64@2.5.6 OK for: @parcel/watcher@2.5.6 want: 2.5.6
2698 silly placeDep ROOT @parcel/watcher-linux-arm-glibc@2.5.6 OK for: @parcel/watcher@2.5.6 want: 2.5.6
2699 silly placeDep ROOT @parcel/watcher-linux-arm-musl@2.5.6 OK for: @parcel/watcher@2.5.6 want: 2.5.6
2700 silly placeDep ROOT @parcel/watcher-linux-arm64-glibc@2.5.6 OK for: @parcel/watcher@2.5.6 want: 2.5.6
2701 silly placeDep ROOT @parcel/watcher-linux-arm64-musl@2.5.6 OK for: @parcel/watcher@2.5.6 want: 2.5.6
2702 silly placeDep ROOT @parcel/watcher-linux-x64-glibc@2.5.6 OK for: @parcel/watcher@2.5.6 want: 2.5.6
2703 silly placeDep ROOT @parcel/watcher-linux-x64-musl@2.5.6 OK for: @parcel/watcher@2.5.6 want: 2.5.6
2704 silly placeDep ROOT @parcel/watcher-win32-arm64@2.5.6 OK for: @parcel/watcher@2.5.6 want: 2.5.6
2705 silly placeDep ROOT @parcel/watcher-win32-ia32@2.5.6 OK for: @parcel/watcher@2.5.6 want: 2.5.6
2706 silly placeDep ROOT @parcel/watcher-win32-x64@2.5.6 OK for: @parcel/watcher@2.5.6 want: 2.5.6
2707 silly placeDep ROOT node-addon-api@7.1.1 OK for: @parcel/watcher@2.5.6 want: ^7.0.0
2708 silly placeDep node_modules/@parcel/watcher picomatch@4.0.4 OK for: @parcel/watcher@2.5.6 want: ^4.0.3
2709 silly placeDep ROOT @bufbuild/protobuf@2.12.0 OK for: sass-embedded@1.99.0 want: ^2.5.0
2710 silly placeDep ROOT colorjs.io@0.5.2 OK for: sass-embedded@1.99.0 want: ^0.5.0
2711 silly placeDep ROOT rxjs@7.8.2 OK for: sass-embedded@1.99.0 want: ^7.4.0
2712 silly placeDep ROOT sass-embedded-all-unknown@1.99.0 OK for: sass-embedded@1.99.0 want: 1.99.0
2713 silly placeDep ROOT sass-embedded-android-arm@1.99.0 OK for: sass-embedded@1.99.0 want: 1.99.0
2714 silly placeDep ROOT sass-embedded-android-arm64@1.99.0 OK for: sass-embedded@1.99.0 want: 1.99.0
2715 silly placeDep ROOT sass-embedded-android-riscv64@1.99.0 OK for: sass-embedded@1.99.0 want: 1.99.0
2716 silly placeDep ROOT sass-embedded-android-x64@1.99.0 OK for: sass-embedded@1.99.0 want: 1.99.0
2717 silly placeDep ROOT sass-embedded-darwin-arm64@1.99.0 OK for: sass-embedded@1.99.0 want: 1.99.0
2718 silly placeDep ROOT sass-embedded-darwin-x64@1.99.0 OK for: sass-embedded@1.99.0 want: 1.99.0
2719 silly placeDep ROOT sass-embedded-linux-arm@1.99.0 OK for: sass-embedded@1.99.0 want: 1.99.0
2720 silly placeDep ROOT sass-embedded-linux-arm64@1.99.0 OK for: sass-embedded@1.99.0 want: 1.99.0
2721 silly placeDep ROOT sass-embedded-linux-musl-arm@1.99.0 OK for: sass-embedded@1.99.0 want: 1.99.0
2722 silly placeDep ROOT sass-embedded-linux-musl-arm64@1.99.0 OK for: sass-embedded@1.99.0 want: 1.99.0
2723 silly placeDep ROOT sass-embedded-linux-musl-riscv64@1.99.0 OK for: sass-embedded@1.99.0 want: 1.99.0
2724 silly placeDep ROOT sass-embedded-linux-musl-x64@1.99.0 OK for: sass-embedded@1.99.0 want: 1.99.0
2725 silly placeDep ROOT sass-embedded-linux-riscv64@1.99.0 OK for: sass-embedded@1.99.0 want: 1.99.0
2726 silly placeDep ROOT sass-embedded-linux-x64@1.99.0 OK for: sass-embedded@1.99.0 want: 1.99.0
2727 silly placeDep ROOT sass-embedded-unknown-all@1.99.0 OK for: sass-embedded@1.99.0 want: 1.99.0
2728 silly placeDep ROOT sass-embedded-win32-arm64@1.99.0 OK for: sass-embedded@1.99.0 want: 1.99.0
2729 silly placeDep ROOT sass-embedded-win32-x64@1.99.0 OK for: sass-embedded@1.99.0 want: 1.99.0
2730 silly placeDep ROOT supports-color@8.1.1 OK for: sass-embedded@1.99.0 want: ^8.1.1
2731 silly placeDep ROOT sync-child-process@1.0.2 OK for: sass-embedded@1.99.0 want: ^1.0.2
2732 silly placeDep ROOT varint@6.0.0 OK for: sass-embedded@1.99.0 want: ^6.0.0
2733 silly fetch manifest has-flag@^4.0.0
2734 silly packumentCache full:https://registry.npmjs.org/has-flag cache-miss
2735 silly fetch manifest sync-message-port@^1.0.0
2736 silly packumentCache full:https://registry.npmjs.org/sync-message-port cache-miss
2737 http fetch GET 200 https://registry.npmjs.org/has-flag 161ms (cache miss)
2738 silly packumentCache full:https://registry.npmjs.org/has-flag set size:undefined disposed:false
2739 http fetch GET 200 https://registry.npmjs.org/sync-message-port 244ms (cache miss)
2740 silly packumentCache full:https://registry.npmjs.org/sync-message-port set size:undefined disposed:false
2741 silly placeDep ROOT @shuding/opentype.js@1.4.0-beta.0 OK for: satori@0.19.3 want: 1.4.0-beta.0
2742 silly placeDep ROOT css-background-parser@0.1.0 OK for: satori@0.19.3 want: ^0.1.0
2743 silly placeDep ROOT css-box-shadow@1.0.0-3 OK for: satori@0.19.3 want: 1.0.0-3
2744 silly placeDep ROOT css-gradient-parser@0.0.17 OK for: satori@0.19.3 want: ^0.0.17
2745 silly placeDep ROOT css-to-react-native@3.2.0 OK for: satori@0.19.3 want: ^3.0.0
2746 silly placeDep ROOT emoji-regex-xs@2.0.1 OK for: satori@0.19.3 want: ^2.0.1
2747 silly placeDep ROOT escape-html@1.0.3 OK for: satori@0.19.3 want: ^1.0.3
2748 silly placeDep ROOT linebreak@1.1.0 OK for: satori@0.19.3 want: ^1.1.0
2749 silly placeDep ROOT parse-css-color@0.2.1 OK for: satori@0.19.3 want: ^0.2.1
2750 silly placeDep ROOT postcss-value-parser@4.2.0 OK for: satori@0.19.3 want: ^4.2.0
2751 silly placeDep ROOT yoga-layout@3.2.1 OK for: satori@0.19.3 want: ^3.2.1
2752 silly fetch manifest fflate@^0.7.3
2753 silly packumentCache full:https://registry.npmjs.org/fflate cache-miss
2754 silly fetch manifest string.prototype.codepointat@^0.2.1
2755 silly packumentCache full:https://registry.npmjs.org/string.prototype.codepointat cache-miss
2756 silly fetch manifest camelize@^1.0.0
2757 silly packumentCache full:https://registry.npmjs.org/camelize cache-miss
2758 silly fetch manifest css-color-keywords@^1.0.0
2759 silly packumentCache full:https://registry.npmjs.org/css-color-keywords cache-miss
2760 silly fetch manifest postcss-value-parser@^4.0.2
2761 silly packumentCache full:https://registry.npmjs.org/postcss-value-parser cache-miss
2762 silly fetch manifest base64-js@0.0.8
2763 silly packumentCache full:https://registry.npmjs.org/base64-js cache-miss
2764 silly fetch manifest unicode-trie@^2.0.0
2765 silly packumentCache full:https://registry.npmjs.org/unicode-trie cache-miss
2766 silly fetch manifest color-name@^1.1.4
2767 silly packumentCache full:https://registry.npmjs.org/color-name cache-miss
2768 silly fetch manifest hex-rgb@^4.1.0
2769 silly packumentCache full:https://registry.npmjs.org/hex-rgb cache-miss
2770 http cache https://registry.npmjs.org/postcss-value-parser 4ms (cache hit)
2771 silly packumentCache full:https://registry.npmjs.org/postcss-value-parser set size:73484 disposed:false
2772 http fetch GET 200 https://registry.npmjs.org/css-color-keywords 28ms (cache miss)
2773 silly packumentCache full:https://registry.npmjs.org/css-color-keywords set size:undefined disposed:false
2774 http fetch GET 200 https://registry.npmjs.org/string.prototype.codepointat 28ms (cache miss)
2775 silly packumentCache full:https://registry.npmjs.org/string.prototype.codepointat set size:undefined disposed:false
2776 http fetch GET 200 https://registry.npmjs.org/color-name 34ms (cache miss)
2777 silly packumentCache full:https://registry.npmjs.org/color-name set size:undefined disposed:false
2778 http fetch GET 200 https://registry.npmjs.org/unicode-trie 34ms (cache miss)
2779 silly packumentCache full:https://registry.npmjs.org/unicode-trie set size:undefined disposed:false
2780 http fetch GET 200 https://registry.npmjs.org/camelize 38ms (cache miss)
2781 silly packumentCache full:https://registry.npmjs.org/camelize set size:undefined disposed:false
2782 http fetch GET 200 https://registry.npmjs.org/fflate 45ms (cache miss)
2783 silly packumentCache full:https://registry.npmjs.org/fflate set size:undefined disposed:false
2784 http fetch GET 200 https://registry.npmjs.org/base64-js 48ms (cache miss)
2785 silly packumentCache full:https://registry.npmjs.org/base64-js set size:undefined disposed:false
2786 http fetch GET 200 https://registry.npmjs.org/hex-rgb 220ms (cache miss)
2787 silly packumentCache full:https://registry.npmjs.org/hex-rgb set size:undefined disposed:false
2788 silly placeDep ROOT fflate@0.7.4 OK for: @shuding/opentype.js@1.4.0-beta.0 want: ^0.7.3
2789 silly placeDep ROOT string.prototype.codepointat@0.2.1 OK for: @shuding/opentype.js@1.4.0-beta.0 want: ^0.2.1
2790 silly placeDep ROOT camelize@1.0.1 OK for: css-to-react-native@3.2.0 want: ^1.0.0
2791 silly placeDep ROOT css-color-keywords@1.0.0 OK for: css-to-react-native@3.2.0 want: ^1.0.0
2792 silly placeDep ROOT base64-js@0.0.8 OK for: linebreak@1.1.0 want: 0.0.8
2793 silly placeDep ROOT unicode-trie@2.0.0 OK for: linebreak@1.1.0 want: ^2.0.0
2794 silly fetch manifest pako@^0.2.5
2795 silly packumentCache full:https://registry.npmjs.org/pako cache-miss
2796 silly fetch manifest tiny-inflate@^1.0.0
2797 silly packumentCache full:https://registry.npmjs.org/tiny-inflate cache-miss
2798 http fetch GET 200 https://registry.npmjs.org/tiny-inflate 50ms (cache miss)
2799 silly packumentCache full:https://registry.npmjs.org/tiny-inflate set size:undefined disposed:false
2800 http fetch GET 200 https://registry.npmjs.org/pako 51ms (cache miss)
2801 silly packumentCache full:https://registry.npmjs.org/pako set size:undefined disposed:false
2802 silly placeDep ROOT color-name@1.1.4 OK for: parse-css-color@0.2.1 want: ^1.1.4
2803 silly placeDep ROOT hex-rgb@4.3.0 OK for: parse-css-color@0.2.1 want: ^4.1.0
2804 silly placeDep ROOT extend-shallow@2.0.1 OK for: section-matter@1.0.0 want: ^2.0.1
2805 silly fetch manifest is-extendable@^0.1.0
2806 silly packumentCache full:https://registry.npmjs.org/is-extendable cache-miss
2807 http fetch GET 200 https://registry.npmjs.org/is-extendable 143ms (cache miss)
2808 silly packumentCache full:https://registry.npmjs.org/is-extendable set size:undefined disposed:false
2809 silly placeDep ROOT is-extendable@0.1.1 OK for: extend-shallow@2.0.1 want: ^0.1.0
2810 silly placeDep ROOT bytes@3.0.0 OK for: serve-handler@6.1.7 want: 3.0.0
2811 silly placeDep ROOT content-disposition@0.5.2 OK for: serve-handler@6.1.7 want: 0.5.2
2812 silly placeDep ROOT mime-types@2.1.18 OK for: serve-handler@6.1.7 want: 2.1.18
2813 silly placeDep node_modules/serve-handler minimatch@3.1.5 OK for: serve-handler@6.1.7 want: 3.1.5
2814 silly placeDep ROOT path-is-inside@1.0.2 OK for: serve-handler@6.1.7 want: 1.0.2
2815 silly placeDep ROOT path-to-regexp@3.3.0 OK for: serve-handler@6.1.7 want: 3.3.0
2816 silly placeDep ROOT range-parser@1.2.0 OK for: serve-handler@6.1.7 want: 1.2.0
2817 silly fetch manifest mime-db@~1.33.0
2818 silly packumentCache full:https://registry.npmjs.org/mime-db cache-miss
2819 silly fetch manifest brace-expansion@^1.1.7
2820 silly packumentCache full:https://registry.npmjs.org/brace-expansion cache-miss
2821 http cache https://registry.npmjs.org/brace-expansion 2ms (cache hit)
2822 silly packumentCache full:https://registry.npmjs.org/brace-expansion set size:65768 disposed:false
2823 http fetch GET 200 https://registry.npmjs.org/mime-db 88ms (cache miss)
2824 silly packumentCache full:https://registry.npmjs.org/mime-db set size:undefined disposed:false
2825 silly placeDep ROOT mime-db@1.33.0 OK for: mime-types@2.1.18 want: ~1.33.0
2826 silly placeDep ROOT @img/colour@1.1.0 OK for: sharp@0.34.5 want: ^1.0.0
2827 silly placeDep ROOT @img/sharp-darwin-arm64@0.34.5 OK for: sharp@0.34.5 want: 0.34.5
2828 silly placeDep ROOT @img/sharp-darwin-x64@0.34.5 OK for: sharp@0.34.5 want: 0.34.5
2829 silly placeDep ROOT @img/sharp-libvips-darwin-arm64@1.2.4 OK for: sharp@0.34.5 want: 1.2.4
2830 silly placeDep ROOT @img/sharp-libvips-darwin-x64@1.2.4 OK for: sharp@0.34.5 want: 1.2.4
2831 silly placeDep ROOT @img/sharp-libvips-linux-arm@1.2.4 OK for: sharp@0.34.5 want: 1.2.4
2832 silly placeDep ROOT @img/sharp-libvips-linux-arm64@1.2.4 OK for: sharp@0.34.5 want: 1.2.4
2833 silly placeDep ROOT @img/sharp-libvips-linux-ppc64@1.2.4 OK for: sharp@0.34.5 want: 1.2.4
2834 silly placeDep ROOT @img/sharp-libvips-linux-riscv64@1.2.4 OK for: sharp@0.34.5 want: 1.2.4
2835 silly placeDep ROOT @img/sharp-libvips-linux-s390x@1.2.4 OK for: sharp@0.34.5 want: 1.2.4
2836 silly placeDep ROOT @img/sharp-libvips-linux-x64@1.2.4 OK for: sharp@0.34.5 want: 1.2.4
2837 silly placeDep ROOT @img/sharp-libvips-linuxmusl-arm64@1.2.4 OK for: sharp@0.34.5 want: 1.2.4
2838 silly placeDep ROOT @img/sharp-libvips-linuxmusl-x64@1.2.4 OK for: sharp@0.34.5 want: 1.2.4
2839 silly placeDep ROOT @img/sharp-linux-arm@0.34.5 OK for: sharp@0.34.5 want: 0.34.5
2840 silly placeDep ROOT @img/sharp-linux-arm64@0.34.5 OK for: sharp@0.34.5 want: 0.34.5
2841 silly placeDep ROOT @img/sharp-linux-ppc64@0.34.5 OK for: sharp@0.34.5 want: 0.34.5
2842 silly placeDep ROOT @img/sharp-linux-riscv64@0.34.5 OK for: sharp@0.34.5 want: 0.34.5
2843 silly placeDep ROOT @img/sharp-linux-s390x@0.34.5 OK for: sharp@0.34.5 want: 0.34.5
2844 silly placeDep ROOT @img/sharp-linux-x64@0.34.5 OK for: sharp@0.34.5 want: 0.34.5
2845 silly placeDep ROOT @img/sharp-linuxmusl-arm64@0.34.5 OK for: sharp@0.34.5 want: 0.34.5
2846 silly placeDep ROOT @img/sharp-linuxmusl-x64@0.34.5 OK for: sharp@0.34.5 want: 0.34.5
2847 silly placeDep ROOT @img/sharp-wasm32@0.34.5 OK for: sharp@0.34.5 want: 0.34.5
2848 silly placeDep ROOT @img/sharp-win32-arm64@0.34.5 OK for: sharp@0.34.5 want: 0.34.5
2849 silly placeDep ROOT @img/sharp-win32-ia32@0.34.5 OK for: sharp@0.34.5 want: 0.34.5
2850 silly placeDep ROOT @img/sharp-win32-x64@0.34.5 OK for: sharp@0.34.5 want: 0.34.5
2851 silly placeDep ROOT semver@7.7.4 OK for: sharp@0.34.5 want: ^7.7.3
2852 silly fetch manifest @emnapi/runtime@^1.7.0
2853 silly packumentCache full:https://registry.npmjs.org/@emnapi%2fruntime cache-miss
2854 http fetch GET 200 https://registry.npmjs.org/@emnapi%2fruntime 75ms (cache miss)
2855 silly packumentCache full:https://registry.npmjs.org/@emnapi%2fruntime set size:undefined disposed:false
2856 silly placeDep ROOT @emnapi/runtime@1.10.0 OK for: @img/sharp-wasm32@0.34.5 want: ^1.7.0
2857 silly placeDep ROOT @shikijs/core@1.29.2 OK for: shiki@1.29.2 want: 1.29.2
2858 silly placeDep ROOT @shikijs/engine-javascript@1.29.2 OK for: shiki@1.29.2 want: 1.29.2
2859 silly placeDep ROOT @shikijs/engine-oniguruma@1.29.2 OK for: shiki@1.29.2 want: 1.29.2
2860 silly placeDep ROOT @shikijs/langs@1.29.2 OK for: shiki@1.29.2 want: 1.29.2
2861 silly placeDep ROOT @shikijs/themes@1.29.2 OK for: shiki@1.29.2 want: 1.29.2
2862 silly placeDep ROOT @shikijs/types@1.29.2 OK for: shiki@1.29.2 want: 1.29.2
2863 silly placeDep ROOT @shikijs/vscode-textmate@10.0.2 OK for: shiki@1.29.2 want: ^10.0.1
2864 silly fetch manifest oniguruma-to-es@^2.2.0
2865 silly packumentCache full:https://registry.npmjs.org/oniguruma-to-es cache-miss
2866 http fetch GET 200 https://registry.npmjs.org/oniguruma-to-es 124ms (cache miss)
2867 silly packumentCache full:https://registry.npmjs.org/oniguruma-to-es set size:undefined disposed:false
2868 silly placeDep ROOT oniguruma-to-es@2.3.0 OK for: @shikijs/engine-javascript@1.29.2 want: ^2.2.0
2869 silly fetch manifest regex@^5.1.1
2870 silly packumentCache full:https://registry.npmjs.org/regex cache-miss
2871 silly fetch manifest emoji-regex-xs@^1.0.0
2872 silly packumentCache full:https://registry.npmjs.org/emoji-regex-xs cache-miss
2873 silly fetch manifest regex-recursion@^5.1.1
2874 silly packumentCache full:https://registry.npmjs.org/regex-recursion cache-miss
2875 http cache https://registry.npmjs.org/emoji-regex-xs 2ms (cache hit)
2876 silly packumentCache full:https://registry.npmjs.org/emoji-regex-xs set size:13699 disposed:false
2877 http fetch GET 200 https://registry.npmjs.org/regex-recursion 98ms (cache miss)
2878 silly packumentCache full:https://registry.npmjs.org/regex-recursion set size:undefined disposed:false
2879 http fetch GET 200 https://registry.npmjs.org/regex 99ms (cache miss)
2880 silly packumentCache full:https://registry.npmjs.org/regex set size:undefined disposed:false
2881 silly placeDep node_modules/oniguruma-to-es emoji-regex-xs@1.0.0 OK for: oniguruma-to-es@2.3.0 want: ^1.0.0
2882 silly placeDep ROOT regex@5.1.1 OK for: oniguruma-to-es@2.3.0 want: ^5.1.1
2883 silly placeDep ROOT regex-recursion@5.1.1 OK for: oniguruma-to-es@2.3.0 want: ^5.1.1
2884 silly fetch manifest regex-utilities@^2.3.0
2885 silly packumentCache full:https://registry.npmjs.org/regex-utilities cache-miss
2886 silly fetch manifest regex-utilities@^2.3.0
2887 silly packumentCache full:https://registry.npmjs.org/regex-utilities cache-miss
2888 http fetch GET 200 https://registry.npmjs.org/regex-utilities 101ms (cache miss)
2889 silly packumentCache full:https://registry.npmjs.org/regex-utilities set size:undefined disposed:false
2890 http fetch GET 200 https://registry.npmjs.org/regex-utilities 179ms (cache miss)
2891 silly packumentCache full:https://registry.npmjs.org/regex-utilities set size:undefined disposed:false
2892 silly placeDep ROOT regex-utilities@2.3.0 OK for: regex@5.1.1 want: ^2.3.0
2893 silly placeDep ROOT buffer-from@1.1.2 OK for: source-map-support@0.5.21 want: ^1.0.0
2894 silly placeDep node_modules/speech-rule-engine @xmldom/xmldom@0.9.10 OK for: speech-rule-engine@4.1.4 want: 0.9.10
2895 silly placeDep node_modules/speech-rule-engine commander@13.1.0 OK for: speech-rule-engine@4.1.4 want: 13.1.0
2896 silly placeDep ROOT wicked-good-xpath@1.3.0 OK for: speech-rule-engine@4.1.4 want: 1.3.0
2897 silly placeDep ROOT character-entities-html4@2.1.0 OK for: stringify-entities@4.0.4 want: ^2.0.0
2898 silly placeDep ROOT style-to-object@1.0.14 OK for: style-to-js@1.1.21 want: 1.0.14
2899 silly fetch manifest inline-style-parser@0.2.7
2900 silly packumentCache full:https://registry.npmjs.org/inline-style-parser cache-miss
2901 http fetch GET 200 https://registry.npmjs.org/inline-style-parser 95ms (cache miss)
2902 silly packumentCache full:https://registry.npmjs.org/inline-style-parser set size:undefined disposed:false
2903 silly placeDep ROOT inline-style-parser@0.2.7 OK for: style-to-object@1.0.14 want: 0.2.7
2904 silly placeDep ROOT has-flag@4.0.0 OK for: supports-color@8.1.1 want: ^4.0.0
2905 silly placeDep ROOT sync-message-port@1.2.0 OK for: sync-child-process@1.0.2 want: ^1.0.0
2906 silly placeDep ROOT buffer@5.7.1 OK for: sync-fetch@0.4.5 want: ^5.7.1
2907 silly fetch manifest base64-js@^1.3.1
2908 silly packumentCache full:https://registry.npmjs.org/base64-js cache-miss
2909 silly fetch manifest ieee754@^1.1.13
2910 silly packumentCache full:https://registry.npmjs.org/ieee754 cache-miss
2911 http cache https://registry.npmjs.org/base64-js 2ms (cache hit)
2912 silly packumentCache full:https://registry.npmjs.org/base64-js set size:41270 disposed:false
2913 http fetch GET 200 https://registry.npmjs.org/ieee754 133ms (cache miss)
2914 silly packumentCache full:https://registry.npmjs.org/ieee754 set size:undefined disposed:false
2915 silly placeDep node_modules/buffer base64-js@1.5.1 OK for: buffer@5.7.1 want: ^1.3.1
2916 silly placeDep ROOT ieee754@1.2.1 OK for: buffer@5.7.1 want: ^1.1.13
2917 silly placeDep ROOT is-number@7.0.0 OK for: to-regex-range@5.0.1 want: ^7.0.0
2918 silly placeDep ROOT fsevents@2.3.3 OK for: tsx@4.21.0 want: ~2.3.3
2919 silly placeDep ROOT get-tsconfig@4.14.0 OK for: tsx@4.21.0 want: ^4.7.5
2920 silly fetch manifest resolve-pkg-maps@^1.0.0
2921 silly packumentCache full:https://registry.npmjs.org/resolve-pkg-maps cache-miss
2922 http fetch GET 200 https://registry.npmjs.org/resolve-pkg-maps 63ms (cache miss)
2923 silly packumentCache full:https://registry.npmjs.org/resolve-pkg-maps set size:undefined disposed:false
2924 silly placeDep ROOT resolve-pkg-maps@1.0.0 OK for: get-tsconfig@4.14.0 want: ^1.0.0
2925 silly placeDep ROOT pako@0.2.9 OK for: unicode-trie@2.0.0 want: ^0.2.5
2926 silly placeDep ROOT tiny-inflate@1.0.3 OK for: unicode-trie@2.0.0 want: ^1.0.0
2927 silly placeDep ROOT bail@2.0.2 OK for: unified@11.0.5 want: ^2.0.0
2928 silly placeDep ROOT extend@3.0.2 OK for: unified@11.0.5 want: ^3.0.0
2929 silly placeDep ROOT is-plain-obj@4.1.0 OK for: unified@11.0.5 want: ^4.0.0
2930 silly placeDep ROOT trough@2.2.0 OK for: unified@11.0.5 want: ^2.0.0
2931 silly placeDep ROOT array-iterate@2.0.1 OK for: unist-util-modify-children@4.0.0 want: ^2.0.0
2932 silly placeDep ROOT tr46@0.0.3 OK for: whatwg-url@5.0.0 want: ~0.0.3
2933 silly placeDep ROOT webidl-conversions@3.0.1 OK for: whatwg-url@5.0.0 want: ^3.0.0
2934 silly placeDep ROOT cliui@9.0.1 OK for: yargs@18.0.0 want: ^9.0.1
2935 silly placeDep ROOT escalade@3.2.0 OK for: yargs@18.0.0 want: ^3.1.1
2936 silly placeDep ROOT get-caller-file@2.0.5 OK for: yargs@18.0.0 want: ^2.0.5
2937 silly placeDep ROOT string-width@7.2.0 OK for: yargs@18.0.0 want: ^7.2.0
2938 silly placeDep ROOT y18n@5.0.8 OK for: yargs@18.0.0 want: ^5.0.5
2939 silly placeDep ROOT yargs-parser@22.0.0 OK for: yargs@18.0.0 want: ^22.0.0
2940 silly fetch manifest strip-ansi@^7.1.0
2941 silly packumentCache full:https://registry.npmjs.org/strip-ansi cache-miss
2942 silly fetch manifest wrap-ansi@^9.0.0
2943 silly packumentCache full:https://registry.npmjs.org/wrap-ansi cache-miss
2944 silly fetch manifest strip-ansi@^7.1.0
2945 silly packumentCache full:https://registry.npmjs.org/strip-ansi cache-miss
2946 silly fetch manifest emoji-regex@^10.3.0
2947 silly packumentCache full:https://registry.npmjs.org/emoji-regex cache-miss
2948 silly fetch manifest get-east-asian-width@^1.0.0
2949 silly packumentCache full:https://registry.npmjs.org/get-east-asian-width cache-miss
2950 http fetch GET 200 https://registry.npmjs.org/strip-ansi 120ms (cache miss)
2951 silly packumentCache full:https://registry.npmjs.org/strip-ansi set size:undefined disposed:false
2952 http fetch GET 200 https://registry.npmjs.org/wrap-ansi 120ms (cache miss)
2953 silly packumentCache full:https://registry.npmjs.org/wrap-ansi set size:undefined disposed:false
2954 http fetch GET 200 https://registry.npmjs.org/emoji-regex 121ms (cache miss)
2955 silly packumentCache full:https://registry.npmjs.org/emoji-regex set size:undefined disposed:false
2956 http fetch GET 200 https://registry.npmjs.org/strip-ansi 128ms (cache miss)
2957 silly packumentCache full:https://registry.npmjs.org/strip-ansi set size:undefined disposed:false
2958 http fetch GET 200 https://registry.npmjs.org/get-east-asian-width 195ms (cache miss)
2959 silly packumentCache full:https://registry.npmjs.org/get-east-asian-width set size:undefined disposed:false
2960 silly placeDep ROOT strip-ansi@7.2.0 OK for: cliui@9.0.1 want: ^7.1.0
2961 silly placeDep ROOT wrap-ansi@9.0.2 OK for: cliui@9.0.1 want: ^9.0.0
2962 silly fetch manifest ansi-regex@^6.2.2
2963 silly packumentCache full:https://registry.npmjs.org/ansi-regex cache-miss
2964 silly fetch manifest ansi-styles@^6.2.1
2965 silly packumentCache full:https://registry.npmjs.org/ansi-styles cache-miss
2966 http fetch GET 200 https://registry.npmjs.org/ansi-regex 27ms (cache miss)
2967 silly packumentCache full:https://registry.npmjs.org/ansi-regex set size:undefined disposed:false
2968 http fetch GET 200 https://registry.npmjs.org/ansi-styles 34ms (cache miss)
2969 silly packumentCache full:https://registry.npmjs.org/ansi-styles set size:undefined disposed:false
2970 silly placeDep ROOT emoji-regex@10.6.0 OK for: string-width@7.2.0 want: ^10.3.0
2971 silly placeDep ROOT get-east-asian-width@1.5.0 OK for: string-width@7.2.0 want: ^1.0.0
2972 silly placeDep ROOT ansi-regex@6.2.2 OK for: strip-ansi@7.2.0 want: ^6.2.2
2973 silly placeDep ROOT ansi-styles@6.2.3 OK for: wrap-ansi@9.0.2 want: ^6.2.1
2974 silly placeDep node_modules/gray-matter argparse@1.0.10 OK for: js-yaml@3.14.2 want: ^1.0.7
2975 silly placeDep ROOT esprima@4.0.1 OK for: js-yaml@3.14.2 want: ^4.0.0
2976 silly fetch manifest sprintf-js@~1.0.2
2977 silly packumentCache full:https://registry.npmjs.org/sprintf-js cache-miss
2978 http fetch GET 200 https://registry.npmjs.org/sprintf-js 58ms (cache miss)
2979 silly packumentCache full:https://registry.npmjs.org/sprintf-js set size:undefined disposed:false
2980 silly placeDep ROOT sprintf-js@1.0.3 OK for: argparse@1.0.10 want: ~1.0.2
2981 silly placeDep node_modules/rehype-citation entities@8.0.0 OK for: parse5@8.0.1 want: ^8.0.0
2982 silly placeDep node_modules/sass readdirp@4.1.2 OK for: chokidar@4.0.3 want: ^4.0.1
2983 silly placeDep node_modules/serve-handler brace-expansion@1.1.14 OK for: minimatch@3.1.5 want: ^1.1.7
2984 silly fetch manifest concat-map@0.0.1
2985 silly packumentCache full:https://registry.npmjs.org/concat-map cache-miss
2986 silly fetch manifest balanced-match@^1.0.0
2987 silly packumentCache full:https://registry.npmjs.org/balanced-match cache-miss
2988 http cache https://registry.npmjs.org/balanced-match 1ms (cache hit)
2989 silly packumentCache full:https://registry.npmjs.org/balanced-match set size:39082 disposed:false
2990 http fetch GET 200 https://registry.npmjs.org/concat-map 37ms (cache miss)
2991 silly packumentCache full:https://registry.npmjs.org/concat-map set size:undefined disposed:false
2992 silly placeDep node_modules/serve-handler balanced-match@1.0.2 OK for: brace-expansion@1.1.14 want: ^1.0.0
2993 silly placeDep ROOT concat-map@0.0.1 OK for: brace-expansion@1.1.14 want: 0.0.1
2994 silly reify moves {}
2995 silly audit bulk request {
2995 silly audit   '@clack/prompts': [ '0.11.0' ],
2995 silly audit   '@floating-ui/dom': [ '1.7.6' ],
2995 silly audit   '@myriaddreamin/rehype-typst': [ '0.6.0' ],
2995 silly audit   '@napi-rs/simple-git': [ '0.1.22' ],
2995 silly audit   '@tweenjs/tween.js': [ '25.0.0' ],
2995 silly audit   '@types/d3': [ '7.4.3' ],
2995 silly audit   '@types/hast': [ '3.0.4' ],
2995 silly audit   '@types/js-yaml': [ '4.0.9' ],
2995 silly audit   '@types/node': [ '25.6.0' ],
2995 silly audit   '@types/pretty-time': [ '1.1.5' ],
2995 silly audit   '@types/source-map-support': [ '0.5.10' ],
2995 silly audit   '@types/ws': [ '8.18.1' ],
2995 silly audit   '@types/yargs': [ '17.0.35' ],
2995 silly audit   'ansi-truncate': [ '1.4.0' ],
2995 silly audit   'async-mutex': [ '0.5.0' ],
2995 silly audit   chokidar: [ '5.0.0', '4.0.3' ],
2995 silly audit   'cli-spinner': [ '0.2.10' ],
2995 silly audit   d3: [ '7.9.0' ],
2995 silly audit   esbuild: [ '0.27.7' ],
2995 silly audit   'esbuild-sass-plugin': [ '3.7.0' ],
2995 silly audit   'sass-embedded': [ '1.99.0' ],
2995 silly audit   flexsearch: [ '0.8.212' ],
2995 silly audit   'github-slugger': [ '2.0.0' ],
2995 silly audit   globby: [ '16.2.0' ],
2995 silly audit   'gray-matter': [ '4.0.3' ],
2995 silly audit   'hast-util-to-html': [ '9.0.5' ],
2995 silly audit   'hast-util-to-jsx-runtime': [ '2.3.6' ],
2995 silly audit   'hast-util-to-string': [ '3.0.1' ],
2995 silly audit   'is-absolute-url': [ '5.0.0' ],
2995 silly audit   'js-yaml': [ '4.1.1', '3.14.2' ],
2995 silly audit   lightningcss: [ '1.32.0' ],
2995 silly audit   'mdast-util-find-and-replace': [ '3.0.2' ],
2995 silly audit   'mdast-util-to-hast': [ '13.2.1' ],
2995 silly audit   'mdast-util-to-string': [ '4.0.0' ],
2995 silly audit   micromorph: [ '0.4.5' ],
2995 silly audit   minimatch: [ '10.2.5', '3.1.5' ],
2995 silly audit   'pixi.js': [ '8.18.1' ],
2995 silly audit   preact: [ '10.29.1' ],
2995 silly audit   'preact-render-to-string': [ '6.6.7' ],
2995 silly audit   prettier: [ '3.8.3' ],
2995 silly audit   'pretty-bytes': [ '7.1.0' ],
2995 silly audit   'pretty-time': [ '1.1.0' ],
2995 silly audit   'reading-time': [ '1.5.0' ],
2995 silly audit   'rehype-autolink-headings': [ '7.1.0' ],
2995 silly audit   'rehype-citation': [ '2.3.2' ],
2995 silly audit   'rehype-katex': [ '7.0.1' ],
2995 silly audit   'rehype-mathjax': [ '7.1.0' ],
2995 silly audit   'rehype-pretty-code': [ '0.14.3' ],
2995 silly audit   shiki: [ '1.29.2' ],
2995 silly audit   'rehype-raw': [ '7.0.0' ],
2995 silly audit   'rehype-slug': [ '6.0.0' ],
2995 silly audit   remark: [ '15.0.1' ],
2995 silly audit   'remark-breaks': [ '4.0.0' ],
2995 silly audit   'remark-frontmatter': [ '5.0.0' ],
2995 silly audit   'remark-gfm': [ '4.0.1' ],
2995 silly audit   'remark-math': [ '6.0.0' ],
2995 silly audit   'remark-parse': [ '11.0.0' ],
2995 silly audit   'remark-rehype': [ '11.1.2' ],
2995 silly audit   'remark-smartypants': [ '3.0.2' ],
2995 silly audit   rfdc: [ '1.4.1' ],
2995 silly audit   satori: [ '0.19.3' ],
2995 silly audit   'serve-handler': [ '6.1.7' ],
2995 silly audit   sharp: [ '0.34.5' ],
2995 silly audit   'source-map-support': [ '0.5.21' ],
2995 silly audit   'to-vfile': [ '8.0.0' ],
2995 silly audit   toml: [ '3.0.0' ],
2995 silly audit   tsx: [ '4.21.0' ],
2995 silly audit   typescript: [ '5.9.3' ],
2995 silly audit   unified: [ '11.0.5' ],
2995 silly audit   'unist-util-visit': [ '5.1.0' ],
2995 silly audit   vfile: [ '6.0.3' ],
2995 silly audit   workerpool: [ '10.0.2' ],
2995 silly audit   ws: [ '8.20.0' ],
2995 silly audit   yargs: [ '18.0.0' ],
2995 silly audit   '@clack/core': [ '0.5.0' ],
2995 silly audit   picocolors: [ '1.1.1' ],
2995 silly audit   sisteransi: [ '1.0.5' ],
2995 silly audit   '@floating-ui/core': [ '1.7.5' ],
2995 silly audit   '@floating-ui/utils': [ '0.2.11' ],
2995 silly audit   '@myriaddreamin/typst-ts-node-compiler': [ '0.6.0' ],
2995 silly audit   '@types/katex': [ '0.16.8' ],
2995 silly audit   'hast-util-from-html-isomorphic': [ '2.0.0' ],
2995 silly audit   'hast-util-to-text': [ '4.0.2' ],
2995 silly audit   'https-proxy-agent': [ '7.0.6' ],
2995 silly audit   'unist-util-visit-parents': [ '6.0.2' ],
2995 silly audit   '@myriaddreamin/typst-ts-node-compiler-android-arm-eabi': [ '0.6.0' ],
2995 silly audit   '@myriaddreamin/typst-ts-node-compiler-android-arm64': [ '0.6.0' ],
2995 silly audit   '@myriaddreamin/typst-ts-node-compiler-darwin-arm64': [ '0.6.0' ],
2995 silly audit   '@myriaddreamin/typst-ts-node-compiler-darwin-x64': [ '0.6.0' ],
2995 silly audit   '@myriaddreamin/typst-ts-node-compiler-linux-arm-gnueabihf': [ '0.6.0' ],
2995 silly audit   '@myriaddreamin/typst-ts-node-compiler-linux-arm64-gnu': [ '0.6.0' ],
2995 silly audit   '@myriaddreamin/typst-ts-node-compiler-linux-arm64-musl': [ '0.6.0' ],
2995 silly audit   '@myriaddreamin/typst-ts-node-compiler-linux-x64-gnu': [ '0.6.0' ],
2995 silly audit   '@myriaddreamin/typst-ts-node-compiler-linux-x64-musl': [ '0.6.0' ],
2995 silly audit   '@myriaddreamin/typst-ts-node-compiler-win32-arm64-msvc': [ '0.6.0' ],
2995 silly audit   '@myriaddreamin/typst-ts-node-compiler-win32-x64-msvc': [ '0.6.0' ],
2995 silly audit   '@napi-rs/simple-git-android-arm-eabi': [ '0.1.22' ],
2995 silly audit   '@napi-rs/simple-git-android-arm64': [ '0.1.22' ],
2995 silly audit   '@napi-rs/simple-git-darwin-arm64': [ '0.1.22' ],
2995 silly audit   '@napi-rs/simple-git-darwin-x64': [ '0.1.22' ],
2995 silly audit   '@napi-rs/simple-git-freebsd-x64': [ '0.1.22' ],
2995 silly audit   '@napi-rs/simple-git-linux-arm-gnueabihf': [ '0.1.22' ],
2995 silly audit   '@napi-rs/simple-git-linux-arm64-gnu': [ '0.1.22' ],
2995 silly audit   '@napi-rs/simple-git-linux-arm64-musl': [ '0.1.22' ],
2995 silly audit   '@napi-rs/simple-git-linux-ppc64-gnu': [ '0.1.22' ],
2995 silly audit   '@napi-rs/simple-git-linux-s390x-gnu': [ '0.1.22' ],
2995 silly audit   '@napi-rs/simple-git-linux-x64-gnu': [ '0.1.22' ],
2995 silly audit   '@napi-rs/simple-git-linux-x64-musl': [ '0.1.22' ],
2995 silly audit   '@napi-rs/simple-git-win32-arm64-msvc': [ '0.1.22' ],
2995 silly audit   '@napi-rs/simple-git-win32-ia32-msvc': [ '0.1.22' ],
2995 silly audit   '@napi-rs/simple-git-win32-x64-msvc': [ '0.1.22' ],
2995 silly audit   '@types/d3-array': [ '3.2.2' ],
2995 silly audit   '@types/d3-axis': [ '3.0.6' ],
2995 silly audit   '@types/d3-brush': [ '3.0.6' ],
2995 silly audit   '@types/d3-chord': [ '3.0.6' ],
2995 silly audit   '@types/d3-color': [ '3.1.3' ],
2995 silly audit   '@types/d3-contour': [ '3.0.6' ],
2995 silly audit   '@types/d3-delaunay': [ '6.0.4' ],
2995 silly audit   '@types/d3-dispatch': [ '3.0.7' ],
2995 silly audit   '@types/d3-drag': [ '3.0.7' ],
2995 silly audit   '@types/d3-dsv': [ '3.0.7' ],
2995 silly audit   '@types/d3-ease': [ '3.0.2' ],
2995 silly audit   '@types/d3-fetch': [ '3.0.7' ],
2995 silly audit   '@types/d3-force': [ '3.0.10' ],
2995 silly audit   '@types/d3-format': [ '3.0.4' ],
2995 silly audit   '@types/d3-geo': [ '3.1.0' ],
2995 silly audit   '@types/d3-hierarchy': [ '3.1.7' ],
2995 silly audit   '@types/d3-interpolate': [ '3.0.4' ],
2995 silly audit   '@types/d3-path': [ '3.1.1' ],
2995 silly audit   '@types/d3-polygon': [ '3.0.2' ],
2995 silly audit   '@types/d3-quadtree': [ '3.0.6' ],
2995 silly audit   '@types/d3-random': [ '3.0.3' ],
2995 silly audit   '@types/d3-scale': [ '4.0.9' ],
2995 silly audit   '@types/d3-scale-chromatic': [ '3.1.0' ],
2995 silly audit   '@types/d3-selection': [ '3.0.11' ],
2995 silly audit   '@types/d3-shape': [ '3.1.8' ],
2995 silly audit   '@types/d3-time': [ '3.0.4' ],
2995 silly audit   '@types/d3-time-format': [ '4.0.3' ],
2995 silly audit   '@types/d3-timer': [ '3.0.2' ],
2995 silly audit   '@types/d3-transition': [ '3.0.9' ],
2995 silly audit   '@types/d3-zoom': [ '3.0.8' ],
2995 silly audit   '@types/geojson': [ '7946.0.16' ],
2995 silly audit   '@types/unist': [ '3.0.3', '2.0.11' ],
2995 silly audit   'undici-types': [ '7.19.2' ],
2995 silly audit   'source-map': [ '0.6.1' ],
2995 silly audit   '@types/yargs-parser': [ '21.0.3' ],
2995 silly audit   'fast-string-truncated-width': [ '3.0.3' ],
2995 silly audit   tslib: [ '2.8.1' ],
2995 silly audit   readdirp: [ '5.0.0', '4.1.2' ],
2995 silly audit   'd3-array': [ '3.2.4' ],
2995 silly audit   'd3-axis': [ '3.0.0' ],
2995 silly audit   'd3-brush': [ '3.0.0' ],
2995 silly audit   'd3-chord': [ '3.0.1' ],
2995 silly audit   'd3-color': [ '3.1.0' ],
2995 silly audit   'd3-contour': [ '4.0.2' ],
2995 silly audit   'd3-delaunay': [ '6.0.4' ],
2995 silly audit   'd3-dispatch': [ '3.0.1' ],
2995 silly audit   'd3-drag': [ '3.0.0' ],
2995 silly audit   'd3-dsv': [ '3.0.1' ],
2995 silly audit   'd3-ease': [ '3.0.1' ],
2995 silly audit   'd3-fetch': [ '3.0.1' ],
2995 silly audit   'd3-force': [ '3.0.0' ],
2995 silly audit   'd3-format': [ '3.1.2' ],
2995 silly audit   'd3-geo': [ '3.1.1' ],
2995 silly audit   'd3-hierarchy': [ '3.1.2' ],
2995 silly audit   'd3-interpolate': [ '3.0.1' ],
2995 silly audit   'd3-path': [ '3.1.0' ],
2995 silly audit   'd3-polygon': [ '3.0.1' ],
2995 silly audit   'd3-quadtree': [ '3.0.1' ],
2995 silly audit   'd3-random': [ '3.0.1' ],
2995 silly audit   'd3-scale': [ '4.0.2' ],
2995 silly audit   'd3-scale-chromatic': [ '3.1.0' ],
2995 silly audit   'd3-selection': [ '3.0.0' ],
2995 silly audit   'd3-shape': [ '3.2.0' ],
2995 silly audit   'd3-time': [ '3.1.0' ],
2995 silly audit   'd3-time-format': [ '4.1.0' ],
2995 silly audit   'd3-timer': [ '3.0.1' ],
2995 silly audit   'd3-transition': [ '3.0.1' ],
2995 silly audit   'd3-zoom': [ '3.0.0' ],
2995 silly audit   internmap: [ '2.0.3' ],
2995 silly audit   delaunator: [ '5.1.0' ],
2995 silly audit   commander: [ '7.2.0', '8.3.0', '13.1.0' ],
2995 silly audit   'iconv-lite': [ '0.6.3' ],
2995 silly audit   rw: [ '1.3.3' ],
2995 silly audit   'robust-predicates': [ '3.0.3' ],
2995 silly audit   '@esbuild/aix-ppc64': [ '0.27.7' ],
2995 silly audit   '@esbuild/android-arm': [ '0.27.7' ],
2995 silly audit   '@esbuild/android-arm64': [ '0.27.7' ],
2995 silly audit   '@esbuild/android-x64': [ '0.27.7' ],
2995 silly audit   '@esbuild/darwin-arm64': [ '0.27.7' ],
2995 silly audit   '@esbuild/darwin-x64': [ '0.27.7' ],
2995 silly audit   '@esbuild/freebsd-arm64': [ '0.27.7' ],
2995 silly audit   '@esbuild/freebsd-x64': [ '0.27.7' ],
2995 silly audit   '@esbuild/linux-arm': [ '0.27.7' ],
2995 silly audit   '@esbuild/linux-arm64': [ '0.27.7' ],
2995 silly audit   '@esbuild/linux-ia32': [ '0.27.7' ],
2995 silly audit   '@esbuild/linux-loong64': [ '0.27.7' ],
2995 silly audit   '@esbuild/linux-mips64el': [ '0.27.7' ],
2995 silly audit   '@esbuild/linux-ppc64': [ '0.27.7' ],
2995 silly audit   '@esbuild/linux-riscv64': [ '0.27.7' ],
2995 silly audit   '@esbuild/linux-s390x': [ '0.27.7' ],
2995 silly audit   '@esbuild/linux-x64': [ '0.27.7' ],
2995 silly audit   '@esbuild/netbsd-arm64': [ '0.27.7' ],
2995 silly audit   '@esbuild/netbsd-x64': [ '0.27.7' ],
2995 silly audit   '@esbuild/openbsd-arm64': [ '0.27.7' ],
2995 silly audit   '@esbuild/openbsd-x64': [ '0.27.7' ],
2995 silly audit   '@esbuild/openharmony-arm64': [ '0.27.7' ],
2995 silly audit   '@esbuild/sunos-x64': [ '0.27.7' ],
2995 silly audit   '@esbuild/win32-arm64': [ '0.27.7' ],
2995 silly audit   '@esbuild/win32-ia32': [ '0.27.7' ],
2995 silly audit   '@esbuild/win32-x64': [ '0.27.7' ],
2995 silly audit   resolve: [ '1.22.12' ],
2995 silly audit   sass: [ '1.99.0' ],
2995 silly audit   '@sindresorhus/merge-streams': [ '4.0.0' ],
2995 silly audit   'fast-glob': [ '3.3.3' ],
2995 silly audit   ignore: [ '7.0.5' ],
2995 silly audit   'is-path-inside': [ '4.0.0' ],
2995 silly audit   slash: [ '5.1.0' ],
2995 silly audit   'unicorn-magic': [ '0.4.0' ],
2995 silly audit   '@nodelib/fs.stat': [ '2.0.5' ],
2995 silly audit   '@nodelib/fs.walk': [ '1.2.8' ],
2995 silly audit   'glob-parent': [ '5.1.2' ],
2995 silly audit   merge2: [ '1.4.1' ],
2995 silly audit   micromatch: [ '4.0.8' ],
2995 silly audit   '@nodelib/fs.scandir': [ '2.1.5' ],
2995 silly audit   fastq: [ '1.20.1' ],
2995 silly audit   'run-parallel': [ '1.2.0' ],
2995 silly audit   reusify: [ '1.1.0' ],
2995 silly audit   'is-glob': [ '4.0.3' ],
2995 silly audit   'kind-of': [ '6.0.3' ],
2995 silly audit   'section-matter': [ '1.0.0' ],
2995 silly audit   'strip-bom-string': [ '1.0.0' ],
2995 silly audit   'hast-util-from-dom': [ '5.0.1' ],
2995 silly audit   'hast-util-from-html': [ '2.0.3' ],
2995 silly audit   'unist-util-remove-position': [ '5.0.0' ],
2995 silly audit   hastscript: [ '9.0.1' ],
2995 silly audit   'web-namespaces': [ '2.0.1' ],
2995 silly audit   devlop: [ '1.1.0' ],
2995 silly audit   'hast-util-from-parse5': [ '8.0.3' ],
2995 silly audit   parse5: [ '7.3.0', '8.0.1' ],
2995 silly audit   'vfile-message': [ '4.0.3' ],
2995 silly audit   dequal: [ '2.0.3' ],
2995 silly audit   'property-information': [ '7.1.0' ],
2995 silly audit   'vfile-location': [ '5.0.3' ],
2995 silly audit   ccount: [ '2.0.1' ],
2995 silly audit   'comma-separated-tokens': [ '2.0.3' ],
2995 silly audit   'hast-util-whitespace': [ '3.0.0' ],
2995 silly audit   'html-void-elements': [ '3.0.0' ],
2995 silly audit   'space-separated-tokens': [ '2.0.2' ],
2995 silly audit   'stringify-entities': [ '4.0.4' ],
2995 silly audit   zwitch: [ '2.0.4' ],
2995 silly audit   '@types/estree': [ '1.0.8' ],
2995 silly audit   'estree-util-is-identifier-name': [ '3.0.0' ],
2995 silly audit   'mdast-util-mdx-expression': [ '2.0.1' ],
2995 silly audit   'mdast-util-mdx-jsx': [ '3.2.0' ],
2995 silly audit   'mdast-util-mdxjs-esm': [ '2.0.1' ],
2995 silly audit   'style-to-js': [ '1.1.21' ],
2995 silly audit   'unist-util-position': [ '5.0.0' ],
2995 silly audit   'hast-util-is-element': [ '3.0.0' ],
2995 silly audit   'unist-util-find-after': [ '5.0.0' ],
2995 silly audit   'hast-util-parse-selector': [ '4.0.0' ],
2995 silly audit   'agent-base': [ '7.1.4' ],
2995 silly audit   debug: [ '4.4.3' ],
2995 silly audit   ms: [ '2.1.3' ],
2995 silly audit   'safer-buffer': [ '2.1.2' ],
2995 silly audit   'is-extglob': [ '2.1.1' ],
2995 silly audit   argparse: [ '2.0.1', '1.0.10' ],
2995 silly audit   'detect-libc': [ '2.1.2' ],
2995 silly audit   'lightningcss-android-arm64': [ '1.32.0' ],
2995 silly audit   'lightningcss-darwin-arm64': [ '1.32.0' ],
2995 silly audit   'lightningcss-darwin-x64': [ '1.32.0' ],
2995 silly audit   'lightningcss-freebsd-x64': [ '1.32.0' ],
2995 silly audit   'lightningcss-linux-arm-gnueabihf': [ '1.32.0' ],
2995 silly audit   'lightningcss-linux-arm64-gnu': [ '1.32.0' ],
2995 silly audit   'lightningcss-linux-arm64-musl': [ '1.32.0' ],
2995 silly audit   'lightningcss-linux-x64-gnu': [ '1.32.0' ],
2995 silly audit   'lightningcss-linux-x64-musl': [ '1.32.0' ],
2995 silly audit   'lightningcss-win32-arm64-msvc': [ '1.32.0' ],
2995 silly audit   'lightningcss-win32-x64-msvc': [ '1.32.0' ],
2995 silly audit   '@types/mdast': [ '4.0.4' ],
2995 silly audit   'escape-string-regexp': [ '5.0.0' ],
2995 silly audit   'unist-util-is': [ '6.0.1' ],
2995 silly audit   '@types/estree-jsx': [ '1.0.5' ],
2995 silly audit   'mdast-util-from-markdown': [ '2.0.3' ],
2995 silly audit   'mdast-util-to-markdown': [ '2.1.2' ],
2995 silly audit   'decode-named-character-reference': [ '1.3.0' ],
2995 silly audit   micromark: [ '4.0.2' ],
2995 silly audit   'micromark-util-decode-numeric-character-reference': [ '2.0.2' ],
2995 silly audit   'micromark-util-decode-string': [ '2.0.1' ],
2995 silly audit   'micromark-util-normalize-identifier': [ '2.0.1' ],
2995 silly audit   'micromark-util-symbol': [ '2.0.1' ],
2995 silly audit   'micromark-util-types': [ '2.0.2' ],
2995 silly audit   'unist-util-stringify-position': [ '4.0.0' ],
2995 silly audit   'character-entities': [ '2.0.2' ],
2995 silly audit   'parse-entities': [ '4.0.2' ],
2995 silly audit   '@ungap/structured-clone': [ '1.3.0' ],
2995 silly audit   'micromark-util-sanitize-uri': [ '2.0.1' ],
2995 silly audit   'trim-lines': [ '3.0.1' ],
2995 silly audit   'longest-streak': [ '3.1.0' ],
2995 silly audit   'mdast-util-phrasing': [ '4.1.0' ],
2995 silly audit   'micromark-util-classify-character': [ '2.0.1' ],
2995 silly audit   '@types/debug': [ '4.1.13' ],
2995 silly audit   'micromark-core-commonmark': [ '2.0.3' ],
2995 silly audit   'micromark-factory-space': [ '2.0.1' ],
2995 silly audit   'micromark-util-character': [ '2.1.1' ],
2995 silly audit   'micromark-util-chunked': [ '2.0.1' ],
2995 silly audit   'micromark-util-combine-extensions': [ '2.0.1' ],
2995 silly audit   'micromark-util-encode': [ '2.0.1' ],
2995 silly audit   'micromark-util-resolve-all': [ '2.0.1' ],
2995 silly audit   'micromark-util-subtokenize': [ '2.1.0' ],
2995 silly audit   '@types/ms': [ '2.1.0' ],
2995 silly audit   'micromark-factory-destination': [ '2.0.1' ],
2995 silly audit   'micromark-factory-label': [ '2.0.1' ],
2995 silly audit   'micromark-factory-title': [ '2.0.1' ],
2995 silly audit   'micromark-factory-whitespace': [ '2.0.1' ],
2995 silly audit   'micromark-util-html-tag-name': [ '2.0.1' ],
2995 silly audit   braces: [ '3.0.3' ],
2995 silly audit   picomatch: [ '2.3.2', '4.0.4' ],
2995 silly audit   'fill-range': [ '7.1.1' ],
2995 silly audit   'to-regex-range': [ '5.0.1' ],
2995 silly audit   'brace-expansion': [ '5.0.5', '1.1.14' ],
2995 silly audit   'balanced-match': [ '4.0.4', '1.0.2' ],
2995 silly audit   'character-entities-legacy': [ '3.0.0' ],
2995 silly audit   'character-reference-invalid': [ '2.0.1' ],
2995 silly audit   'is-alphanumerical': [ '2.0.1' ],
2995 silly audit   'is-decimal': [ '2.0.1' ],
2995 silly audit   'is-hexadecimal': [ '2.0.1' ],
2995 silly audit   'is-alphabetical': [ '2.0.1' ],
2995 silly audit   entities: [ '6.0.1', '8.0.0' ],
2995 silly audit   '@pixi/colord': [ '2.9.6' ],
2995 silly audit   '@types/earcut': [ '3.0.0' ],
2995 silly audit   '@webgpu/types': [ '0.1.69' ],
2995 silly audit   '@xmldom/xmldom': [ '0.8.13', '0.9.10' ],
2995 silly audit   earcut: [ '3.0.2' ],
2995 silly audit   eventemitter3: [ '5.0.4' ],
2995 silly audit   'gifuct-js': [ '2.1.2' ],
2995 silly audit   ismobilejs: [ '1.1.1' ],
2995 silly audit   'parse-svg-path': [ '0.1.2' ],
2995 silly audit   'tiny-lru': [ '11.4.7' ],
2995 silly audit   'js-binary-schema-parser': [ '2.0.3' ],
2995 silly audit   'hast-util-heading-rank': [ '3.0.0' ],
2995 silly audit   '@citation-js/core': [ '0.7.21' ],
2995 silly audit   '@citation-js/date': [ '0.5.1' ],
2995 silly audit   '@citation-js/name': [ '0.4.2' ],
2995 silly audit   '@citation-js/plugin-bibjson': [ '0.7.21' ],
2995 silly audit   '@citation-js/plugin-bibtex': [ '0.7.21' ],
2995 silly audit   '@citation-js/plugin-csl': [ '0.7.22' ],
2995 silly audit   citeproc: [ '2.4.63' ],
2995 silly audit   'cross-fetch': [ '4.1.0' ],
2995 silly audit   'fetch-ponyfill': [ '7.1.0' ],
2995 silly audit   'sync-fetch': [ '0.4.5' ],
2995 silly audit   moo: [ '0.5.3' ],
2995 silly audit   'node-fetch': [ '2.7.0', '2.6.13' ],
2995 silly audit   'whatwg-url': [ '5.0.0' ],
2995 silly audit   katex: [ '0.16.45' ],
2995 silly audit   '@types/mathjax': [ '0.0.40' ],
2995 silly audit   'mathjax-full': [ '3.2.1' ],
2995 silly audit   esm: [ '3.2.25' ],
2995 silly audit   mhchemparser: [ '4.2.1' ],
2995 silly audit   'mj-context-menu': [ '0.6.1' ],
2995 silly audit   'speech-rule-engine': [ '4.1.4' ],
2995 silly audit   'parse-numeric-range': [ '1.3.0' ],
2995 silly audit   'rehype-parse': [ '9.0.1' ],
2995 silly audit   'hast-util-raw': [ '9.1.0' ],
2995 silly audit   'hast-util-to-parse5': [ '8.0.1' ],
2995 silly audit   'remark-stringify': [ '11.0.0' ],
2995 silly audit   'mdast-util-newline-to-break': [ '2.0.0' ],
2995 silly audit   'mdast-util-frontmatter': [ '2.0.1' ],
2995 silly audit   'micromark-extension-frontmatter': [ '2.0.0' ],
2995 silly audit   fault: [ '2.0.1' ],
2995 silly audit   format: [ '0.2.2' ],
2995 silly audit   'mdast-util-gfm': [ '3.1.0' ],
2995 silly audit   'micromark-extension-gfm': [ '3.0.0' ],
2995 silly audit   'mdast-util-gfm-autolink-literal': [ '2.0.1' ],
2995 silly audit   'mdast-util-gfm-footnote': [ '2.1.0' ],
2995 silly audit   'mdast-util-gfm-strikethrough': [ '2.0.0' ],
2995 silly audit   'mdast-util-gfm-table': [ '2.0.0' ],
2995 silly audit   'mdast-util-gfm-task-list-item': [ '2.0.0' ],
2995 silly audit   'markdown-table': [ '3.0.4' ],
2995 silly audit   'micromark-extension-gfm-autolink-literal': [ '2.1.0' ],
2995 silly audit   'micromark-extension-gfm-footnote': [ '2.1.0' ],
2995 silly audit   'micromark-extension-gfm-strikethrough': [ '2.1.0' ],
2995 silly audit   'micromark-extension-gfm-table': [ '2.1.1' ],
2995 silly audit   'micromark-extension-gfm-tagfilter': [ '2.0.0' ],
2995 silly audit   'micromark-extension-gfm-task-list-item': [ '2.1.0' ],
2995 silly audit   'mdast-util-math': [ '3.0.0' ],
2995 silly audit   'micromark-extension-math': [ '3.1.0' ],
2995 silly audit   retext: [ '9.0.0' ],
2995 silly audit   'retext-smartypants': [ '6.2.0' ],
2995 silly audit   'es-errors': [ '1.3.0' ],
2995 silly audit   'is-core-module': [ '2.16.1' ],
2995 silly audit   'path-parse': [ '1.0.7' ],
2995 silly audit   'supports-preserve-symlinks-flag': [ '1.0.0' ],
2995 silly audit   hasown: [ '2.0.3' ],
2995 silly audit   'function-bind': [ '1.1.2' ],
2995 silly audit   '@types/nlcst': [ '2.0.3' ],
2995 silly audit   'retext-latin': [ '4.0.0' ],
2995 silly audit   'retext-stringify': [ '4.0.0' ],
2995 silly audit   'parse-latin': [ '7.0.0' ],
2995 silly audit   'nlcst-to-string': [ '4.0.0' ],
2995 silly audit   'unist-util-modify-children': [ '4.0.0' ],
2995 silly audit   'unist-util-visit-children': [ '3.0.0' ],
2995 silly audit   'queue-microtask': [ '1.2.3' ],
2995 silly audit   '@parcel/watcher': [ '2.5.6' ],
2995 silly audit   immutable: [ '5.1.5' ],
2995 silly audit   'source-map-js': [ '1.2.1' ],
2995 silly audit   '@parcel/watcher-android-arm64': [ '2.5.6' ],
2995 silly audit   '@parcel/watcher-darwin-arm64': [ '2.5.6' ],
2995 silly audit   '@parcel/watcher-darwin-x64': [ '2.5.6' ],
2995 silly audit   '@parcel/watcher-freebsd-x64': [ '2.5.6' ],
2995 silly audit   '@parcel/watcher-linux-arm-glibc': [ '2.5.6' ],
2995 silly audit   '@parcel/watcher-linux-arm-musl': [ '2.5.6' ],
2995 silly audit   '@parcel/watcher-linux-arm64-glibc': [ '2.5.6' ],
2995 silly audit   '@parcel/watcher-linux-arm64-musl': [ '2.5.6' ],
2995 silly audit   '@parcel/watcher-linux-x64-glibc': [ '2.5.6' ],
2995 silly audit   '@parcel/watcher-linux-x64-musl': [ '2.5.6' ],
2995 silly audit   '@parcel/watcher-win32-arm64': [ '2.5.6' ],
2995 silly audit   '@parcel/watcher-win32-ia32': [ '2.5.6' ],
2995 silly audit   '@parcel/watcher-win32-x64': [ '2.5.6' ],
2995 silly audit   'node-addon-api': [ '7.1.1' ],
2995 silly audit   '@bufbuild/protobuf': [ '2.12.0' ],
2995 silly audit   'colorjs.io': [ '0.5.2' ],
2995 silly audit   rxjs: [ '7.8.2' ],
2995 silly audit   'sass-embedded-all-unknown': [ '1.99.0' ],
2995 silly audit   'sass-embedded-android-arm': [ '1.99.0' ],
2995 silly audit   'sass-embedded-android-arm64': [ '1.99.0' ],
2995 silly audit   'sass-embedded-android-riscv64': [ '1.99.0' ],
2995 silly audit   'sass-embedded-android-x64': [ '1.99.0' ],
2995 silly audit   'sass-embedded-darwin-arm64': [ '1.99.0' ],
2995 silly audit   'sass-embedded-darwin-x64': [ '1.99.0' ],
2995 silly audit   'sass-embedded-linux-arm': [ '1.99.0' ],
2995 silly audit   'sass-embedded-linux-arm64': [ '1.99.0' ],
2995 silly audit   'sass-embedded-linux-musl-arm': [ '1.99.0' ],
2995 silly audit   'sass-embedded-linux-musl-arm64': [ '1.99.0' ],
2995 silly audit   'sass-embedded-linux-musl-riscv64': [ '1.99.0' ],
2995 silly audit   'sass-embedded-linux-musl-x64': [ '1.99.0' ],
2995 silly audit   'sass-embedded-linux-riscv64': [ '1.99.0' ],
2995 silly audit   'sass-embedded-linux-x64': [ '1.99.0' ],
2995 silly audit   'sass-embedded-unknown-all': [ '1.99.0' ],
2995 silly audit   'sass-embedded-win32-arm64': [ '1.99.0' ],
2995 silly audit   'sass-embedded-win32-x64': [ '1.99.0' ],
2995 silly audit   'supports-color': [ '8.1.1' ],
2995 silly audit   'sync-child-process': [ '1.0.2' ],
2995 silly audit   varint: [ '6.0.0' ],
2995 silly audit   '@shuding/opentype.js': [ '1.4.0-beta.0' ],
2995 silly audit   'css-background-parser': [ '0.1.0' ],
2995 silly audit   'css-box-shadow': [ '1.0.0-3' ],
2995 silly audit   'css-gradient-parser': [ '0.0.17' ],
2995 silly audit   'css-to-react-native': [ '3.2.0' ],
2995 silly audit   'emoji-regex-xs': [ '2.0.1', '1.0.0' ],
2995 silly audit   'escape-html': [ '1.0.3' ],
2995 silly audit   linebreak: [ '1.1.0' ],
2995 silly audit   'parse-css-color': [ '0.2.1' ],
2995 silly audit   'postcss-value-parser': [ '4.2.0' ],
2995 silly audit   'yoga-layout': [ '3.2.1' ],
2995 silly audit   fflate: [ '0.7.4' ],
2995 silly audit   'string.prototype.codepointat': [ '0.2.1' ],
2995 silly audit   camelize: [ '1.0.1' ],
2995 silly audit   'css-color-keywords': [ '1.0.0' ],
2995 silly audit   'base64-js': [ '0.0.8', '1.5.1' ],
2995 silly audit   'unicode-trie': [ '2.0.0' ],
2995 silly audit   'color-name': [ '1.1.4' ],
2995 silly audit   'hex-rgb': [ '4.3.0' ],
2995 silly audit   'extend-shallow': [ '2.0.1' ],
2995 silly audit   'is-extendable': [ '0.1.1' ],
2995 silly audit   bytes: [ '3.0.0' ],
2995 silly audit   'content-disposition': [ '0.5.2' ],
2995 silly audit   'mime-types': [ '2.1.18' ],
2995 silly audit   'path-is-inside': [ '1.0.2' ],
2995 silly audit   'path-to-regexp': [ '3.3.0' ],
2995 silly audit   'range-parser': [ '1.2.0' ],
2995 silly audit   'mime-db': [ '1.33.0' ],
2995 silly audit   '@img/colour': [ '1.1.0' ],
2995 silly audit   '@img/sharp-darwin-arm64': [ '0.34.5' ],
2995 silly audit   '@img/sharp-darwin-x64': [ '0.34.5' ],
2995 silly audit   '@img/sharp-libvips-darwin-arm64': [ '1.2.4' ],
2995 silly audit   '@img/sharp-libvips-darwin-x64': [ '1.2.4' ],
2995 silly audit   '@img/sharp-libvips-linux-arm': [ '1.2.4' ],
2995 silly audit   '@img/sharp-libvips-linux-arm64': [ '1.2.4' ],
2995 silly audit   '@img/sharp-libvips-linux-ppc64': [ '1.2.4' ],
2995 silly audit   '@img/sharp-libvips-linux-riscv64': [ '1.2.4' ],
2995 silly audit   '@img/sharp-libvips-linux-s390x': [ '1.2.4' ],
2995 silly audit   '@img/sharp-libvips-linux-x64': [ '1.2.4' ],
2995 silly audit   '@img/sharp-libvips-linuxmusl-arm64': [ '1.2.4' ],
2995 silly audit   '@img/sharp-libvips-linuxmusl-x64': [ '1.2.4' ],
2995 silly audit   '@img/sharp-linux-arm': [ '0.34.5' ],
2995 silly audit   '@img/sharp-linux-arm64': [ '0.34.5' ],
2995 silly audit   '@img/sharp-linux-ppc64': [ '0.34.5' ],
2995 silly audit   '@img/sharp-linux-riscv64': [ '0.34.5' ],
2995 silly audit   '@img/sharp-linux-s390x': [ '0.34.5' ],
2995 silly audit   '@img/sharp-linux-x64': [ '0.34.5' ],
2995 silly audit   '@img/sharp-linuxmusl-arm64': [ '0.34.5' ],
2995 silly audit   '@img/sharp-linuxmusl-x64': [ '0.34.5' ],
2995 silly audit   '@img/sharp-wasm32': [ '0.34.5' ],
2995 silly audit   '@img/sharp-win32-arm64': [ '0.34.5' ],
2995 silly audit   '@img/sharp-win32-ia32': [ '0.34.5' ],
2995 silly audit   '@img/sharp-win32-x64': [ '0.34.5' ],
2995 silly audit   semver: [ '7.7.4' ],
2995 silly audit   '@emnapi/runtime': [ '1.10.0' ],
2995 silly audit   '@shikijs/core': [ '1.29.2' ],
2995 silly audit   '@shikijs/engine-javascript': [ '1.29.2' ],
2995 silly audit   '@shikijs/engine-oniguruma': [ '1.29.2' ],
2995 silly audit   '@shikijs/langs': [ '1.29.2' ],
2995 silly audit   '@shikijs/themes': [ '1.29.2' ],
2995 silly audit   '@shikijs/types': [ '1.29.2' ],
2995 silly audit   '@shikijs/vscode-textmate': [ '10.0.2' ],
2995 silly audit   'oniguruma-to-es': [ '2.3.0' ],
2995 silly audit   regex: [ '5.1.1' ],
2995 silly audit   'regex-recursion': [ '5.1.1' ],
2995 silly audit   'regex-utilities': [ '2.3.0' ],
2995 silly audit   'buffer-from': [ '1.1.2' ],
2995 silly audit   'wicked-good-xpath': [ '1.3.0' ],
2995 silly audit   'character-entities-html4': [ '2.1.0' ],
2995 silly audit   'style-to-object': [ '1.0.14' ],
2995 silly audit   'inline-style-parser': [ '0.2.7' ],
2995 silly audit   'has-flag': [ '4.0.0' ],
2995 silly audit   'sync-message-port': [ '1.2.0' ],
2995 silly audit   buffer: [ '5.7.1' ],
2995 silly audit   ieee754: [ '1.2.1' ],
2995 silly audit   'is-number': [ '7.0.0' ],
2995 silly audit   fsevents: [ '2.3.3' ],
2995 silly audit   'get-tsconfig': [ '4.14.0' ],
2995 silly audit   'resolve-pkg-maps': [ '1.0.0' ],
2995 silly audit   pako: [ '0.2.9' ],
2995 silly audit   'tiny-inflate': [ '1.0.3' ],
2995 silly audit   bail: [ '2.0.2' ],
2995 silly audit   extend: [ '3.0.2' ],
2995 silly audit   'is-plain-obj': [ '4.1.0' ],
2995 silly audit   trough: [ '2.2.0' ],
2995 silly audit   'array-iterate': [ '2.0.1' ],
2995 silly audit   tr46: [ '0.0.3' ],
2995 silly audit   'webidl-conversions': [ '3.0.1' ],
2995 silly audit   cliui: [ '9.0.1' ],
2995 silly audit   escalade: [ '3.2.0' ],
2995 silly audit   'get-caller-file': [ '2.0.5' ],
2995 silly audit   'string-width': [ '7.2.0' ],
2995 silly audit   y18n: [ '5.0.8' ],
2995 silly audit   'yargs-parser': [ '22.0.0' ],
2995 silly audit   'strip-ansi': [ '7.2.0' ],
2995 silly audit   'wrap-ansi': [ '9.0.2' ],
2995 silly audit   'emoji-regex': [ '10.6.0' ],
2995 silly audit   'get-east-asian-width': [ '1.5.0' ],
2995 silly audit   'ansi-regex': [ '6.2.2' ],
2995 silly audit   'ansi-styles': [ '6.2.3' ],
2995 silly audit   esprima: [ '4.0.1' ],
2995 silly audit   'sprintf-js': [ '1.0.3' ],
2995 silly audit   'concat-map': [ '0.0.1' ]
2995 silly audit }
2996 verbose reify failed optional dependency /Volumes/samsd/workspace_v2/coding_training-main/node_modules/@img/sharp-win32-x64
2997 silly reify mark deleted [
2997 silly reify   '/Volumes/samsd/workspace_v2/coding_training-main/node_modules/@img/sharp-win32-x64'
2997 silly reify ]
2998 verbose reify failed optional dependency /Volumes/samsd/workspace_v2/coding_training-main/node_modules/@img/sharp-win32-ia32
2999 silly reify mark deleted [
2999 silly reify   '/Volumes/samsd/workspace_v2/coding_training-main/node_modules/@img/sharp-win32-ia32'
2999 silly reify ]
3000 verbose reify failed optional dependency /Volumes/samsd/workspace_v2/coding_training-main/node_modules/@img/sharp-win32-arm64
3001 silly reify mark deleted [
3001 silly reify   '/Volumes/samsd/workspace_v2/coding_training-main/node_modules/@img/sharp-win32-arm64'
3001 silly reify ]
3002 verbose reify failed optional dependency /Volumes/samsd/workspace_v2/coding_training-main/node_modules/@img/sharp-wasm32
3003 silly reify mark deleted [
3003 silly reify   '/Volumes/samsd/workspace_v2/coding_training-main/node_modules/@img/sharp-wasm32'
3003 silly reify ]
3004 verbose reify failed optional dependency /Volumes/samsd/workspace_v2/coding_training-main/node_modules/@emnapi/runtime
3005 silly reify mark deleted [
3005 silly reify   '/Volumes/samsd/workspace_v2/coding_training-main/node_modules/@emnapi/runtime'
3005 silly reify ]
3006 verbose reify failed optional dependency /Volumes/samsd/workspace_v2/coding_training-main/node_modules/@img/sharp-linuxmusl-x64
3007 silly reify mark deleted [
3007 silly reify   '/Volumes/samsd/workspace_v2/coding_training-main/node_modules/@img/sharp-linuxmusl-x64'
3007 silly reify ]
3008 verbose reify failed optional dependency /Volumes/samsd/workspace_v2/coding_training-main/node_modules/@img/sharp-linuxmusl-arm64
3009 silly reify mark deleted [
3009 silly reify   '/Volumes/samsd/workspace_v2/coding_training-main/node_modules/@img/sharp-linuxmusl-arm64'
3009 silly reify ]
3010 verbose reify failed optional dependency /Volumes/samsd/workspace_v2/coding_training-main/node_modules/@img/sharp-linux-x64
3011 silly reify mark deleted [
3011 silly reify   '/Volumes/samsd/workspace_v2/coding_training-main/node_modules/@img/sharp-linux-x64'
3011 silly reify ]
3012 verbose reify failed optional dependency /Volumes/samsd/workspace_v2/coding_training-main/node_modules/@img/sharp-linux-s390x
3013 silly reify mark deleted [
3013 silly reify   '/Volumes/samsd/workspace_v2/coding_training-main/node_modules/@img/sharp-linux-s390x'
3013 silly reify ]
3014 verbose reify failed optional dependency /Volumes/samsd/workspace_v2/coding_training-main/node_modules/@img/sharp-linux-riscv64
3015 silly reify mark deleted [
3015 silly reify   '/Volumes/samsd/workspace_v2/coding_training-main/node_modules/@img/sharp-linux-riscv64'
3015 silly reify ]
3016 verbose reify failed optional dependency /Volumes/samsd/workspace_v2/coding_training-main/node_modules/@img/sharp-linux-ppc64
3017 silly reify mark deleted [
3017 silly reify   '/Volumes/samsd/workspace_v2/coding_training-main/node_modules/@img/sharp-linux-ppc64'
3017 silly reify ]
3018 verbose reify failed optional dependency /Volumes/samsd/workspace_v2/coding_training-main/node_modules/@img/sharp-linux-arm64
3019 silly reify mark deleted [
3019 silly reify   '/Volumes/samsd/workspace_v2/coding_training-main/node_modules/@img/sharp-linux-arm64'
3019 silly reify ]
3020 verbose reify failed optional dependency /Volumes/samsd/workspace_v2/coding_training-main/node_modules/@img/sharp-linux-arm
3021 silly reify mark deleted [
3021 silly reify   '/Volumes/samsd/workspace_v2/coding_training-main/node_modules/@img/sharp-linux-arm'
3021 silly reify ]
3022 verbose reify failed optional dependency /Volumes/samsd/workspace_v2/coding_training-main/node_modules/@img/sharp-libvips-linuxmusl-x64
3023 silly reify mark deleted [
3023 silly reify   '/Volumes/samsd/workspace_v2/coding_training-main/node_modules/@img/sharp-libvips-linuxmusl-x64'
3023 silly reify ]
3024 verbose reify failed optional dependency /Volumes/samsd/workspace_v2/coding_training-main/node_modules/@img/sharp-libvips-linuxmusl-arm64
3025 silly reify mark deleted [
3025 silly reify   '/Volumes/samsd/workspace_v2/coding_training-main/node_modules/@img/sharp-libvips-linuxmusl-arm64'
3025 silly reify ]
3026 verbose reify failed optional dependency /Volumes/samsd/workspace_v2/coding_training-main/node_modules/@img/sharp-libvips-linux-x64
3027 silly reify mark deleted [
3027 silly reify   '/Volumes/samsd/workspace_v2/coding_training-main/node_modules/@img/sharp-libvips-linux-x64'
3027 silly reify ]
3028 verbose reify failed optional dependency /Volumes/samsd/workspace_v2/coding_training-main/node_modules/@img/sharp-libvips-linux-s390x
3029 silly reify mark deleted [
3029 silly reify   '/Volumes/samsd/workspace_v2/coding_training-main/node_modules/@img/sharp-libvips-linux-s390x'
3029 silly reify ]
3030 verbose reify failed optional dependency /Volumes/samsd/workspace_v2/coding_training-main/node_modules/@img/sharp-libvips-linux-riscv64
3031 silly reify mark deleted [
3031 silly reify   '/Volumes/samsd/workspace_v2/coding_training-main/node_modules/@img/sharp-libvips-linux-riscv64'
3031 silly reify ]
3032 verbose reify failed optional dependency /Volumes/samsd/workspace_v2/coding_training-main/node_modules/@img/sharp-libvips-linux-ppc64
3033 silly reify mark deleted [
3033 silly reify   '/Volumes/samsd/workspace_v2/coding_training-main/node_modules/@img/sharp-libvips-linux-ppc64'
3033 silly reify ]
3034 verbose reify failed optional dependency /Volumes/samsd/workspace_v2/coding_training-main/node_modules/@img/sharp-libvips-linux-arm64
3035 silly reify mark deleted [
3035 silly reify   '/Volumes/samsd/workspace_v2/coding_training-main/node_modules/@img/sharp-libvips-linux-arm64'
3035 silly reify ]
3036 verbose reify failed optional dependency /Volumes/samsd/workspace_v2/coding_training-main/node_modules/@img/sharp-libvips-linux-arm
3037 silly reify mark deleted [
3037 silly reify   '/Volumes/samsd/workspace_v2/coding_training-main/node_modules/@img/sharp-libvips-linux-arm'
3037 silly reify ]
3038 verbose reify failed optional dependency /Volumes/samsd/workspace_v2/coding_training-main/node_modules/@img/sharp-libvips-darwin-x64
3039 silly reify mark deleted [
3039 silly reify   '/Volumes/samsd/workspace_v2/coding_training-main/node_modules/@img/sharp-libvips-darwin-x64'
3039 silly reify ]
3040 verbose reify failed optional dependency /Volumes/samsd/workspace_v2/coding_training-main/node_modules/@img/sharp-darwin-x64
3041 silly reify mark deleted [
3041 silly reify   '/Volumes/samsd/workspace_v2/coding_training-main/node_modules/@img/sharp-darwin-x64'
3041 silly reify ]
3042 verbose reify failed optional dependency /Volumes/samsd/workspace_v2/coding_training-main/node_modules/sass-embedded-win32-x64
3043 silly reify mark deleted [
3043 silly reify   '/Volumes/samsd/workspace_v2/coding_training-main/node_modules/sass-embedded-win32-x64'
3043 silly reify ]
3044 verbose reify failed optional dependency /Volumes/samsd/workspace_v2/coding_training-main/node_modules/sass-embedded-win32-arm64
3045 silly reify mark deleted [
3045 silly reify   '/Volumes/samsd/workspace_v2/coding_training-main/node_modules/sass-embedded-win32-arm64'
3045 silly reify ]
3046 verbose reify failed optional dependency /Volumes/samsd/workspace_v2/coding_training-main/node_modules/sass-embedded-unknown-all
3047 silly reify mark deleted [
3047 silly reify   '/Volumes/samsd/workspace_v2/coding_training-main/node_modules/sass-embedded-unknown-all'
3047 silly reify ]
3048 verbose reify failed optional dependency /Volumes/samsd/workspace_v2/coding_training-main/node_modules/sass-embedded-linux-x64
3049 silly reify mark deleted [
3049 silly reify   '/Volumes/samsd/workspace_v2/coding_training-main/node_modules/sass-embedded-linux-x64'
3049 silly reify ]
3050 verbose reify failed optional dependency /Volumes/samsd/workspace_v2/coding_training-main/node_modules/sass-embedded-linux-riscv64
3051 silly reify mark deleted [
3051 silly reify   '/Volumes/samsd/workspace_v2/coding_training-main/node_modules/sass-embedded-linux-riscv64'
3051 silly reify ]
3052 verbose reify failed optional dependency /Volumes/samsd/workspace_v2/coding_training-main/node_modules/sass-embedded-linux-musl-x64
3053 silly reify mark deleted [
3053 silly reify   '/Volumes/samsd/workspace_v2/coding_training-main/node_modules/sass-embedded-linux-musl-x64'
3053 silly reify ]
3054 verbose reify failed optional dependency /Volumes/samsd/workspace_v2/coding_training-main/node_modules/sass-embedded-linux-musl-riscv64
3055 silly reify mark deleted [
3055 silly reify   '/Volumes/samsd/workspace_v2/coding_training-main/node_modules/sass-embedded-linux-musl-riscv64'
3055 silly reify ]
3056 verbose reify failed optional dependency /Volumes/samsd/workspace_v2/coding_training-main/node_modules/sass-embedded-linux-musl-arm64
3057 silly reify mark deleted [
3057 silly reify   '/Volumes/samsd/workspace_v2/coding_training-main/node_modules/sass-embedded-linux-musl-arm64'
3057 silly reify ]
3058 verbose reify failed optional dependency /Volumes/samsd/workspace_v2/coding_training-main/node_modules/sass-embedded-linux-musl-arm
3059 silly reify mark deleted [
3059 silly reify   '/Volumes/samsd/workspace_v2/coding_training-main/node_modules/sass-embedded-linux-musl-arm'
3059 silly reify ]
3060 verbose reify failed optional dependency /Volumes/samsd/workspace_v2/coding_training-main/node_modules/sass-embedded-linux-arm64
3061 silly reify mark deleted [
3061 silly reify   '/Volumes/samsd/workspace_v2/coding_training-main/node_modules/sass-embedded-linux-arm64'
3061 silly reify ]
3062 verbose reify failed optional dependency /Volumes/samsd/workspace_v2/coding_training-main/node_modules/sass-embedded-linux-arm
3063 silly reify mark deleted [
3063 silly reify   '/Volumes/samsd/workspace_v2/coding_training-main/node_modules/sass-embedded-linux-arm'
3063 silly reify ]
3064 verbose reify failed optional dependency /Volumes/samsd/workspace_v2/coding_training-main/node_modules/sass-embedded-darwin-x64
3065 silly reify mark deleted [
3065 silly reify   '/Volumes/samsd/workspace_v2/coding_training-main/node_modules/sass-embedded-darwin-x64'
3065 silly reify ]
3066 verbose reify failed optional dependency /Volumes/samsd/workspace_v2/coding_training-main/node_modules/sass-embedded-android-x64
3067 silly reify mark deleted [
3067 silly reify   '/Volumes/samsd/workspace_v2/coding_training-main/node_modules/sass-embedded-android-x64'
3067 silly reify ]
3068 verbose reify failed optional dependency /Volumes/samsd/workspace_v2/coding_training-main/node_modules/sass-embedded-android-riscv64
3069 silly reify mark deleted [
3069 silly reify   '/Volumes/samsd/workspace_v2/coding_training-main/node_modules/sass-embedded-android-riscv64'
3069 silly reify ]
3070 verbose reify failed optional dependency /Volumes/samsd/workspace_v2/coding_training-main/node_modules/sass-embedded-android-arm64
3071 silly reify mark deleted [
3071 silly reify   '/Volumes/samsd/workspace_v2/coding_training-main/node_modules/sass-embedded-android-arm64'
3071 silly reify ]
3072 verbose reify failed optional dependency /Volumes/samsd/workspace_v2/coding_training-main/node_modules/sass-embedded-android-arm
3073 silly reify mark deleted [
3073 silly reify   '/Volumes/samsd/workspace_v2/coding_training-main/node_modules/sass-embedded-android-arm'
3073 silly reify ]
3074 verbose reify failed optional dependency /Volumes/samsd/workspace_v2/coding_training-main/node_modules/sass-embedded-all-unknown
3075 silly reify mark deleted [
3075 silly reify   '/Volumes/samsd/workspace_v2/coding_training-main/node_modules/sass-embedded-all-unknown'
3075 silly reify ]
3076 verbose reify failed optional dependency /Volumes/samsd/workspace_v2/coding_training-main/node_modules/@parcel/watcher-win32-x64
3077 silly reify mark deleted [
3077 silly reify   '/Volumes/samsd/workspace_v2/coding_training-main/node_modules/@parcel/watcher-win32-x64'
3077 silly reify ]
3078 verbose reify failed optional dependency /Volumes/samsd/workspace_v2/coding_training-main/node_modules/@parcel/watcher-win32-ia32
3079 silly reify mark deleted [
3079 silly reify   '/Volumes/samsd/workspace_v2/coding_training-main/node_modules/@parcel/watcher-win32-ia32'
3079 silly reify ]
3080 verbose reify failed optional dependency /Volumes/samsd/workspace_v2/coding_training-main/node_modules/@parcel/watcher-win32-arm64
3081 silly reify mark deleted [
3081 silly reify   '/Volumes/samsd/workspace_v2/coding_training-main/node_modules/@parcel/watcher-win32-arm64'
3081 silly reify ]
3082 verbose reify failed optional dependency /Volumes/samsd/workspace_v2/coding_training-main/node_modules/@parcel/watcher-linux-x64-musl
3083 silly reify mark deleted [
3083 silly reify   '/Volumes/samsd/workspace_v2/coding_training-main/node_modules/@parcel/watcher-linux-x64-musl'
3083 silly reify ]
3084 verbose reify failed optional dependency /Volumes/samsd/workspace_v2/coding_training-main/node_modules/@parcel/watcher-linux-x64-glibc
3085 silly reify mark deleted [
3085 silly reify   '/Volumes/samsd/workspace_v2/coding_training-main/node_modules/@parcel/watcher-linux-x64-glibc'
3085 silly reify ]
3086 verbose reify failed optional dependency /Volumes/samsd/workspace_v2/coding_training-main/node_modules/@parcel/watcher-linux-arm64-musl
3087 silly reify mark deleted [
3087 silly reify   '/Volumes/samsd/workspace_v2/coding_training-main/node_modules/@parcel/watcher-linux-arm64-musl'
3087 silly reify ]
3088 verbose reify failed optional dependency /Volumes/samsd/workspace_v2/coding_training-main/node_modules/@parcel/watcher-linux-arm64-glibc
3089 silly reify mark deleted [
3089 silly reify   '/Volumes/samsd/workspace_v2/coding_training-main/node_modules/@parcel/watcher-linux-arm64-glibc'
3089 silly reify ]
3090 verbose reify failed optional dependency /Volumes/samsd/workspace_v2/coding_training-main/node_modules/@parcel/watcher-linux-arm-musl
3091 silly reify mark deleted [
3091 silly reify   '/Volumes/samsd/workspace_v2/coding_training-main/node_modules/@parcel/watcher-linux-arm-musl'
3091 silly reify ]
3092 verbose reify failed optional dependency /Volumes/samsd/workspace_v2/coding_training-main/node_modules/@parcel/watcher-linux-arm-glibc
3093 silly reify mark deleted [
3093 silly reify   '/Volumes/samsd/workspace_v2/coding_training-main/node_modules/@parcel/watcher-linux-arm-glibc'
3093 silly reify ]
3094 verbose reify failed optional dependency /Volumes/samsd/workspace_v2/coding_training-main/node_modules/@parcel/watcher-freebsd-x64
3095 silly reify mark deleted [
3095 silly reify   '/Volumes/samsd/workspace_v2/coding_training-main/node_modules/@parcel/watcher-freebsd-x64'
3095 silly reify ]
3096 verbose reify failed optional dependency /Volumes/samsd/workspace_v2/coding_training-main/node_modules/@parcel/watcher-darwin-x64
3097 silly reify mark deleted [
3097 silly reify   '/Volumes/samsd/workspace_v2/coding_training-main/node_modules/@parcel/watcher-darwin-x64'
3097 silly reify ]
3098 verbose reify failed optional dependency /Volumes/samsd/workspace_v2/coding_training-main/node_modules/@parcel/watcher-android-arm64
3099 silly reify mark deleted [
3099 silly reify   '/Volumes/samsd/workspace_v2/coding_training-main/node_modules/@parcel/watcher-android-arm64'
3099 silly reify ]
3100 verbose reify failed optional dependency /Volumes/samsd/workspace_v2/coding_training-main/node_modules/lightningcss-win32-x64-msvc
3101 silly reify mark deleted [
3101 silly reify   '/Volumes/samsd/workspace_v2/coding_training-main/node_modules/lightningcss-win32-x64-msvc'
3101 silly reify ]
3102 verbose reify failed optional dependency /Volumes/samsd/workspace_v2/coding_training-main/node_modules/lightningcss-win32-arm64-msvc
3103 silly reify mark deleted [
3103 silly reify   '/Volumes/samsd/workspace_v2/coding_training-main/node_modules/lightningcss-win32-arm64-msvc'
3103 silly reify ]
3104 verbose reify failed optional dependency /Volumes/samsd/workspace_v2/coding_training-main/node_modules/lightningcss-linux-x64-musl
3105 silly reify mark deleted [
3105 silly reify   '/Volumes/samsd/workspace_v2/coding_training-main/node_modules/lightningcss-linux-x64-musl'
3105 silly reify ]
3106 verbose reify failed optional dependency /Volumes/samsd/workspace_v2/coding_training-main/node_modules/lightningcss-linux-x64-gnu
3107 silly reify mark deleted [
3107 silly reify   '/Volumes/samsd/workspace_v2/coding_training-main/node_modules/lightningcss-linux-x64-gnu'
3107 silly reify ]
3108 verbose reify failed optional dependency /Volumes/samsd/workspace_v2/coding_training-main/node_modules/lightningcss-linux-arm64-musl
3109 silly reify mark deleted [
3109 silly reify   '/Volumes/samsd/workspace_v2/coding_training-main/node_modules/lightningcss-linux-arm64-musl'
3109 silly reify ]
3110 verbose reify failed optional dependency /Volumes/samsd/workspace_v2/coding_training-main/node_modules/lightningcss-linux-arm64-gnu
3111 silly reify mark deleted [
3111 silly reify   '/Volumes/samsd/workspace_v2/coding_training-main/node_modules/lightningcss-linux-arm64-gnu'
3111 silly reify ]
3112 verbose reify failed optional dependency /Volumes/samsd/workspace_v2/coding_training-main/node_modules/lightningcss-linux-arm-gnueabihf
3113 silly reify mark deleted [
3113 silly reify   '/Volumes/samsd/workspace_v2/coding_training-main/node_modules/lightningcss-linux-arm-gnueabihf'
3113 silly reify ]
3114 verbose reify failed optional dependency /Volumes/samsd/workspace_v2/coding_training-main/node_modules/lightningcss-freebsd-x64
3115 silly reify mark deleted [
3115 silly reify   '/Volumes/samsd/workspace_v2/coding_training-main/node_modules/lightningcss-freebsd-x64'
3115 silly reify ]
3116 verbose reify failed optional dependency /Volumes/samsd/workspace_v2/coding_training-main/node_modules/lightningcss-darwin-x64
3117 silly reify mark deleted [
3117 silly reify   '/Volumes/samsd/workspace_v2/coding_training-main/node_modules/lightningcss-darwin-x64'
3117 silly reify ]
3118 verbose reify failed optional dependency /Volumes/samsd/workspace_v2/coding_training-main/node_modules/lightningcss-android-arm64
3119 silly reify mark deleted [
3119 silly reify   '/Volumes/samsd/workspace_v2/coding_training-main/node_modules/lightningcss-android-arm64'
3119 silly reify ]
3120 verbose reify failed optional dependency /Volumes/samsd/workspace_v2/coding_training-main/node_modules/@esbuild/win32-x64
3121 silly reify mark deleted [
3121 silly reify   '/Volumes/samsd/workspace_v2/coding_training-main/node_modules/@esbuild/win32-x64'
3121 silly reify ]
3122 verbose reify failed optional dependency /Volumes/samsd/workspace_v2/coding_training-main/node_modules/@esbuild/win32-ia32
3123 silly reify mark deleted [
3123 silly reify   '/Volumes/samsd/workspace_v2/coding_training-main/node_modules/@esbuild/win32-ia32'
3123 silly reify ]
3124 verbose reify failed optional dependency /Volumes/samsd/workspace_v2/coding_training-main/node_modules/@esbuild/win32-arm64
3125 silly reify mark deleted [
3125 silly reify   '/Volumes/samsd/workspace_v2/coding_training-main/node_modules/@esbuild/win32-arm64'
3125 silly reify ]
3126 verbose reify failed optional dependency /Volumes/samsd/workspace_v2/coding_training-main/node_modules/@esbuild/sunos-x64
3127 silly reify mark deleted [
3127 silly reify   '/Volumes/samsd/workspace_v2/coding_training-main/node_modules/@esbuild/sunos-x64'
3127 silly reify ]
3128 verbose reify failed optional dependency /Volumes/samsd/workspace_v2/coding_training-main/node_modules/@esbuild/openharmony-arm64
3129 silly reify mark deleted [
3129 silly reify   '/Volumes/samsd/workspace_v2/coding_training-main/node_modules/@esbuild/openharmony-arm64'
3129 silly reify ]
3130 verbose reify failed optional dependency /Volumes/samsd/workspace_v2/coding_training-main/node_modules/@esbuild/openbsd-x64
3131 silly reify mark deleted [
3131 silly reify   '/Volumes/samsd/workspace_v2/coding_training-main/node_modules/@esbuild/openbsd-x64'
3131 silly reify ]
3132 verbose reify failed optional dependency /Volumes/samsd/workspace_v2/coding_training-main/node_modules/@esbuild/openbsd-arm64
3133 silly reify mark deleted [
3133 silly reify   '/Volumes/samsd/workspace_v2/coding_training-main/node_modules/@esbuild/openbsd-arm64'
3133 silly reify ]
3134 verbose reify failed optional dependency /Volumes/samsd/workspace_v2/coding_training-main/node_modules/@esbuild/netbsd-x64
3135 silly reify mark deleted [
3135 silly reify   '/Volumes/samsd/workspace_v2/coding_training-main/node_modules/@esbuild/netbsd-x64'
3135 silly reify ]
3136 verbose reify failed optional dependency /Volumes/samsd/workspace_v2/coding_training-main/node_modules/@esbuild/netbsd-arm64
3137 silly reify mark deleted [
3137 silly reify   '/Volumes/samsd/workspace_v2/coding_training-main/node_modules/@esbuild/netbsd-arm64'
3137 silly reify ]
3138 verbose reify failed optional dependency /Volumes/samsd/workspace_v2/coding_training-main/node_modules/@esbuild/linux-x64
3139 silly reify mark deleted [
3139 silly reify   '/Volumes/samsd/workspace_v2/coding_training-main/node_modules/@esbuild/linux-x64'
3139 silly reify ]
3140 verbose reify failed optional dependency /Volumes/samsd/workspace_v2/coding_training-main/node_modules/@esbuild/linux-s390x
3141 silly reify mark deleted [
3141 silly reify   '/Volumes/samsd/workspace_v2/coding_training-main/node_modules/@esbuild/linux-s390x'
3141 silly reify ]
3142 verbose reify failed optional dependency /Volumes/samsd/workspace_v2/coding_training-main/node_modules/@esbuild/linux-riscv64
3143 silly reify mark deleted [
3143 silly reify   '/Volumes/samsd/workspace_v2/coding_training-main/node_modules/@esbuild/linux-riscv64'
3143 silly reify ]
3144 verbose reify failed optional dependency /Volumes/samsd/workspace_v2/coding_training-main/node_modules/@esbuild/linux-ppc64
3145 silly reify mark deleted [
3145 silly reify   '/Volumes/samsd/workspace_v2/coding_training-main/node_modules/@esbuild/linux-ppc64'
3145 silly reify ]
3146 verbose reify failed optional dependency /Volumes/samsd/workspace_v2/coding_training-main/node_modules/@esbuild/linux-mips64el
3147 silly reify mark deleted [
3147 silly reify   '/Volumes/samsd/workspace_v2/coding_training-main/node_modules/@esbuild/linux-mips64el'
3147 silly reify ]
3148 verbose reify failed optional dependency /Volumes/samsd/workspace_v2/coding_training-main/node_modules/@esbuild/linux-loong64
3149 silly reify mark deleted [
3149 silly reify   '/Volumes/samsd/workspace_v2/coding_training-main/node_modules/@esbuild/linux-loong64'
3149 silly reify ]
3150 verbose reify failed optional dependency /Volumes/samsd/workspace_v2/coding_training-main/node_modules/@esbuild/linux-ia32
3151 silly reify mark deleted [
3151 silly reify   '/Volumes/samsd/workspace_v2/coding_training-main/node_modules/@esbuild/linux-ia32'
3151 silly reify ]
3152 verbose reify failed optional dependency /Volumes/samsd/workspace_v2/coding_training-main/node_modules/@esbuild/linux-arm64
3153 silly reify mark deleted [
3153 silly reify   '/Volumes/samsd/workspace_v2/coding_training-main/node_modules/@esbuild/linux-arm64'
3153 silly reify ]
3154 verbose reify failed optional dependency /Volumes/samsd/workspace_v2/coding_training-main/node_modules/@esbuild/linux-arm
3155 silly reify mark deleted [
3155 silly reify   '/Volumes/samsd/workspace_v2/coding_training-main/node_modules/@esbuild/linux-arm'
3155 silly reify ]
3156 verbose reify failed optional dependency /Volumes/samsd/workspace_v2/coding_training-main/node_modules/@esbuild/freebsd-x64
3157 silly reify mark deleted [
3157 silly reify   '/Volumes/samsd/workspace_v2/coding_training-main/node_modules/@esbuild/freebsd-x64'
3157 silly reify ]
3158 verbose reify failed optional dependency /Volumes/samsd/workspace_v2/coding_training-main/node_modules/@esbuild/freebsd-arm64
3159 silly reify mark deleted [
3159 silly reify   '/Volumes/samsd/workspace_v2/coding_training-main/node_modules/@esbuild/freebsd-arm64'
3159 silly reify ]
3160 verbose reify failed optional dependency /Volumes/samsd/workspace_v2/coding_training-main/node_modules/@esbuild/darwin-x64
3161 silly reify mark deleted [
3161 silly reify   '/Volumes/samsd/workspace_v2/coding_training-main/node_modules/@esbuild/darwin-x64'
3161 silly reify ]
3162 verbose reify failed optional dependency /Volumes/samsd/workspace_v2/coding_training-main/node_modules/@esbuild/android-x64
3163 silly reify mark deleted [
3163 silly reify   '/Volumes/samsd/workspace_v2/coding_training-main/node_modules/@esbuild/android-x64'
3163 silly reify ]
3164 verbose reify failed optional dependency /Volumes/samsd/workspace_v2/coding_training-main/node_modules/@esbuild/android-arm64
3165 silly reify mark deleted [
3165 silly reify   '/Volumes/samsd/workspace_v2/coding_training-main/node_modules/@esbuild/android-arm64'
3165 silly reify ]
3166 verbose reify failed optional dependency /Volumes/samsd/workspace_v2/coding_training-main/node_modules/@esbuild/android-arm
3167 silly reify mark deleted [
3167 silly reify   '/Volumes/samsd/workspace_v2/coding_training-main/node_modules/@esbuild/android-arm'
3167 silly reify ]
3168 verbose reify failed optional dependency /Volumes/samsd/workspace_v2/coding_training-main/node_modules/@esbuild/aix-ppc64
3169 silly reify mark deleted [
3169 silly reify   '/Volumes/samsd/workspace_v2/coding_training-main/node_modules/@esbuild/aix-ppc64'
3169 silly reify ]
3170 verbose reify failed optional dependency /Volumes/samsd/workspace_v2/coding_training-main/node_modules/@napi-rs/simple-git-win32-x64-msvc
3171 silly reify mark deleted [
3171 silly reify   '/Volumes/samsd/workspace_v2/coding_training-main/node_modules/@napi-rs/simple-git-win32-x64-msvc'
3171 silly reify ]
3172 verbose reify failed optional dependency /Volumes/samsd/workspace_v2/coding_training-main/node_modules/@napi-rs/simple-git-win32-ia32-msvc
3173 silly reify mark deleted [
3173 silly reify   '/Volumes/samsd/workspace_v2/coding_training-main/node_modules/@napi-rs/simple-git-win32-ia32-msvc'
3173 silly reify ]
3174 verbose reify failed optional dependency /Volumes/samsd/workspace_v2/coding_training-main/node_modules/@napi-rs/simple-git-win32-arm64-msvc
3175 silly reify mark deleted [
3175 silly reify   '/Volumes/samsd/workspace_v2/coding_training-main/node_modules/@napi-rs/simple-git-win32-arm64-msvc'
3175 silly reify ]
3176 verbose reify failed optional dependency /Volumes/samsd/workspace_v2/coding_training-main/node_modules/@napi-rs/simple-git-linux-x64-musl
3177 silly reify mark deleted [
3177 silly reify   '/Volumes/samsd/workspace_v2/coding_training-main/node_modules/@napi-rs/simple-git-linux-x64-musl'
3177 silly reify ]
3178 verbose reify failed optional dependency /Volumes/samsd/workspace_v2/coding_training-main/node_modules/@napi-rs/simple-git-linux-x64-gnu
3179 silly reify mark deleted [
3179 silly reify   '/Volumes/samsd/workspace_v2/coding_training-main/node_modules/@napi-rs/simple-git-linux-x64-gnu'
3179 silly reify ]
3180 verbose reify failed optional dependency /Volumes/samsd/workspace_v2/coding_training-main/node_modules/@napi-rs/simple-git-linux-s390x-gnu
3181 silly reify mark deleted [
3181 silly reify   '/Volumes/samsd/workspace_v2/coding_training-main/node_modules/@napi-rs/simple-git-linux-s390x-gnu'
3181 silly reify ]
3182 verbose reify failed optional dependency /Volumes/samsd/workspace_v2/coding_training-main/node_modules/@napi-rs/simple-git-linux-ppc64-gnu
3183 silly reify mark deleted [
3183 silly reify   '/Volumes/samsd/workspace_v2/coding_training-main/node_modules/@napi-rs/simple-git-linux-ppc64-gnu'
3183 silly reify ]
3184 verbose reify failed optional dependency /Volumes/samsd/workspace_v2/coding_training-main/node_modules/@napi-rs/simple-git-linux-arm64-musl
3185 silly reify mark deleted [
3185 silly reify   '/Volumes/samsd/workspace_v2/coding_training-main/node_modules/@napi-rs/simple-git-linux-arm64-musl'
3185 silly reify ]
3186 verbose reify failed optional dependency /Volumes/samsd/workspace_v2/coding_training-main/node_modules/@napi-rs/simple-git-linux-arm64-gnu
3187 silly reify mark deleted [
3187 silly reify   '/Volumes/samsd/workspace_v2/coding_training-main/node_modules/@napi-rs/simple-git-linux-arm64-gnu'
3187 silly reify ]
3188 verbose reify failed optional dependency /Volumes/samsd/workspace_v2/coding_training-main/node_modules/@napi-rs/simple-git-linux-arm-gnueabihf
3189 silly reify mark deleted [
3189 silly reify   '/Volumes/samsd/workspace_v2/coding_training-main/node_modules/@napi-rs/simple-git-linux-arm-gnueabihf'
3189 silly reify ]
3190 verbose reify failed optional dependency /Volumes/samsd/workspace_v2/coding_training-main/node_modules/@napi-rs/simple-git-freebsd-x64
3191 silly reify mark deleted [
3191 silly reify   '/Volumes/samsd/workspace_v2/coding_training-main/node_modules/@napi-rs/simple-git-freebsd-x64'
3191 silly reify ]
3192 verbose reify failed optional dependency /Volumes/samsd/workspace_v2/coding_training-main/node_modules/@napi-rs/simple-git-darwin-x64
3193 silly reify mark deleted [
3193 silly reify   '/Volumes/samsd/workspace_v2/coding_training-main/node_modules/@napi-rs/simple-git-darwin-x64'
3193 silly reify ]
3194 verbose reify failed optional dependency /Volumes/samsd/workspace_v2/coding_training-main/node_modules/@napi-rs/simple-git-android-arm64
3195 silly reify mark deleted [
3195 silly reify   '/Volumes/samsd/workspace_v2/coding_training-main/node_modules/@napi-rs/simple-git-android-arm64'
3195 silly reify ]
3196 verbose reify failed optional dependency /Volumes/samsd/workspace_v2/coding_training-main/node_modules/@napi-rs/simple-git-android-arm-eabi
3197 silly reify mark deleted [
3197 silly reify   '/Volumes/samsd/workspace_v2/coding_training-main/node_modules/@napi-rs/simple-git-android-arm-eabi'
3197 silly reify ]
3198 verbose reify failed optional dependency /Volumes/samsd/workspace_v2/coding_training-main/node_modules/@myriaddreamin/typst-ts-node-compiler-win32-x64-msvc
3199 silly reify mark deleted [
3199 silly reify   '/Volumes/samsd/workspace_v2/coding_training-main/node_modules/@myriaddreamin/typst-ts-node-compiler-win32-x64-msvc'
3199 silly reify ]
3200 verbose reify failed optional dependency /Volumes/samsd/workspace_v2/coding_training-main/node_modules/@myriaddreamin/typst-ts-node-compiler-win32-arm64-msvc
3201 silly reify mark deleted [
3201 silly reify   '/Volumes/samsd/workspace_v2/coding_training-main/node_modules/@myriaddreamin/typst-ts-node-compiler-win32-arm64-msvc'
3201 silly reify ]
3202 verbose reify failed optional dependency /Volumes/samsd/workspace_v2/coding_training-main/node_modules/@myriaddreamin/typst-ts-node-compiler-linux-x64-musl
3203 silly reify mark deleted [
3203 silly reify   '/Volumes/samsd/workspace_v2/coding_training-main/node_modules/@myriaddreamin/typst-ts-node-compiler-linux-x64-musl'
3203 silly reify ]
3204 verbose reify failed optional dependency /Volumes/samsd/workspace_v2/coding_training-main/node_modules/@myriaddreamin/typst-ts-node-compiler-linux-x64-gnu
3205 silly reify mark deleted [
3205 silly reify   '/Volumes/samsd/workspace_v2/coding_training-main/node_modules/@myriaddreamin/typst-ts-node-compiler-linux-x64-gnu'
3205 silly reify ]
3206 verbose reify failed optional dependency /Volumes/samsd/workspace_v2/coding_training-main/node_modules/@myriaddreamin/typst-ts-node-compiler-linux-arm64-musl
3207 silly reify mark deleted [
3207 silly reify   '/Volumes/samsd/workspace_v2/coding_training-main/node_modules/@myriaddreamin/typst-ts-node-compiler-linux-arm64-musl'
3207 silly reify ]
3208 verbose reify failed optional dependency /Volumes/samsd/workspace_v2/coding_training-main/node_modules/@myriaddreamin/typst-ts-node-compiler-linux-arm64-gnu
3209 silly reify mark deleted [
3209 silly reify   '/Volumes/samsd/workspace_v2/coding_training-main/node_modules/@myriaddreamin/typst-ts-node-compiler-linux-arm64-gnu'
3209 silly reify ]
3210 verbose reify failed optional dependency /Volumes/samsd/workspace_v2/coding_training-main/node_modules/@myriaddreamin/typst-ts-node-compiler-linux-arm-gnueabihf
3211 silly reify mark deleted [
3211 silly reify   '/Volumes/samsd/workspace_v2/coding_training-main/node_modules/@myriaddreamin/typst-ts-node-compiler-linux-arm-gnueabihf'
3211 silly reify ]
3212 verbose reify failed optional dependency /Volumes/samsd/workspace_v2/coding_training-main/node_modules/@myriaddreamin/typst-ts-node-compiler-darwin-x64
3213 silly reify mark deleted [
3213 silly reify   '/Volumes/samsd/workspace_v2/coding_training-main/node_modules/@myriaddreamin/typst-ts-node-compiler-darwin-x64'
3213 silly reify ]
3214 verbose reify failed optional dependency /Volumes/samsd/workspace_v2/coding_training-main/node_modules/@myriaddreamin/typst-ts-node-compiler-android-arm64
3215 silly reify mark deleted [
3215 silly reify   '/Volumes/samsd/workspace_v2/coding_training-main/node_modules/@myriaddreamin/typst-ts-node-compiler-android-arm64'
3215 silly reify ]
3216 verbose reify failed optional dependency /Volumes/samsd/workspace_v2/coding_training-main/node_modules/@myriaddreamin/typst-ts-node-compiler-android-arm-eabi
3217 silly reify mark deleted [
3217 silly reify   '/Volumes/samsd/workspace_v2/coding_training-main/node_modules/@myriaddreamin/typst-ts-node-compiler-android-arm-eabi'
3217 silly reify ]
3218 http cache concat-map@https://registry.npmjs.org/concat-map/-/concat-map-0.0.1.tgz 0ms (cache hit)
3219 http cache sprintf-js@https://registry.npmjs.org/sprintf-js/-/sprintf-js-1.0.3.tgz 0ms (cache hit)
3220 http cache ansi-styles@https://registry.npmjs.org/ansi-styles/-/ansi-styles-6.2.3.tgz 0ms (cache hit)
3221 http cache ansi-regex@https://registry.npmjs.org/ansi-regex/-/ansi-regex-6.2.2.tgz 0ms (cache hit)
3222 http cache esprima@https://registry.npmjs.org/esprima/-/esprima-4.0.1.tgz 0ms (cache hit)
3223 http cache emoji-regex@https://registry.npmjs.org/emoji-regex/-/emoji-regex-10.6.0.tgz 0ms (cache hit)
3224 http cache wrap-ansi@https://registry.npmjs.org/wrap-ansi/-/wrap-ansi-9.0.2.tgz 0ms (cache hit)
3225 http cache get-east-asian-width@https://registry.npmjs.org/get-east-asian-width/-/get-east-asian-width-1.5.0.tgz 0ms (cache hit)
3226 http cache strip-ansi@https://registry.npmjs.org/strip-ansi/-/strip-ansi-7.2.0.tgz 0ms (cache hit)
3227 http cache yargs-parser@https://registry.npmjs.org/yargs-parser/-/yargs-parser-22.0.0.tgz 0ms (cache hit)
3228 http cache y18n@https://registry.npmjs.org/y18n/-/y18n-5.0.8.tgz 0ms (cache hit)
3229 http cache string-width@https://registry.npmjs.org/string-width/-/string-width-7.2.0.tgz 0ms (cache hit)
3230 http cache get-caller-file@https://registry.npmjs.org/get-caller-file/-/get-caller-file-2.0.5.tgz 0ms (cache hit)
3231 http cache escalade@https://registry.npmjs.org/escalade/-/escalade-3.2.0.tgz 0ms (cache hit)
3232 http cache cliui@https://registry.npmjs.org/cliui/-/cliui-9.0.1.tgz 0ms (cache hit)
3233 http cache webidl-conversions@https://registry.npmjs.org/webidl-conversions/-/webidl-conversions-3.0.1.tgz 0ms (cache hit)
3234 http cache tr46@https://registry.npmjs.org/tr46/-/tr46-0.0.3.tgz 0ms (cache hit)
3235 http cache array-iterate@https://registry.npmjs.org/array-iterate/-/array-iterate-2.0.1.tgz 0ms (cache hit)
3236 http cache trough@https://registry.npmjs.org/trough/-/trough-2.2.0.tgz 0ms (cache hit)
3237 http cache is-plain-obj@https://registry.npmjs.org/is-plain-obj/-/is-plain-obj-4.1.0.tgz 0ms (cache hit)
3238 http cache extend@https://registry.npmjs.org/extend/-/extend-3.0.2.tgz 0ms (cache hit)
3239 http cache bail@https://registry.npmjs.org/bail/-/bail-2.0.2.tgz 0ms (cache hit)
3240 http cache pako@https://registry.npmjs.org/pako/-/pako-0.2.9.tgz 0ms (cache hit)
3241 http cache tiny-inflate@https://registry.npmjs.org/tiny-inflate/-/tiny-inflate-1.0.3.tgz 0ms (cache hit)
3242 http cache get-tsconfig@https://registry.npmjs.org/get-tsconfig/-/get-tsconfig-4.14.0.tgz 0ms (cache hit)
3243 http cache resolve-pkg-maps@https://registry.npmjs.org/resolve-pkg-maps/-/resolve-pkg-maps-1.0.0.tgz 0ms (cache hit)
3244 http cache is-number@https://registry.npmjs.org/is-number/-/is-number-7.0.0.tgz 0ms (cache hit)
3245 http cache fsevents@https://registry.npmjs.org/fsevents/-/fsevents-2.3.3.tgz 0ms (cache hit)
3246 http cache ieee754@https://registry.npmjs.org/ieee754/-/ieee754-1.2.1.tgz 0ms (cache hit)
3247 http cache has-flag@https://registry.npmjs.org/has-flag/-/has-flag-4.0.0.tgz 0ms (cache hit)
3248 http cache sync-message-port@https://registry.npmjs.org/sync-message-port/-/sync-message-port-1.2.0.tgz 0ms (cache hit)
3249 http cache style-to-object@https://registry.npmjs.org/style-to-object/-/style-to-object-1.0.14.tgz 0ms (cache hit)
3250 http cache inline-style-parser@https://registry.npmjs.org/inline-style-parser/-/inline-style-parser-0.2.7.tgz 0ms (cache hit)
3251 http cache buffer@https://registry.npmjs.org/buffer/-/buffer-5.7.1.tgz 0ms (cache hit)
3252 http cache regex-utilities@https://registry.npmjs.org/regex-utilities/-/regex-utilities-2.3.0.tgz 0ms (cache hit)
3253 http cache character-entities-html4@https://registry.npmjs.org/character-entities-html4/-/character-entities-html4-2.1.0.tgz 0ms (cache hit)
3254 http cache buffer-from@https://registry.npmjs.org/buffer-from/-/buffer-from-1.1.2.tgz 0ms (cache hit)
3255 http cache regex-recursion@https://registry.npmjs.org/regex-recursion/-/regex-recursion-5.1.1.tgz 0ms (cache hit)
3256 http cache wicked-good-xpath@https://registry.npmjs.org/wicked-good-xpath/-/wicked-good-xpath-1.3.0.tgz 0ms (cache hit)
3257 http cache regex@https://registry.npmjs.org/regex/-/regex-5.1.1.tgz 0ms (cache hit)
3258 http cache @shikijs/types@https://registry.npmjs.org/@shikijs/types/-/types-1.29.2.tgz 0ms (cache hit)
3259 http cache oniguruma-to-es@https://registry.npmjs.org/oniguruma-to-es/-/oniguruma-to-es-2.3.0.tgz 0ms (cache hit)
3260 http cache @shikijs/themes@https://registry.npmjs.org/@shikijs/themes/-/themes-1.29.2.tgz 0ms (cache hit)
3261 http cache @shikijs/vscode-textmate@https://registry.npmjs.org/@shikijs/vscode-textmate/-/vscode-textmate-10.0.2.tgz 0ms (cache hit)
3262 http cache @shikijs/engine-javascript@https://registry.npmjs.org/@shikijs/engine-javascript/-/engine-javascript-1.29.2.tgz 0ms (cache hit)
3263 http cache @shikijs/langs@https://registry.npmjs.org/@shikijs/langs/-/langs-1.29.2.tgz 0ms (cache hit)
3264 http cache semver@https://registry.npmjs.org/semver/-/semver-7.7.4.tgz 0ms (cache hit)
3265 http cache @shikijs/engine-oniguruma@https://registry.npmjs.org/@shikijs/engine-oniguruma/-/engine-oniguruma-1.29.2.tgz 0ms (cache hit)
3266 http cache @shikijs/core@https://registry.npmjs.org/@shikijs/core/-/core-1.29.2.tgz 0ms (cache hit)
3267 http cache mime-db@https://registry.npmjs.org/mime-db/-/mime-db-1.33.0.tgz 0ms (cache hit)
3268 http cache @img/sharp-libvips-darwin-arm64@https://registry.npmjs.org/@img/sharp-libvips-darwin-arm64/-/sharp-libvips-darwin-arm64-1.2.4.tgz 0ms (cache hit)
3269 http cache @img/colour@https://registry.npmjs.org/@img/colour/-/colour-1.1.0.tgz 0ms (cache hit)
3270 http cache @emnapi/runtime@https://registry.npmjs.org/@emnapi/runtime/-/runtime-1.10.0.tgz 0ms (cache hit)
3271 http cache range-parser@https://registry.npmjs.org/range-parser/-/range-parser-1.2.0.tgz 0ms (cache hit)
3272 http cache @img/sharp-darwin-arm64@https://registry.npmjs.org/@img/sharp-darwin-arm64/-/sharp-darwin-arm64-0.34.5.tgz 0ms (cache hit)
3273 http cache path-to-regexp@https://registry.npmjs.org/path-to-regexp/-/path-to-regexp-3.3.0.tgz 0ms (cache hit)
3274 http cache path-is-inside@https://registry.npmjs.org/path-is-inside/-/path-is-inside-1.0.2.tgz 0ms (cache hit)
3275 http cache mime-types@https://registry.npmjs.org/mime-types/-/mime-types-2.1.18.tgz 0ms (cache hit)
3276 http cache is-extendable@https://registry.npmjs.org/is-extendable/-/is-extendable-0.1.1.tgz 0ms (cache hit)
3277 http cache color-name@https://registry.npmjs.org/color-name/-/color-name-1.1.4.tgz 0ms (cache hit)
3278 http cache extend-shallow@https://registry.npmjs.org/extend-shallow/-/extend-shallow-2.0.1.tgz 0ms (cache hit)
3279 http cache content-disposition@https://registry.npmjs.org/content-disposition/-/content-disposition-0.5.2.tgz 0ms (cache hit)
3280 http cache bytes@https://registry.npmjs.org/bytes/-/bytes-3.0.0.tgz 0ms (cache hit)
3281 http cache hex-rgb@https://registry.npmjs.org/hex-rgb/-/hex-rgb-4.3.0.tgz 0ms (cache hit)
3282 http cache unicode-trie@https://registry.npmjs.org/unicode-trie/-/unicode-trie-2.0.0.tgz 0ms (cache hit)
3283 http cache base64-js@https://registry.npmjs.org/base64-js/-/base64-js-0.0.8.tgz 0ms (cache hit)
3284 http cache camelize@https://registry.npmjs.org/camelize/-/camelize-1.0.1.tgz 0ms (cache hit)
3285 http cache yoga-layout@https://registry.npmjs.org/yoga-layout/-/yoga-layout-3.2.1.tgz 0ms (cache hit)
3286 http cache string.prototype.codepointat@https://registry.npmjs.org/string.prototype.codepointat/-/string.prototype.codepointat-0.2.1.tgz 0ms (cache hit)
3287 http cache fflate@https://registry.npmjs.org/fflate/-/fflate-0.7.4.tgz 0ms (cache hit)
3288 http cache postcss-value-parser@https://registry.npmjs.org/postcss-value-parser/-/postcss-value-parser-4.2.0.tgz 0ms (cache hit)
3289 http cache parse-css-color@https://registry.npmjs.org/parse-css-color/-/parse-css-color-0.2.1.tgz 0ms (cache hit)
3290 http cache css-color-keywords@https://registry.npmjs.org/css-color-keywords/-/css-color-keywords-1.0.0.tgz 0ms (cache hit)
3291 http cache emoji-regex-xs@https://registry.npmjs.org/emoji-regex-xs/-/emoji-regex-xs-2.0.1.tgz 0ms (cache hit)
3292 http cache escape-html@https://registry.npmjs.org/escape-html/-/escape-html-1.0.3.tgz 0ms (cache hit)
3293 http cache linebreak@https://registry.npmjs.org/linebreak/-/linebreak-1.1.0.tgz 0ms (cache hit)
3294 http cache css-gradient-parser@https://registry.npmjs.org/css-gradient-parser/-/css-gradient-parser-0.0.17.tgz 0ms (cache hit)
3295 http cache css-box-shadow@https://registry.npmjs.org/css-box-shadow/-/css-box-shadow-1.0.0-3.tgz 0ms (cache hit)
3296 http cache css-to-react-native@https://registry.npmjs.org/css-to-react-native/-/css-to-react-native-3.2.0.tgz 0ms (cache hit)
3297 http cache css-background-parser@https://registry.npmjs.org/css-background-parser/-/css-background-parser-0.1.0.tgz 0ms (cache hit)
3298 http cache varint@https://registry.npmjs.org/varint/-/varint-6.0.0.tgz 0ms (cache hit)
3299 http cache sync-child-process@https://registry.npmjs.org/sync-child-process/-/sync-child-process-1.0.2.tgz 0ms (cache hit)
3300 http cache supports-color@https://registry.npmjs.org/supports-color/-/supports-color-8.1.1.tgz 0ms (cache hit)
3301 http cache sass-embedded-darwin-arm64@https://registry.npmjs.org/sass-embedded-darwin-arm64/-/sass-embedded-darwin-arm64-1.99.0.tgz 0ms (cache hit)
3302 http cache colorjs.io@https://registry.npmjs.org/colorjs.io/-/colorjs.io-0.5.2.tgz 0ms (cache hit)
3303 http cache node-addon-api@https://registry.npmjs.org/node-addon-api/-/node-addon-api-7.1.1.tgz 0ms (cache hit)
3304 http cache @bufbuild/protobuf@https://registry.npmjs.org/@bufbuild/protobuf/-/protobuf-2.12.0.tgz 0ms (cache hit)
3305 http cache source-map-js@https://registry.npmjs.org/source-map-js/-/source-map-js-1.2.1.tgz 0ms (cache hit)
3306 http cache @parcel/watcher-darwin-arm64@https://registry.npmjs.org/@parcel/watcher-darwin-arm64/-/watcher-darwin-arm64-2.5.6.tgz 0ms (cache hit)
3307 http cache immutable@https://registry.npmjs.org/immutable/-/immutable-5.1.5.tgz 0ms (cache hit)
3308 http cache rxjs@https://registry.npmjs.org/rxjs/-/rxjs-7.8.2.tgz 0ms (cache hit)
3309 http cache queue-microtask@https://registry.npmjs.org/queue-microtask/-/queue-microtask-1.2.3.tgz 0ms (cache hit)
3310 http cache @shuding/opentype.js@https://registry.npmjs.org/@shuding/opentype.js/-/opentype.js-1.4.0-beta.0.tgz 0ms (cache hit)
3311 http cache unist-util-modify-children@https://registry.npmjs.org/unist-util-modify-children/-/unist-util-modify-children-4.0.0.tgz 0ms (cache hit)
3312 http cache parse-latin@https://registry.npmjs.org/parse-latin/-/parse-latin-7.0.0.tgz 0ms (cache hit)
3313 http cache @parcel/watcher@https://registry.npmjs.org/@parcel/watcher/-/watcher-2.5.6.tgz 0ms (cache hit)
3314 http cache unist-util-visit-children@https://registry.npmjs.org/unist-util-visit-children/-/unist-util-visit-children-3.0.0.tgz 0ms (cache hit)
3315 http cache retext-stringify@https://registry.npmjs.org/retext-stringify/-/retext-stringify-4.0.0.tgz 0ms (cache hit)
3316 http cache nlcst-to-string@https://registry.npmjs.org/nlcst-to-string/-/nlcst-to-string-4.0.0.tgz 0ms (cache hit)
3317 http cache retext-latin@https://registry.npmjs.org/retext-latin/-/retext-latin-4.0.0.tgz 0ms (cache hit)
3318 http cache function-bind@https://registry.npmjs.org/function-bind/-/function-bind-1.1.2.tgz 0ms (cache hit)
3319 http cache hasown@https://registry.npmjs.org/hasown/-/hasown-2.0.3.tgz 0ms (cache hit)
3320 http cache supports-preserve-symlinks-flag@https://registry.npmjs.org/supports-preserve-symlinks-flag/-/supports-preserve-symlinks-flag-1.0.0.tgz 0ms (cache hit)
3321 http cache @types/nlcst@https://registry.npmjs.org/@types/nlcst/-/nlcst-2.0.3.tgz 0ms (cache hit)
3322 http cache es-errors@https://registry.npmjs.org/es-errors/-/es-errors-1.3.0.tgz 0ms (cache hit)
3323 http cache path-parse@https://registry.npmjs.org/path-parse/-/path-parse-1.0.7.tgz 0ms (cache hit)
3324 http cache is-core-module@https://registry.npmjs.org/is-core-module/-/is-core-module-2.16.1.tgz 0ms (cache hit)
3325 http cache retext-smartypants@https://registry.npmjs.org/retext-smartypants/-/retext-smartypants-6.2.0.tgz 0ms (cache hit)
3326 http cache mdast-util-math@https://registry.npmjs.org/mdast-util-math/-/mdast-util-math-3.0.0.tgz 0ms (cache hit)
3327 http cache retext@https://registry.npmjs.org/retext/-/retext-9.0.0.tgz 0ms (cache hit)
3328 http cache micromark-extension-gfm-table@https://registry.npmjs.org/micromark-extension-gfm-table/-/micromark-extension-gfm-table-2.1.1.tgz 0ms (cache hit)
3329 http cache micromark-extension-math@https://registry.npmjs.org/micromark-extension-math/-/micromark-extension-math-3.1.0.tgz 0ms (cache hit)
3330 http cache micromark-extension-gfm-tagfilter@https://registry.npmjs.org/micromark-extension-gfm-tagfilter/-/micromark-extension-gfm-tagfilter-2.0.0.tgz 0ms (cache hit)
3331 http cache micromark-extension-gfm-task-list-item@https://registry.npmjs.org/micromark-extension-gfm-task-list-item/-/micromark-extension-gfm-task-list-item-2.1.0.tgz 0ms (cache hit)
3332 http cache micromark-extension-gfm-strikethrough@https://registry.npmjs.org/micromark-extension-gfm-strikethrough/-/micromark-extension-gfm-strikethrough-2.1.0.tgz 0ms (cache hit)
3333 http cache markdown-table@https://registry.npmjs.org/markdown-table/-/markdown-table-3.0.4.tgz 0ms (cache hit)
3334 http cache micromark-extension-gfm-autolink-literal@https://registry.npmjs.org/micromark-extension-gfm-autolink-literal/-/micromark-extension-gfm-autolink-literal-2.1.0.tgz 0ms (cache hit)
3335 http cache micromark-extension-gfm-footnote@https://registry.npmjs.org/micromark-extension-gfm-footnote/-/micromark-extension-gfm-footnote-2.1.0.tgz 0ms (cache hit)
3336 http cache mdast-util-gfm-table@https://registry.npmjs.org/mdast-util-gfm-table/-/mdast-util-gfm-table-2.0.0.tgz 0ms (cache hit)
3337 http cache mdast-util-gfm-strikethrough@https://registry.npmjs.org/mdast-util-gfm-strikethrough/-/mdast-util-gfm-strikethrough-2.0.0.tgz 0ms (cache hit)
3338 http cache mdast-util-gfm-autolink-literal@https://registry.npmjs.org/mdast-util-gfm-autolink-literal/-/mdast-util-gfm-autolink-literal-2.0.1.tgz 0ms (cache hit)
3339 http cache micromark-extension-gfm@https://registry.npmjs.org/micromark-extension-gfm/-/micromark-extension-gfm-3.0.0.tgz 0ms (cache hit)
3340 http cache mdast-util-gfm-task-list-item@https://registry.npmjs.org/mdast-util-gfm-task-list-item/-/mdast-util-gfm-task-list-item-2.0.0.tgz 0ms (cache hit)
3341 http cache mdast-util-gfm-footnote@https://registry.npmjs.org/mdast-util-gfm-footnote/-/mdast-util-gfm-footnote-2.1.0.tgz 0ms (cache hit)
3342 http cache format@https://registry.npmjs.org/format/-/format-0.2.2.tgz 0ms (cache hit)
3343 http cache mdast-util-gfm@https://registry.npmjs.org/mdast-util-gfm/-/mdast-util-gfm-3.1.0.tgz 0ms (cache hit)
3344 http cache micromark-extension-frontmatter@https://registry.npmjs.org/micromark-extension-frontmatter/-/micromark-extension-frontmatter-2.0.0.tgz 0ms (cache hit)
3345 http cache fault@https://registry.npmjs.org/fault/-/fault-2.0.1.tgz 0ms (cache hit)
3346 http cache mdast-util-newline-to-break@https://registry.npmjs.org/mdast-util-newline-to-break/-/mdast-util-newline-to-break-2.0.0.tgz 0ms (cache hit)
3347 http cache remark-stringify@https://registry.npmjs.org/remark-stringify/-/remark-stringify-11.0.0.tgz 0ms (cache hit)
3348 http cache mdast-util-frontmatter@https://registry.npmjs.org/mdast-util-frontmatter/-/mdast-util-frontmatter-2.0.1.tgz 0ms (cache hit)
3349 http cache hast-util-raw@https://registry.npmjs.org/hast-util-raw/-/hast-util-raw-9.1.0.tgz 0ms (cache hit)
3350 http cache parse-numeric-range@https://registry.npmjs.org/parse-numeric-range/-/parse-numeric-range-1.3.0.tgz 0ms (cache hit)
3351 http cache rehype-parse@https://registry.npmjs.org/rehype-parse/-/rehype-parse-9.0.1.tgz 0ms (cache hit)
3352 http cache mhchemparser@https://registry.npmjs.org/mhchemparser/-/mhchemparser-4.2.1.tgz 0ms (cache hit)
3353 http cache hast-util-to-parse5@https://registry.npmjs.org/hast-util-to-parse5/-/hast-util-to-parse5-8.0.1.tgz 0ms (cache hit)
3354 http cache mj-context-menu@https://registry.npmjs.org/mj-context-menu/-/mj-context-menu-0.6.1.tgz 0ms (cache hit)
3355 http cache speech-rule-engine@https://registry.npmjs.org/speech-rule-engine/-/speech-rule-engine-4.1.4.tgz 0ms (cache hit)
3356 http cache katex@https://registry.npmjs.org/katex/-/katex-0.16.45.tgz 0ms (cache hit)
3357 http cache esm@https://registry.npmjs.org/esm/-/esm-3.2.25.tgz 0ms (cache hit)
3358 http cache mathjax-full@https://registry.npmjs.org/mathjax-full/-/mathjax-full-3.2.1.tgz 0ms (cache hit)
3359 http cache @types/mathjax@https://registry.npmjs.org/@types/mathjax/-/mathjax-0.0.40.tgz 0ms (cache hit)
3360 http cache node-fetch@https://registry.npmjs.org/node-fetch/-/node-fetch-2.7.0.tgz 0ms (cache hit)
3361 http cache moo@https://registry.npmjs.org/moo/-/moo-0.5.3.tgz 0ms (cache hit)
3362 http cache sync-fetch@https://registry.npmjs.org/sync-fetch/-/sync-fetch-0.4.5.tgz 0ms (cache hit)
3363 http cache cross-fetch@https://registry.npmjs.org/cross-fetch/-/cross-fetch-4.1.0.tgz 0ms (cache hit)
3364 http cache fetch-ponyfill@https://registry.npmjs.org/fetch-ponyfill/-/fetch-ponyfill-7.1.0.tgz 0ms (cache hit)
3365 http cache whatwg-url@https://registry.npmjs.org/whatwg-url/-/whatwg-url-5.0.0.tgz 0ms (cache hit)
3366 http cache @citation-js/name@https://registry.npmjs.org/@citation-js/name/-/name-0.4.2.tgz 0ms (cache hit)
3367 http cache citeproc@https://registry.npmjs.org/citeproc/-/citeproc-2.4.63.tgz 0ms (cache hit)
3368 http cache @citation-js/plugin-csl@https://registry.npmjs.org/@citation-js/plugin-csl/-/plugin-csl-0.7.22.tgz 0ms (cache hit)
3369 http cache @citation-js/plugin-bibtex@https://registry.npmjs.org/@citation-js/plugin-bibtex/-/plugin-bibtex-0.7.21.tgz 0ms (cache hit)
3370 http cache @citation-js/date@https://registry.npmjs.org/@citation-js/date/-/date-0.5.1.tgz 0ms (cache hit)
3371 http cache @citation-js/plugin-bibjson@https://registry.npmjs.org/@citation-js/plugin-bibjson/-/plugin-bibjson-0.7.21.tgz 0ms (cache hit)
3372 http cache hast-util-heading-rank@https://registry.npmjs.org/hast-util-heading-rank/-/hast-util-heading-rank-3.0.0.tgz 0ms (cache hit)
3373 http cache js-binary-schema-parser@https://registry.npmjs.org/js-binary-schema-parser/-/js-binary-schema-parser-2.0.3.tgz 0ms (cache hit)
3374 http cache parse-svg-path@https://registry.npmjs.org/parse-svg-path/-/parse-svg-path-0.1.2.tgz 0ms (cache hit)
3375 http cache tiny-lru@https://registry.npmjs.org/tiny-lru/-/tiny-lru-11.4.7.tgz 0ms (cache hit)
3376 http cache @citation-js/core@https://registry.npmjs.org/@citation-js/core/-/core-0.7.21.tgz 0ms (cache hit)
3377 http cache ismobilejs@https://registry.npmjs.org/ismobilejs/-/ismobilejs-1.1.1.tgz 0ms (cache hit)
3378 http cache earcut@https://registry.npmjs.org/earcut/-/earcut-3.0.2.tgz 0ms (cache hit)
3379 http cache @types/earcut@https://registry.npmjs.org/@types/earcut/-/earcut-3.0.0.tgz 0ms (cache hit)
3380 http cache gifuct-js@https://registry.npmjs.org/gifuct-js/-/gifuct-js-2.1.2.tgz 0ms (cache hit)
3381 http cache eventemitter3@https://registry.npmjs.org/eventemitter3/-/eventemitter3-5.0.4.tgz 0ms (cache hit)
3382 http cache @pixi/colord@https://registry.npmjs.org/@pixi/colord/-/colord-2.9.6.tgz 0ms (cache hit)
3383 http cache @webgpu/types@https://registry.npmjs.org/@webgpu/types/-/types-0.1.69.tgz 0ms (cache hit)
3384 http cache entities@https://registry.npmjs.org/entities/-/entities-6.0.1.tgz 0ms (cache hit)
3385 http cache is-hexadecimal@https://registry.npmjs.org/is-hexadecimal/-/is-hexadecimal-2.0.1.tgz 0ms (cache hit)
3386 http cache is-decimal@https://registry.npmjs.org/is-decimal/-/is-decimal-2.0.1.tgz 0ms (cache hit)
3387 http cache is-alphabetical@https://registry.npmjs.org/is-alphabetical/-/is-alphabetical-2.0.1.tgz 0ms (cache hit)
3388 http cache is-alphanumerical@https://registry.npmjs.org/is-alphanumerical/-/is-alphanumerical-2.0.1.tgz 0ms (cache hit)
3389 http cache character-entities-legacy@https://registry.npmjs.org/character-entities-legacy/-/character-entities-legacy-3.0.0.tgz 0ms (cache hit)
3390 http cache balanced-match@https://registry.npmjs.org/balanced-match/-/balanced-match-4.0.4.tgz 0ms (cache hit)
3391 http cache @xmldom/xmldom@https://registry.npmjs.org/@xmldom/xmldom/-/xmldom-0.8.13.tgz 0ms (cache hit)
3392 http cache fill-range@https://registry.npmjs.org/fill-range/-/fill-range-7.1.1.tgz 0ms (cache hit)
3393 http cache picomatch@https://registry.npmjs.org/picomatch/-/picomatch-2.3.2.tgz 0ms (cache hit)
3394 http cache braces@https://registry.npmjs.org/braces/-/braces-3.0.3.tgz 0ms (cache hit)
3395 http cache micromark-util-html-tag-name@https://registry.npmjs.org/micromark-util-html-tag-name/-/micromark-util-html-tag-name-2.0.1.tgz 0ms (cache hit)
3396 http cache character-reference-invalid@https://registry.npmjs.org/character-reference-invalid/-/character-reference-invalid-2.0.1.tgz 0ms (cache hit)
3397 http cache micromark-factory-title@https://registry.npmjs.org/micromark-factory-title/-/micromark-factory-title-2.0.1.tgz 0ms (cache hit)
3398 http cache micromark-factory-label@https://registry.npmjs.org/micromark-factory-label/-/micromark-factory-label-2.0.1.tgz 0ms (cache hit)
3399 http cache micromark-factory-whitespace@https://registry.npmjs.org/micromark-factory-whitespace/-/micromark-factory-whitespace-2.0.1.tgz 0ms (cache hit)
3400 http cache micromark-factory-destination@https://registry.npmjs.org/micromark-factory-destination/-/micromark-factory-destination-2.0.1.tgz 0ms (cache hit)
3401 http cache @types/ms@https://registry.npmjs.org/@types/ms/-/ms-2.1.0.tgz 0ms (cache hit)
3402 http cache brace-expansion@https://registry.npmjs.org/brace-expansion/-/brace-expansion-5.0.5.tgz 0ms (cache hit)
3403 http cache micromark-util-resolve-all@https://registry.npmjs.org/micromark-util-resolve-all/-/micromark-util-resolve-all-2.0.1.tgz 0ms (cache hit)
3404 http cache to-regex-range@https://registry.npmjs.org/to-regex-range/-/to-regex-range-5.0.1.tgz 0ms (cache hit)
3405 http cache micromark-util-combine-extensions@https://registry.npmjs.org/micromark-util-combine-extensions/-/micromark-util-combine-extensions-2.0.1.tgz 0ms (cache hit)
3406 http cache micromark-util-subtokenize@https://registry.npmjs.org/micromark-util-subtokenize/-/micromark-util-subtokenize-2.1.0.tgz 0ms (cache hit)
3407 http cache micromark-util-encode@https://registry.npmjs.org/micromark-util-encode/-/micromark-util-encode-2.0.1.tgz 0ms (cache hit)
3408 http cache micromark-factory-space@https://registry.npmjs.org/micromark-factory-space/-/micromark-factory-space-2.0.1.tgz 0ms (cache hit)
3409 http cache micromark-util-character@https://registry.npmjs.org/micromark-util-character/-/micromark-util-character-2.1.1.tgz 0ms (cache hit)
3410 http cache micromark-core-commonmark@https://registry.npmjs.org/micromark-core-commonmark/-/micromark-core-commonmark-2.0.3.tgz 0ms (cache hit)
3411 http cache mdast-util-phrasing@https://registry.npmjs.org/mdast-util-phrasing/-/mdast-util-phrasing-4.1.0.tgz 0ms (cache hit)
3412 http cache micromark-util-classify-character@https://registry.npmjs.org/micromark-util-classify-character/-/micromark-util-classify-character-2.0.1.tgz 0ms (cache hit)
3413 http cache longest-streak@https://registry.npmjs.org/longest-streak/-/longest-streak-3.1.0.tgz 0ms (cache hit)
3414 http cache micromark-util-chunked@https://registry.npmjs.org/micromark-util-chunked/-/micromark-util-chunked-2.0.1.tgz 0ms (cache hit)
3415 http cache @ungap/structured-clone@https://registry.npmjs.org/@ungap/structured-clone/-/structured-clone-1.3.0.tgz 0ms (cache hit)
3416 http cache micromark-util-sanitize-uri@https://registry.npmjs.org/micromark-util-sanitize-uri/-/micromark-util-sanitize-uri-2.0.1.tgz 0ms (cache hit)
3417 http cache trim-lines@https://registry.npmjs.org/trim-lines/-/trim-lines-3.0.1.tgz 0ms (cache hit)
3418 http cache character-entities@https://registry.npmjs.org/character-entities/-/character-entities-2.0.2.tgz 0ms (cache hit)
3419 http cache @types/debug@https://registry.npmjs.org/@types/debug/-/debug-4.1.13.tgz 0ms (cache hit)
3420 http cache unist-util-stringify-position@https://registry.npmjs.org/unist-util-stringify-position/-/unist-util-stringify-position-4.0.0.tgz 0ms (cache hit)
3421 http cache micromark-util-symbol@https://registry.npmjs.org/micromark-util-symbol/-/micromark-util-symbol-2.0.1.tgz 0ms (cache hit)
3422 http cache micromark-util-types@https://registry.npmjs.org/micromark-util-types/-/micromark-util-types-2.0.2.tgz 0ms (cache hit)
3423 http cache micromark-util-normalize-identifier@https://registry.npmjs.org/micromark-util-normalize-identifier/-/micromark-util-normalize-identifier-2.0.1.tgz 0ms (cache hit)
3424 http cache micromark-util-decode-string@https://registry.npmjs.org/micromark-util-decode-string/-/micromark-util-decode-string-2.0.1.tgz 0ms (cache hit)
3425 http cache micromark-util-decode-numeric-character-reference@https://registry.npmjs.org/micromark-util-decode-numeric-character-reference/-/micromark-util-decode-numeric-character-reference-2.0.2.tgz 0ms (cache hit)
3426 http cache decode-named-character-reference@https://registry.npmjs.org/decode-named-character-reference/-/decode-named-character-reference-1.3.0.tgz 0ms (cache hit)
3427 http cache parse-entities@https://registry.npmjs.org/parse-entities/-/parse-entities-4.0.2.tgz 0ms (cache hit)
3428 http cache mdast-util-to-markdown@https://registry.npmjs.org/mdast-util-to-markdown/-/mdast-util-to-markdown-2.1.2.tgz 0ms (cache hit)
3429 http cache unist-util-is@https://registry.npmjs.org/unist-util-is/-/unist-util-is-6.0.1.tgz 0ms (cache hit)
3430 http cache @types/estree-jsx@https://registry.npmjs.org/@types/estree-jsx/-/estree-jsx-1.0.5.tgz 0ms (cache hit)
3431 http cache micromark@https://registry.npmjs.org/micromark/-/micromark-4.0.2.tgz 0ms (cache hit)
3432 http cache escape-string-regexp@https://registry.npmjs.org/escape-string-regexp/-/escape-string-regexp-5.0.0.tgz 0ms (cache hit)
3433 http cache @types/mdast@https://registry.npmjs.org/@types/mdast/-/mdast-4.0.4.tgz 0ms (cache hit)
3434 http cache mdast-util-from-markdown@https://registry.npmjs.org/mdast-util-from-markdown/-/mdast-util-from-markdown-2.0.3.tgz 0ms (cache hit)
3435 http cache argparse@https://registry.npmjs.org/argparse/-/argparse-2.0.1.tgz 0ms (cache hit)
3436 http cache detect-libc@https://registry.npmjs.org/detect-libc/-/detect-libc-2.1.2.tgz 0ms (cache hit)
3437 http cache is-extglob@https://registry.npmjs.org/is-extglob/-/is-extglob-2.1.1.tgz 0ms (cache hit)
3438 http cache lightningcss-darwin-arm64@https://registry.npmjs.org/lightningcss-darwin-arm64/-/lightningcss-darwin-arm64-1.32.0.tgz 0ms (cache hit)
3439 http cache ms@https://registry.npmjs.org/ms/-/ms-2.1.3.tgz 0ms (cache hit)
3440 http cache agent-base@https://registry.npmjs.org/agent-base/-/agent-base-7.1.4.tgz 0ms (cache hit)
3441 http cache hast-util-parse-selector@https://registry.npmjs.org/hast-util-parse-selector/-/hast-util-parse-selector-4.0.0.tgz 0ms (cache hit)
3442 http cache safer-buffer@https://registry.npmjs.org/safer-buffer/-/safer-buffer-2.1.2.tgz 0ms (cache hit)
3443 http cache unist-util-find-after@https://registry.npmjs.org/unist-util-find-after/-/unist-util-find-after-5.0.0.tgz 0ms (cache hit)
3444 http cache debug@https://registry.npmjs.org/debug/-/debug-4.4.3.tgz 0ms (cache hit)
3445 http cache unist-util-position@https://registry.npmjs.org/unist-util-position/-/unist-util-position-5.0.0.tgz 0ms (cache hit)
3446 http cache hast-util-is-element@https://registry.npmjs.org/hast-util-is-element/-/hast-util-is-element-3.0.0.tgz 0ms (cache hit)
3447 http cache mdast-util-mdx-jsx@https://registry.npmjs.org/mdast-util-mdx-jsx/-/mdast-util-mdx-jsx-3.2.0.tgz 0ms (cache hit)
3448 http cache style-to-js@https://registry.npmjs.org/style-to-js/-/style-to-js-1.1.21.tgz 0ms (cache hit)
3449 http cache mdast-util-mdxjs-esm@https://registry.npmjs.org/mdast-util-mdxjs-esm/-/mdast-util-mdxjs-esm-2.0.1.tgz 0ms (cache hit)
3450 http cache mdast-util-mdx-expression@https://registry.npmjs.org/mdast-util-mdx-expression/-/mdast-util-mdx-expression-2.0.1.tgz 0ms (cache hit)
3451 http cache stringify-entities@https://registry.npmjs.org/stringify-entities/-/stringify-entities-4.0.4.tgz 0ms (cache hit)
3452 http cache zwitch@https://registry.npmjs.org/zwitch/-/zwitch-2.0.4.tgz 0ms (cache hit)
3453 http cache space-separated-tokens@https://registry.npmjs.org/space-separated-tokens/-/space-separated-tokens-2.0.2.tgz 0ms (cache hit)
3454 http cache html-void-elements@https://registry.npmjs.org/html-void-elements/-/html-void-elements-3.0.0.tgz 0ms (cache hit)
3455 http cache estree-util-is-identifier-name@https://registry.npmjs.org/estree-util-is-identifier-name/-/estree-util-is-identifier-name-3.0.0.tgz 0ms (cache hit)
3456 http cache hast-util-whitespace@https://registry.npmjs.org/hast-util-whitespace/-/hast-util-whitespace-3.0.0.tgz 0ms (cache hit)
3457 http cache ccount@https://registry.npmjs.org/ccount/-/ccount-2.0.1.tgz 0ms (cache hit)
3458 http cache comma-separated-tokens@https://registry.npmjs.org/comma-separated-tokens/-/comma-separated-tokens-2.0.3.tgz 0ms (cache hit)
3459 http cache dequal@https://registry.npmjs.org/dequal/-/dequal-2.0.3.tgz 0ms (cache hit)
3460 http cache vfile-location@https://registry.npmjs.org/vfile-location/-/vfile-location-5.0.3.tgz 0ms (cache hit)
3461 http cache @types/estree@https://registry.npmjs.org/@types/estree/-/estree-1.0.8.tgz 0ms (cache hit)
3462 http cache parse5@https://registry.npmjs.org/parse5/-/parse5-7.3.0.tgz 0ms (cache hit)
3463 http cache vfile-message@https://registry.npmjs.org/vfile-message/-/vfile-message-4.0.3.tgz 0ms (cache hit)
3464 http cache property-information@https://registry.npmjs.org/property-information/-/property-information-7.1.0.tgz 0ms (cache hit)
3465 http cache web-namespaces@https://registry.npmjs.org/web-namespaces/-/web-namespaces-2.0.1.tgz 0ms (cache hit)
3466 http cache hast-util-from-parse5@https://registry.npmjs.org/hast-util-from-parse5/-/hast-util-from-parse5-8.0.3.tgz 0ms (cache hit)
3467 http cache unist-util-remove-position@https://registry.npmjs.org/unist-util-remove-position/-/unist-util-remove-position-5.0.0.tgz 0ms (cache hit)
3468 http cache hastscript@https://registry.npmjs.org/hastscript/-/hastscript-9.0.1.tgz 0ms (cache hit)
3469 http cache devlop@https://registry.npmjs.org/devlop/-/devlop-1.1.0.tgz 0ms (cache hit)
3470 http cache hast-util-from-html@https://registry.npmjs.org/hast-util-from-html/-/hast-util-from-html-2.0.3.tgz 0ms (cache hit)
3471 http cache hast-util-from-dom@https://registry.npmjs.org/hast-util-from-dom/-/hast-util-from-dom-5.0.1.tgz 0ms (cache hit)
3472 http cache section-matter@https://registry.npmjs.org/section-matter/-/section-matter-1.0.0.tgz 0ms (cache hit)
3473 http cache is-glob@https://registry.npmjs.org/is-glob/-/is-glob-4.0.3.tgz 0ms (cache hit)
3474 http cache kind-of@https://registry.npmjs.org/kind-of/-/kind-of-6.0.3.tgz 0ms (cache hit)
3475 http cache reusify@https://registry.npmjs.org/reusify/-/reusify-1.1.0.tgz 0ms (cache hit)
3476 http cache run-parallel@https://registry.npmjs.org/run-parallel/-/run-parallel-1.2.0.tgz 0ms (cache hit)
3477 http cache micromatch@https://registry.npmjs.org/micromatch/-/micromatch-4.0.8.tgz 0ms (cache hit)
3478 http cache strip-bom-string@https://registry.npmjs.org/strip-bom-string/-/strip-bom-string-1.0.0.tgz 0ms (cache hit)
3479 http cache fastq@https://registry.npmjs.org/fastq/-/fastq-1.20.1.tgz 0ms (cache hit)
3480 http cache @nodelib/fs.scandir@https://registry.npmjs.org/@nodelib/fs.scandir/-/fs.scandir-2.1.5.tgz 0ms (cache hit)
3481 http cache @nodelib/fs.walk@https://registry.npmjs.org/@nodelib/fs.walk/-/fs.walk-1.2.8.tgz 0ms (cache hit)
3482 http cache unicorn-magic@https://registry.npmjs.org/unicorn-magic/-/unicorn-magic-0.4.0.tgz 0ms (cache hit)
3483 http cache slash@https://registry.npmjs.org/slash/-/slash-5.1.0.tgz 0ms (cache hit)
3484 http cache merge2@https://registry.npmjs.org/merge2/-/merge2-1.4.1.tgz 0ms (cache hit)
3485 http cache @nodelib/fs.stat@https://registry.npmjs.org/@nodelib/fs.stat/-/fs.stat-2.0.5.tgz 0ms (cache hit)
3486 http cache is-path-inside@https://registry.npmjs.org/is-path-inside/-/is-path-inside-4.0.0.tgz 0ms (cache hit)
3487 http cache ignore@https://registry.npmjs.org/ignore/-/ignore-7.0.5.tgz 0ms (cache hit)
3488 http cache @sindresorhus/merge-streams@https://registry.npmjs.org/@sindresorhus/merge-streams/-/merge-streams-4.0.0.tgz 0ms (cache hit)
3489 http cache glob-parent@https://registry.npmjs.org/glob-parent/-/glob-parent-5.1.2.tgz 0ms (cache hit)
3490 http cache fast-glob@https://registry.npmjs.org/fast-glob/-/fast-glob-3.3.3.tgz 0ms (cache hit)
3491 http cache resolve@https://registry.npmjs.org/resolve/-/resolve-1.22.12.tgz 0ms (cache hit)
3492 http cache @esbuild/darwin-arm64@https://registry.npmjs.org/@esbuild/darwin-arm64/-/darwin-arm64-0.27.7.tgz 0ms (cache hit)
3493 http cache rw@https://registry.npmjs.org/rw/-/rw-1.3.3.tgz 0ms (cache hit)
3494 http cache robust-predicates@https://registry.npmjs.org/robust-predicates/-/robust-predicates-3.0.3.tgz 0ms (cache hit)
3495 http cache iconv-lite@https://registry.npmjs.org/iconv-lite/-/iconv-lite-0.6.3.tgz 0ms (cache hit)
3496 http cache commander@https://registry.npmjs.org/commander/-/commander-7.2.0.tgz 0ms (cache hit)
3497 http cache delaunator@https://registry.npmjs.org/delaunator/-/delaunator-5.1.0.tgz 0ms (cache hit)
3498 http cache internmap@https://registry.npmjs.org/internmap/-/internmap-2.0.3.tgz 0ms (cache hit)
3499 http cache d3-transition@https://registry.npmjs.org/d3-transition/-/d3-transition-3.0.1.tgz 0ms (cache hit)
3500 http cache d3-timer@https://registry.npmjs.org/d3-timer/-/d3-timer-3.0.1.tgz 0ms (cache hit)
3501 http cache d3-time@https://registry.npmjs.org/d3-time/-/d3-time-3.1.0.tgz 0ms (cache hit)
3502 http cache sass@https://registry.npmjs.org/sass/-/sass-1.99.0.tgz 0ms (cache hit)
3503 http cache d3-time-format@https://registry.npmjs.org/d3-time-format/-/d3-time-format-4.1.0.tgz 0ms (cache hit)
3504 http cache d3-scale-chromatic@https://registry.npmjs.org/d3-scale-chromatic/-/d3-scale-chromatic-3.1.0.tgz 0ms (cache hit)
3505 http cache d3-selection@https://registry.npmjs.org/d3-selection/-/d3-selection-3.0.0.tgz 0ms (cache hit)
3506 http cache d3-scale@https://registry.npmjs.org/d3-scale/-/d3-scale-4.0.2.tgz 0ms (cache hit)
3507 http cache d3-zoom@https://registry.npmjs.org/d3-zoom/-/d3-zoom-3.0.0.tgz 0ms (cache hit)
3508 http cache d3-shape@https://registry.npmjs.org/d3-shape/-/d3-shape-3.2.0.tgz 0ms (cache hit)
3509 http cache d3-random@https://registry.npmjs.org/d3-random/-/d3-random-3.0.1.tgz 0ms (cache hit)
3510 http cache d3-quadtree@https://registry.npmjs.org/d3-quadtree/-/d3-quadtree-3.0.1.tgz 0ms (cache hit)
3511 http cache d3-path@https://registry.npmjs.org/d3-path/-/d3-path-3.1.0.tgz 0ms (cache hit)
3512 http cache d3-interpolate@https://registry.npmjs.org/d3-interpolate/-/d3-interpolate-3.0.1.tgz 0ms (cache hit)
3513 http cache d3-geo@https://registry.npmjs.org/d3-geo/-/d3-geo-3.1.1.tgz 0ms (cache hit)
3514 http cache d3-hierarchy@https://registry.npmjs.org/d3-hierarchy/-/d3-hierarchy-3.1.2.tgz 0ms (cache hit)
3515 http cache d3-format@https://registry.npmjs.org/d3-format/-/d3-format-3.1.2.tgz 0ms (cache hit)
3516 http cache d3-polygon@https://registry.npmjs.org/d3-polygon/-/d3-polygon-3.0.1.tgz 0ms (cache hit)
3517 http cache d3-force@https://registry.npmjs.org/d3-force/-/d3-force-3.0.0.tgz 0ms (cache hit)
3518 http cache d3-ease@https://registry.npmjs.org/d3-ease/-/d3-ease-3.0.1.tgz 0ms (cache hit)
3519 http cache d3-fetch@https://registry.npmjs.org/d3-fetch/-/d3-fetch-3.0.1.tgz 0ms (cache hit)
3520 http cache d3-dsv@https://registry.npmjs.org/d3-dsv/-/d3-dsv-3.0.1.tgz 0ms (cache hit)
3521 http cache d3-drag@https://registry.npmjs.org/d3-drag/-/d3-drag-3.0.0.tgz 0ms (cache hit)
3522 http cache d3-contour@https://registry.npmjs.org/d3-contour/-/d3-contour-4.0.2.tgz 0ms (cache hit)
3523 http cache d3-chord@https://registry.npmjs.org/d3-chord/-/d3-chord-3.0.1.tgz 0ms (cache hit)
3524 http cache d3-color@https://registry.npmjs.org/d3-color/-/d3-color-3.1.0.tgz 0ms (cache hit)
3525 http cache d3-array@https://registry.npmjs.org/d3-array/-/d3-array-3.2.4.tgz 0ms (cache hit)
3526 http cache d3-brush@https://registry.npmjs.org/d3-brush/-/d3-brush-3.0.0.tgz 0ms (cache hit)
3527 http cache d3-delaunay@https://registry.npmjs.org/d3-delaunay/-/d3-delaunay-6.0.4.tgz 0ms (cache hit)
3528 http cache tslib@https://registry.npmjs.org/tslib/-/tslib-2.8.1.tgz 0ms (cache hit)
3529 http cache d3-axis@https://registry.npmjs.org/d3-axis/-/d3-axis-3.0.0.tgz 0ms (cache hit)
3530 http cache d3-dispatch@https://registry.npmjs.org/d3-dispatch/-/d3-dispatch-3.0.1.tgz 0ms (cache hit)
3531 http cache fast-string-truncated-width@https://registry.npmjs.org/fast-string-truncated-width/-/fast-string-truncated-width-3.0.3.tgz 0ms (cache hit)
3532 http cache readdirp@https://registry.npmjs.org/readdirp/-/readdirp-5.0.0.tgz 0ms (cache hit)
3533 http cache source-map@https://registry.npmjs.org/source-map/-/source-map-0.6.1.tgz 0ms (cache hit)
3534 http cache @types/yargs-parser@https://registry.npmjs.org/@types/yargs-parser/-/yargs-parser-21.0.3.tgz 0ms (cache hit)
3535 http cache @types/unist@https://registry.npmjs.org/@types/unist/-/unist-3.0.3.tgz 0ms (cache hit)
3536 http cache undici-types@https://registry.npmjs.org/undici-types/-/undici-types-7.19.2.tgz 0ms (cache hit)
3537 http cache @types/d3-transition@https://registry.npmjs.org/@types/d3-transition/-/d3-transition-3.0.9.tgz 0ms (cache hit)
3538 http cache @types/d3-zoom@https://registry.npmjs.org/@types/d3-zoom/-/d3-zoom-3.0.8.tgz 0ms (cache hit)
3539 http cache @types/d3-time-format@https://registry.npmjs.org/@types/d3-time-format/-/d3-time-format-4.0.3.tgz 0ms (cache hit)
3540 http cache @types/d3-time@https://registry.npmjs.org/@types/d3-time/-/d3-time-3.0.4.tgz 0ms (cache hit)
3541 http cache @types/d3-shape@https://registry.npmjs.org/@types/d3-shape/-/d3-shape-3.1.8.tgz 0ms (cache hit)
3542 http cache @types/geojson@https://registry.npmjs.org/@types/geojson/-/geojson-7946.0.16.tgz 0ms (cache hit)
3543 http cache @types/d3-timer@https://registry.npmjs.org/@types/d3-timer/-/d3-timer-3.0.2.tgz 0ms (cache hit)
3544 http cache @types/d3-scale@https://registry.npmjs.org/@types/d3-scale/-/d3-scale-4.0.9.tgz 0ms (cache hit)
3545 http cache @types/d3-selection@https://registry.npmjs.org/@types/d3-selection/-/d3-selection-3.0.11.tgz 0ms (cache hit)
3546 http cache @types/d3-scale-chromatic@https://registry.npmjs.org/@types/d3-scale-chromatic/-/d3-scale-chromatic-3.1.0.tgz 0ms (cache hit)
3547 http cache @types/d3-random@https://registry.npmjs.org/@types/d3-random/-/d3-random-3.0.3.tgz 0ms (cache hit)
3548 http cache @types/d3-polygon@https://registry.npmjs.org/@types/d3-polygon/-/d3-polygon-3.0.2.tgz 0ms (cache hit)
3549 http cache @types/d3-path@https://registry.npmjs.org/@types/d3-path/-/d3-path-3.1.1.tgz 0ms (cache hit)
3550 http cache @types/d3-format@https://registry.npmjs.org/@types/d3-format/-/d3-format-3.0.4.tgz 0ms (cache hit)
3551 http cache @types/d3-interpolate@https://registry.npmjs.org/@types/d3-interpolate/-/d3-interpolate-3.0.4.tgz 0ms (cache hit)
3552 http cache @types/d3-geo@https://registry.npmjs.org/@types/d3-geo/-/d3-geo-3.1.0.tgz 0ms (cache hit)
3553 http cache @types/d3-quadtree@https://registry.npmjs.org/@types/d3-quadtree/-/d3-quadtree-3.0.6.tgz 0ms (cache hit)
3554 http cache @types/d3-force@https://registry.npmjs.org/@types/d3-force/-/d3-force-3.0.10.tgz 0ms (cache hit)
3555 http cache @types/d3-hierarchy@https://registry.npmjs.org/@types/d3-hierarchy/-/d3-hierarchy-3.1.7.tgz 0ms (cache hit)
3556 http cache @types/d3-drag@https://registry.npmjs.org/@types/d3-drag/-/d3-drag-3.0.7.tgz 0ms (cache hit)
3557 http cache @types/d3-fetch@https://registry.npmjs.org/@types/d3-fetch/-/d3-fetch-3.0.7.tgz 0ms (cache hit)
3558 http cache @types/d3-ease@https://registry.npmjs.org/@types/d3-ease/-/d3-ease-3.0.2.tgz 0ms (cache hit)
3559 http cache @types/d3-dsv@https://registry.npmjs.org/@types/d3-dsv/-/d3-dsv-3.0.7.tgz 0ms (cache hit)
3560 http cache @types/d3-delaunay@https://registry.npmjs.org/@types/d3-delaunay/-/d3-delaunay-6.0.4.tgz 0ms (cache hit)
3561 http cache @types/d3-dispatch@https://registry.npmjs.org/@types/d3-dispatch/-/d3-dispatch-3.0.7.tgz 0ms (cache hit)
3562 http cache @types/d3-contour@https://registry.npmjs.org/@types/d3-contour/-/d3-contour-3.0.6.tgz 0ms (cache hit)
3563 http cache @types/d3-color@https://registry.npmjs.org/@types/d3-color/-/d3-color-3.1.3.tgz 0ms (cache hit)
3564 http cache @types/d3-brush@https://registry.npmjs.org/@types/d3-brush/-/d3-brush-3.0.6.tgz 0ms (cache hit)
3565 http cache @types/d3-array@https://registry.npmjs.org/@types/d3-array/-/d3-array-3.2.2.tgz 0ms (cache hit)
3566 http cache @types/d3-chord@https://registry.npmjs.org/@types/d3-chord/-/d3-chord-3.0.6.tgz 0ms (cache hit)
3567 http cache @types/d3-axis@https://registry.npmjs.org/@types/d3-axis/-/d3-axis-3.0.6.tgz 0ms (cache hit)
3568 http cache @napi-rs/simple-git-darwin-arm64@https://registry.npmjs.org/@napi-rs/simple-git-darwin-arm64/-/simple-git-darwin-arm64-0.1.22.tgz 0ms (cache hit)
3569 http cache @myriaddreamin/typst-ts-node-compiler-darwin-arm64@https://registry.npmjs.org/@myriaddreamin/typst-ts-node-compiler-darwin-arm64/-/typst-ts-node-compiler-darwin-arm64-0.6.0.tgz 0ms (cache hit)
3570 http cache unist-util-visit-parents@https://registry.npmjs.org/unist-util-visit-parents/-/unist-util-visit-parents-6.0.2.tgz 0ms (cache hit)
3571 http cache hast-util-to-text@https://registry.npmjs.org/hast-util-to-text/-/hast-util-to-text-4.0.2.tgz 0ms (cache hit)
3572 http cache https-proxy-agent@https://registry.npmjs.org/https-proxy-agent/-/https-proxy-agent-7.0.6.tgz 0ms (cache hit)
3573 http cache hast-util-from-html-isomorphic@https://registry.npmjs.org/hast-util-from-html-isomorphic/-/hast-util-from-html-isomorphic-2.0.0.tgz 0ms (cache hit)
3574 http cache @types/katex@https://registry.npmjs.org/@types/katex/-/katex-0.16.8.tgz 0ms (cache hit)
3575 http cache @myriaddreamin/typst-ts-node-compiler@https://registry.npmjs.org/@myriaddreamin/typst-ts-node-compiler/-/typst-ts-node-compiler-0.6.0.tgz 0ms (cache hit)
3576 http cache @floating-ui/core@https://registry.npmjs.org/@floating-ui/core/-/core-1.7.5.tgz 0ms (cache hit)
3577 http cache @floating-ui/utils@https://registry.npmjs.org/@floating-ui/utils/-/utils-0.2.11.tgz 0ms (cache hit)
3578 http cache @clack/core@https://registry.npmjs.org/@clack/core/-/core-0.5.0.tgz 0ms (cache hit)
3579 http cache sisteransi@https://registry.npmjs.org/sisteransi/-/sisteransi-1.0.5.tgz 0ms (cache hit)
3580 http cache yargs@https://registry.npmjs.org/yargs/-/yargs-18.0.0.tgz 0ms (cache hit)
3581 http cache picocolors@https://registry.npmjs.org/picocolors/-/picocolors-1.1.1.tgz 0ms (cache hit)
3582 http cache ws@https://registry.npmjs.org/ws/-/ws-8.20.0.tgz 0ms (cache hit)
3583 http cache workerpool@https://registry.npmjs.org/workerpool/-/workerpool-10.0.2.tgz 0ms (cache hit)
3584 http cache unified@https://registry.npmjs.org/unified/-/unified-11.0.5.tgz 0ms (cache hit)
3585 http cache vfile@https://registry.npmjs.org/vfile/-/vfile-6.0.3.tgz 0ms (cache hit)
3586 http cache typescript@https://registry.npmjs.org/typescript/-/typescript-5.9.3.tgz 0ms (cache hit)
3587 http cache tsx@https://registry.npmjs.org/tsx/-/tsx-4.21.0.tgz 0ms (cache hit)
3588 http cache unist-util-visit@https://registry.npmjs.org/unist-util-visit/-/unist-util-visit-5.1.0.tgz 0ms (cache hit)
3589 http cache toml@https://registry.npmjs.org/toml/-/toml-3.0.0.tgz 0ms (cache hit)
3590 http cache to-vfile@https://registry.npmjs.org/to-vfile/-/to-vfile-8.0.0.tgz 0ms (cache hit)
3591 http cache sharp@https://registry.npmjs.org/sharp/-/sharp-0.34.5.tgz 0ms (cache hit)
3592 http cache serve-handler@https://registry.npmjs.org/serve-handler/-/serve-handler-6.1.7.tgz 0ms (cache hit)
3593 http cache remark-smartypants@https://registry.npmjs.org/remark-smartypants/-/remark-smartypants-3.0.2.tgz 0ms (cache hit)
3594 http cache source-map-support@https://registry.npmjs.org/source-map-support/-/source-map-support-0.5.21.tgz 0ms (cache hit)
3595 http cache rfdc@https://registry.npmjs.org/rfdc/-/rfdc-1.4.1.tgz 0ms (cache hit)
3596 http cache remark-parse@https://registry.npmjs.org/remark-parse/-/remark-parse-11.0.0.tgz 0ms (cache hit)
3597 http cache remark-math@https://registry.npmjs.org/remark-math/-/remark-math-6.0.0.tgz 0ms (cache hit)
3598 http cache remark-rehype@https://registry.npmjs.org/remark-rehype/-/remark-rehype-11.1.2.tgz 0ms (cache hit)
3599 http cache satori@https://registry.npmjs.org/satori/-/satori-0.19.3.tgz 0ms (cache hit)
3600 http cache remark-frontmatter@https://registry.npmjs.org/remark-frontmatter/-/remark-frontmatter-5.0.0.tgz 0ms (cache hit)
3601 http cache remark-gfm@https://registry.npmjs.org/remark-gfm/-/remark-gfm-4.0.1.tgz 0ms (cache hit)
3602 http cache rehype-raw@https://registry.npmjs.org/rehype-raw/-/rehype-raw-7.0.0.tgz 0ms (cache hit)
3603 http cache remark@https://registry.npmjs.org/remark/-/remark-15.0.1.tgz 0ms (cache hit)
3604 http cache remark-breaks@https://registry.npmjs.org/remark-breaks/-/remark-breaks-4.0.0.tgz 0ms (cache hit)
3605 http cache rehype-slug@https://registry.npmjs.org/rehype-slug/-/rehype-slug-6.0.0.tgz 0ms (cache hit)
3606 http cache shiki@https://registry.npmjs.org/shiki/-/shiki-1.29.2.tgz 0ms (cache hit)
3607 http cache rehype-katex@https://registry.npmjs.org/rehype-katex/-/rehype-katex-7.0.1.tgz 0ms (cache hit)
3608 http cache rehype-mathjax@https://registry.npmjs.org/rehype-mathjax/-/rehype-mathjax-7.1.0.tgz 0ms (cache hit)
3609 http cache rehype-citation@https://registry.npmjs.org/rehype-citation/-/rehype-citation-2.3.2.tgz 0ms (cache hit)
3610 http cache rehype-pretty-code@https://registry.npmjs.org/rehype-pretty-code/-/rehype-pretty-code-0.14.3.tgz 0ms (cache hit)
3611 http cache reading-time@https://registry.npmjs.org/reading-time/-/reading-time-1.5.0.tgz 0ms (cache hit)
3612 http cache rehype-autolink-headings@https://registry.npmjs.org/rehype-autolink-headings/-/rehype-autolink-headings-7.1.0.tgz 0ms (cache hit)
3613 http cache pretty-time@https://registry.npmjs.org/pretty-time/-/pretty-time-1.1.0.tgz 0ms (cache hit)
3614 http cache pretty-bytes@https://registry.npmjs.org/pretty-bytes/-/pretty-bytes-7.1.0.tgz 0ms (cache hit)
3615 http cache prettier@https://registry.npmjs.org/prettier/-/prettier-3.8.3.tgz 0ms (cache hit)
3616 http cache preact@https://registry.npmjs.org/preact/-/preact-10.29.1.tgz 0ms (cache hit)
3617 http cache pixi.js@https://registry.npmjs.org/pixi.js/-/pixi.js-8.18.1.tgz 0ms (cache hit)
3618 http cache preact-render-to-string@https://registry.npmjs.org/preact-render-to-string/-/preact-render-to-string-6.6.7.tgz 0ms (cache hit)
3619 http cache mdast-util-find-and-replace@https://registry.npmjs.org/mdast-util-find-and-replace/-/mdast-util-find-and-replace-3.0.2.tgz 0ms (cache hit)
3620 http cache minimatch@https://registry.npmjs.org/minimatch/-/minimatch-10.2.5.tgz 0ms (cache hit)
3621 http cache mdast-util-to-string@https://registry.npmjs.org/mdast-util-to-string/-/mdast-util-to-string-4.0.0.tgz 0ms (cache hit)
3622 http cache micromorph@https://registry.npmjs.org/micromorph/-/micromorph-0.4.5.tgz 0ms (cache hit)
3623 http cache mdast-util-to-hast@https://registry.npmjs.org/mdast-util-to-hast/-/mdast-util-to-hast-13.2.1.tgz 0ms (cache hit)
3624 http cache lightningcss@https://registry.npmjs.org/lightningcss/-/lightningcss-1.32.0.tgz 0ms (cache hit)
3625 http cache hast-util-to-jsx-runtime@https://registry.npmjs.org/hast-util-to-jsx-runtime/-/hast-util-to-jsx-runtime-2.3.6.tgz 0ms (cache hit)
3626 http cache hast-util-to-string@https://registry.npmjs.org/hast-util-to-string/-/hast-util-to-string-3.0.1.tgz 0ms (cache hit)
3627 http cache is-absolute-url@https://registry.npmjs.org/is-absolute-url/-/is-absolute-url-5.0.0.tgz 0ms (cache hit)
3628 http cache js-yaml@https://registry.npmjs.org/js-yaml/-/js-yaml-4.1.1.tgz 0ms (cache hit)
3629 http cache hast-util-to-html@https://registry.npmjs.org/hast-util-to-html/-/hast-util-to-html-9.0.5.tgz 0ms (cache hit)
3630 http cache gray-matter@https://registry.npmjs.org/gray-matter/-/gray-matter-4.0.3.tgz 0ms (cache hit)
3631 http cache globby@https://registry.npmjs.org/globby/-/globby-16.2.0.tgz 0ms (cache hit)
3632 http cache github-slugger@https://registry.npmjs.org/github-slugger/-/github-slugger-2.0.0.tgz 0ms (cache hit)
3633 http cache sass-embedded@https://registry.npmjs.org/sass-embedded/-/sass-embedded-1.99.0.tgz 0ms (cache hit)
3634 http cache d3@https://registry.npmjs.org/d3/-/d3-7.9.0.tgz 0ms (cache hit)
3635 http cache esbuild@https://registry.npmjs.org/esbuild/-/esbuild-0.27.7.tgz 0ms (cache hit)
3636 http cache flexsearch@https://registry.npmjs.org/flexsearch/-/flexsearch-0.8.212.tgz 0ms (cache hit)
3637 http cache async-mutex@https://registry.npmjs.org/async-mutex/-/async-mutex-0.5.0.tgz 0ms (cache hit)
3638 http cache chokidar@https://registry.npmjs.org/chokidar/-/chokidar-5.0.0.tgz 0ms (cache hit)
3639 http cache @types/yargs@https://registry.npmjs.org/@types/yargs/-/yargs-17.0.35.tgz 0ms (cache hit)
3640 http cache @types/source-map-support@https://registry.npmjs.org/@types/source-map-support/-/source-map-support-0.5.10.tgz 0ms (cache hit)
3641 http cache ansi-truncate@https://registry.npmjs.org/ansi-truncate/-/ansi-truncate-1.4.0.tgz 0ms (cache hit)
3642 http cache @types/ws@https://registry.npmjs.org/@types/ws/-/ws-8.18.1.tgz 0ms (cache hit)
3643 http cache @types/node@https://registry.npmjs.org/@types/node/-/node-25.6.0.tgz 0ms (cache hit)
3644 http cache cli-spinner@https://registry.npmjs.org/cli-spinner/-/cli-spinner-0.2.10.tgz 0ms (cache hit)
3645 http cache @types/pretty-time@https://registry.npmjs.org/@types/pretty-time/-/pretty-time-1.1.5.tgz 0ms (cache hit)
3646 http cache @types/d3@https://registry.npmjs.org/@types/d3/-/d3-7.4.3.tgz 0ms (cache hit)
3647 http cache esbuild-sass-plugin@https://registry.npmjs.org/esbuild-sass-plugin/-/esbuild-sass-plugin-3.7.0.tgz 0ms (cache hit)
3648 http cache @types/hast@https://registry.npmjs.org/@types/hast/-/hast-3.0.4.tgz 0ms (cache hit)
3649 http cache @tweenjs/tween.js@https://registry.npmjs.org/@tweenjs/tween.js/-/tween.js-25.0.0.tgz 0ms (cache hit)
3650 http cache @types/js-yaml@https://registry.npmjs.org/@types/js-yaml/-/js-yaml-4.0.9.tgz 0ms (cache hit)
3651 http cache @myriaddreamin/rehype-typst@https://registry.npmjs.org/@myriaddreamin/rehype-typst/-/rehype-typst-0.6.0.tgz 0ms (cache hit)
3652 http cache @napi-rs/simple-git@https://registry.npmjs.org/@napi-rs/simple-git/-/simple-git-0.1.22.tgz 0ms (cache hit)
3653 http cache @clack/prompts@https://registry.npmjs.org/@clack/prompts/-/prompts-0.11.0.tgz 0ms (cache hit)
3654 http cache base64-js@https://registry.npmjs.org/base64-js/-/base64-js-1.5.1.tgz 0ms (cache hit)
3655 http cache emoji-regex-xs@https://registry.npmjs.org/emoji-regex-xs/-/emoji-regex-xs-1.0.0.tgz 0ms (cache hit)
3656 http cache @floating-ui/dom@https://registry.npmjs.org/@floating-ui/dom/-/dom-1.7.6.tgz 0ms (cache hit)
3657 http cache commander@https://registry.npmjs.org/commander/-/commander-13.1.0.tgz 0ms (cache hit)
3658 http cache commander@https://registry.npmjs.org/commander/-/commander-8.3.0.tgz 0ms (cache hit)
3659 http cache node-fetch@https://registry.npmjs.org/node-fetch/-/node-fetch-2.6.13.tgz 0ms (cache hit)
3660 http cache readdirp@https://registry.npmjs.org/readdirp/-/readdirp-4.1.2.tgz 0ms (cache hit)
3661 http cache chokidar@https://registry.npmjs.org/chokidar/-/chokidar-4.0.3.tgz 0ms (cache hit)
3662 http cache picomatch@https://registry.npmjs.org/picomatch/-/picomatch-4.0.4.tgz 0ms (cache hit)
3663 http cache @xmldom/xmldom@https://registry.npmjs.org/@xmldom/xmldom/-/xmldom-0.9.10.tgz 0ms (cache hit)
3664 http cache balanced-match@https://registry.npmjs.org/balanced-match/-/balanced-match-1.0.2.tgz 0ms (cache hit)
3665 http cache @types/unist@https://registry.npmjs.org/@types/unist/-/unist-2.0.11.tgz 0ms (cache hit)
3666 http cache entities@https://registry.npmjs.org/entities/-/entities-8.0.0.tgz 0ms (cache hit)
3667 http cache minimatch@https://registry.npmjs.org/minimatch/-/minimatch-3.1.5.tgz 0ms (cache hit)
3668 http cache parse5@https://registry.npmjs.org/parse5/-/parse5-8.0.1.tgz 0ms (cache hit)
3669 http cache brace-expansion@https://registry.npmjs.org/brace-expansion/-/brace-expansion-1.1.14.tgz 0ms (cache hit)
3670 silly tarball no local data for concat-map@https://registry.npmjs.org/concat-map/-/concat-map-0.0.1.tgz. Extracting by manifest.
3671 silly tarball no local data for sprintf-js@https://registry.npmjs.org/sprintf-js/-/sprintf-js-1.0.3.tgz. Extracting by manifest.
3672 silly tarball no local data for ansi-styles@https://registry.npmjs.org/ansi-styles/-/ansi-styles-6.2.3.tgz. Extracting by manifest.
3673 silly tarball no local data for ansi-regex@https://registry.npmjs.org/ansi-regex/-/ansi-regex-6.2.2.tgz. Extracting by manifest.
3674 silly tarball no local data for esprima@https://registry.npmjs.org/esprima/-/esprima-4.0.1.tgz. Extracting by manifest.
3675 silly tarball no local data for emoji-regex@https://registry.npmjs.org/emoji-regex/-/emoji-regex-10.6.0.tgz. Extracting by manifest.
3676 silly tarball no local data for wrap-ansi@https://registry.npmjs.org/wrap-ansi/-/wrap-ansi-9.0.2.tgz. Extracting by manifest.
3677 silly tarball no local data for get-east-asian-width@https://registry.npmjs.org/get-east-asian-width/-/get-east-asian-width-1.5.0.tgz. Extracting by manifest.
3678 silly tarball no local data for strip-ansi@https://registry.npmjs.org/strip-ansi/-/strip-ansi-7.2.0.tgz. Extracting by manifest.
3679 silly tarball no local data for yargs-parser@https://registry.npmjs.org/yargs-parser/-/yargs-parser-22.0.0.tgz. Extracting by manifest.
3680 silly tarball no local data for y18n@https://registry.npmjs.org/y18n/-/y18n-5.0.8.tgz. Extracting by manifest.
3681 silly tarball no local data for string-width@https://registry.npmjs.org/string-width/-/string-width-7.2.0.tgz. Extracting by manifest.
3682 silly tarball no local data for get-caller-file@https://registry.npmjs.org/get-caller-file/-/get-caller-file-2.0.5.tgz. Extracting by manifest.
3683 silly tarball no local data for escalade@https://registry.npmjs.org/escalade/-/escalade-3.2.0.tgz. Extracting by manifest.
3684 silly tarball no local data for cliui@https://registry.npmjs.org/cliui/-/cliui-9.0.1.tgz. Extracting by manifest.
3685 silly tarball no local data for webidl-conversions@https://registry.npmjs.org/webidl-conversions/-/webidl-conversions-3.0.1.tgz. Extracting by manifest.
3686 silly tarball no local data for tr46@https://registry.npmjs.org/tr46/-/tr46-0.0.3.tgz. Extracting by manifest.
3687 silly tarball no local data for array-iterate@https://registry.npmjs.org/array-iterate/-/array-iterate-2.0.1.tgz. Extracting by manifest.
3688 silly tarball no local data for trough@https://registry.npmjs.org/trough/-/trough-2.2.0.tgz. Extracting by manifest.
3689 silly tarball no local data for is-plain-obj@https://registry.npmjs.org/is-plain-obj/-/is-plain-obj-4.1.0.tgz. Extracting by manifest.
3690 silly tarball no local data for extend@https://registry.npmjs.org/extend/-/extend-3.0.2.tgz. Extracting by manifest.
3691 silly tarball no local data for bail@https://registry.npmjs.org/bail/-/bail-2.0.2.tgz. Extracting by manifest.
3692 silly tarball no local data for pako@https://registry.npmjs.org/pako/-/pako-0.2.9.tgz. Extracting by manifest.
3693 silly tarball no local data for tiny-inflate@https://registry.npmjs.org/tiny-inflate/-/tiny-inflate-1.0.3.tgz. Extracting by manifest.
3694 silly tarball no local data for get-tsconfig@https://registry.npmjs.org/get-tsconfig/-/get-tsconfig-4.14.0.tgz. Extracting by manifest.
3695 silly tarball no local data for resolve-pkg-maps@https://registry.npmjs.org/resolve-pkg-maps/-/resolve-pkg-maps-1.0.0.tgz. Extracting by manifest.
3696 silly tarball no local data for is-number@https://registry.npmjs.org/is-number/-/is-number-7.0.0.tgz. Extracting by manifest.
3697 silly tarball no local data for fsevents@https://registry.npmjs.org/fsevents/-/fsevents-2.3.3.tgz. Extracting by manifest.
3698 silly tarball no local data for ieee754@https://registry.npmjs.org/ieee754/-/ieee754-1.2.1.tgz. Extracting by manifest.
3699 silly tarball no local data for has-flag@https://registry.npmjs.org/has-flag/-/has-flag-4.0.0.tgz. Extracting by manifest.
3700 silly tarball no local data for sync-message-port@https://registry.npmjs.org/sync-message-port/-/sync-message-port-1.2.0.tgz. Extracting by manifest.
3701 silly tarball no local data for style-to-object@https://registry.npmjs.org/style-to-object/-/style-to-object-1.0.14.tgz. Extracting by manifest.
3702 silly tarball no local data for inline-style-parser@https://registry.npmjs.org/inline-style-parser/-/inline-style-parser-0.2.7.tgz. Extracting by manifest.
3703 http cache argparse@https://registry.npmjs.org/argparse/-/argparse-1.0.10.tgz 0ms (cache hit)
3704 silly tarball no local data for buffer@https://registry.npmjs.org/buffer/-/buffer-5.7.1.tgz. Extracting by manifest.
3705 silly tarball no local data for regex-utilities@https://registry.npmjs.org/regex-utilities/-/regex-utilities-2.3.0.tgz. Extracting by manifest.
3706 silly tarball no local data for character-entities-html4@https://registry.npmjs.org/character-entities-html4/-/character-entities-html4-2.1.0.tgz. Extracting by manifest.
3707 http cache js-yaml@https://registry.npmjs.org/js-yaml/-/js-yaml-3.14.2.tgz 0ms (cache hit)
3708 silly tarball no local data for buffer-from@https://registry.npmjs.org/buffer-from/-/buffer-from-1.1.2.tgz. Extracting by manifest.
3709 silly tarball no local data for regex-recursion@https://registry.npmjs.org/regex-recursion/-/regex-recursion-5.1.1.tgz. Extracting by manifest.
3710 silly tarball no local data for wicked-good-xpath@https://registry.npmjs.org/wicked-good-xpath/-/wicked-good-xpath-1.3.0.tgz. Extracting by manifest.
3711 silly tarball no local data for regex@https://registry.npmjs.org/regex/-/regex-5.1.1.tgz. Extracting by manifest.
3712 silly tarball no local data for @shikijs/types@https://registry.npmjs.org/@shikijs/types/-/types-1.29.2.tgz. Extracting by manifest.
3713 silly tarball no local data for oniguruma-to-es@https://registry.npmjs.org/oniguruma-to-es/-/oniguruma-to-es-2.3.0.tgz. Extracting by manifest.
3714 silly tarball no local data for @shikijs/themes@https://registry.npmjs.org/@shikijs/themes/-/themes-1.29.2.tgz. Extracting by manifest.
3715 silly tarball no local data for @shikijs/vscode-textmate@https://registry.npmjs.org/@shikijs/vscode-textmate/-/vscode-textmate-10.0.2.tgz. Extracting by manifest.
3716 silly tarball no local data for @shikijs/engine-javascript@https://registry.npmjs.org/@shikijs/engine-javascript/-/engine-javascript-1.29.2.tgz. Extracting by manifest.
3717 silly tarball no local data for @shikijs/langs@https://registry.npmjs.org/@shikijs/langs/-/langs-1.29.2.tgz. Extracting by manifest.
3718 silly tarball no local data for semver@https://registry.npmjs.org/semver/-/semver-7.7.4.tgz. Extracting by manifest.
3719 silly tarball no local data for @shikijs/engine-oniguruma@https://registry.npmjs.org/@shikijs/engine-oniguruma/-/engine-oniguruma-1.29.2.tgz. Extracting by manifest.
3720 silly tarball no local data for @shikijs/core@https://registry.npmjs.org/@shikijs/core/-/core-1.29.2.tgz. Extracting by manifest.
3721 silly tarball no local data for mime-db@https://registry.npmjs.org/mime-db/-/mime-db-1.33.0.tgz. Extracting by manifest.
3722 silly tarball no local data for @img/sharp-libvips-darwin-arm64@https://registry.npmjs.org/@img/sharp-libvips-darwin-arm64/-/sharp-libvips-darwin-arm64-1.2.4.tgz. Extracting by manifest.
3723 silly tarball no local data for @img/colour@https://registry.npmjs.org/@img/colour/-/colour-1.1.0.tgz. Extracting by manifest.
3724 silly tarball no local data for @emnapi/runtime@https://registry.npmjs.org/@emnapi/runtime/-/runtime-1.10.0.tgz. Extracting by manifest.
3725 silly tarball no local data for range-parser@https://registry.npmjs.org/range-parser/-/range-parser-1.2.0.tgz. Extracting by manifest.
3726 silly tarball no local data for @img/sharp-darwin-arm64@https://registry.npmjs.org/@img/sharp-darwin-arm64/-/sharp-darwin-arm64-0.34.5.tgz. Extracting by manifest.
3727 silly tarball no local data for path-to-regexp@https://registry.npmjs.org/path-to-regexp/-/path-to-regexp-3.3.0.tgz. Extracting by manifest.
3728 silly tarball no local data for path-is-inside@https://registry.npmjs.org/path-is-inside/-/path-is-inside-1.0.2.tgz. Extracting by manifest.
3729 silly tarball no local data for mime-types@https://registry.npmjs.org/mime-types/-/mime-types-2.1.18.tgz. Extracting by manifest.
3730 silly tarball no local data for is-extendable@https://registry.npmjs.org/is-extendable/-/is-extendable-0.1.1.tgz. Extracting by manifest.
3731 silly tarball no local data for color-name@https://registry.npmjs.org/color-name/-/color-name-1.1.4.tgz. Extracting by manifest.
3732 silly tarball no local data for extend-shallow@https://registry.npmjs.org/extend-shallow/-/extend-shallow-2.0.1.tgz. Extracting by manifest.
3733 silly tarball no local data for content-disposition@https://registry.npmjs.org/content-disposition/-/content-disposition-0.5.2.tgz. Extracting by manifest.
3734 silly tarball no local data for bytes@https://registry.npmjs.org/bytes/-/bytes-3.0.0.tgz. Extracting by manifest.
3735 silly tarball no local data for hex-rgb@https://registry.npmjs.org/hex-rgb/-/hex-rgb-4.3.0.tgz. Extracting by manifest.
3736 silly tarball no local data for unicode-trie@https://registry.npmjs.org/unicode-trie/-/unicode-trie-2.0.0.tgz. Extracting by manifest.
3737 silly tarball no local data for base64-js@https://registry.npmjs.org/base64-js/-/base64-js-0.0.8.tgz. Extracting by manifest.
3738 silly tarball no local data for camelize@https://registry.npmjs.org/camelize/-/camelize-1.0.1.tgz. Extracting by manifest.
3739 silly tarball no local data for yoga-layout@https://registry.npmjs.org/yoga-layout/-/yoga-layout-3.2.1.tgz. Extracting by manifest.
3740 silly tarball no local data for string.prototype.codepointat@https://registry.npmjs.org/string.prototype.codepointat/-/string.prototype.codepointat-0.2.1.tgz. Extracting by manifest.
3741 silly tarball no local data for fflate@https://registry.npmjs.org/fflate/-/fflate-0.7.4.tgz. Extracting by manifest.
3742 silly tarball no local data for postcss-value-parser@https://registry.npmjs.org/postcss-value-parser/-/postcss-value-parser-4.2.0.tgz. Extracting by manifest.
3743 silly tarball no local data for parse-css-color@https://registry.npmjs.org/parse-css-color/-/parse-css-color-0.2.1.tgz. Extracting by manifest.
3744 silly tarball no local data for css-color-keywords@https://registry.npmjs.org/css-color-keywords/-/css-color-keywords-1.0.0.tgz. Extracting by manifest.
3745 silly tarball no local data for emoji-regex-xs@https://registry.npmjs.org/emoji-regex-xs/-/emoji-regex-xs-2.0.1.tgz. Extracting by manifest.
3746 silly tarball no local data for escape-html@https://registry.npmjs.org/escape-html/-/escape-html-1.0.3.tgz. Extracting by manifest.
3747 silly tarball no local data for linebreak@https://registry.npmjs.org/linebreak/-/linebreak-1.1.0.tgz. Extracting by manifest.
3748 silly tarball no local data for css-gradient-parser@https://registry.npmjs.org/css-gradient-parser/-/css-gradient-parser-0.0.17.tgz. Extracting by manifest.
3749 silly tarball no local data for css-box-shadow@https://registry.npmjs.org/css-box-shadow/-/css-box-shadow-1.0.0-3.tgz. Extracting by manifest.
3750 silly tarball no local data for css-to-react-native@https://registry.npmjs.org/css-to-react-native/-/css-to-react-native-3.2.0.tgz. Extracting by manifest.
3751 silly tarball no local data for css-background-parser@https://registry.npmjs.org/css-background-parser/-/css-background-parser-0.1.0.tgz. Extracting by manifest.
3752 silly tarball no local data for varint@https://registry.npmjs.org/varint/-/varint-6.0.0.tgz. Extracting by manifest.
3753 silly tarball no local data for sync-child-process@https://registry.npmjs.org/sync-child-process/-/sync-child-process-1.0.2.tgz. Extracting by manifest.
3754 silly tarball no local data for supports-color@https://registry.npmjs.org/supports-color/-/supports-color-8.1.1.tgz. Extracting by manifest.
3755 silly tarball no local data for sass-embedded-darwin-arm64@https://registry.npmjs.org/sass-embedded-darwin-arm64/-/sass-embedded-darwin-arm64-1.99.0.tgz. Extracting by manifest.
3756 silly tarball no local data for colorjs.io@https://registry.npmjs.org/colorjs.io/-/colorjs.io-0.5.2.tgz. Extracting by manifest.
3757 silly tarball no local data for node-addon-api@https://registry.npmjs.org/node-addon-api/-/node-addon-api-7.1.1.tgz. Extracting by manifest.
3758 silly tarball no local data for @bufbuild/protobuf@https://registry.npmjs.org/@bufbuild/protobuf/-/protobuf-2.12.0.tgz. Extracting by manifest.
3759 silly tarball no local data for source-map-js@https://registry.npmjs.org/source-map-js/-/source-map-js-1.2.1.tgz. Extracting by manifest.
3760 silly tarball no local data for @parcel/watcher-darwin-arm64@https://registry.npmjs.org/@parcel/watcher-darwin-arm64/-/watcher-darwin-arm64-2.5.6.tgz. Extracting by manifest.
3761 silly tarball no local data for immutable@https://registry.npmjs.org/immutable/-/immutable-5.1.5.tgz. Extracting by manifest.
3762 silly tarball no local data for rxjs@https://registry.npmjs.org/rxjs/-/rxjs-7.8.2.tgz. Extracting by manifest.
3763 silly tarball no local data for queue-microtask@https://registry.npmjs.org/queue-microtask/-/queue-microtask-1.2.3.tgz. Extracting by manifest.
3764 silly tarball no local data for @shuding/opentype.js@https://registry.npmjs.org/@shuding/opentype.js/-/opentype.js-1.4.0-beta.0.tgz. Extracting by manifest.
3765 silly tarball no local data for unist-util-modify-children@https://registry.npmjs.org/unist-util-modify-children/-/unist-util-modify-children-4.0.0.tgz. Extracting by manifest.
3766 silly tarball no local data for parse-latin@https://registry.npmjs.org/parse-latin/-/parse-latin-7.0.0.tgz. Extracting by manifest.
3767 silly tarball no local data for @parcel/watcher@https://registry.npmjs.org/@parcel/watcher/-/watcher-2.5.6.tgz. Extracting by manifest.
3768 silly tarball no local data for unist-util-visit-children@https://registry.npmjs.org/unist-util-visit-children/-/unist-util-visit-children-3.0.0.tgz. Extracting by manifest.
3769 silly tarball no local data for retext-stringify@https://registry.npmjs.org/retext-stringify/-/retext-stringify-4.0.0.tgz. Extracting by manifest.
3770 silly tarball no local data for nlcst-to-string@https://registry.npmjs.org/nlcst-to-string/-/nlcst-to-string-4.0.0.tgz. Extracting by manifest.
3771 silly tarball no local data for retext-latin@https://registry.npmjs.org/retext-latin/-/retext-latin-4.0.0.tgz. Extracting by manifest.
3772 silly tarball no local data for function-bind@https://registry.npmjs.org/function-bind/-/function-bind-1.1.2.tgz. Extracting by manifest.
3773 silly tarball no local data for hasown@https://registry.npmjs.org/hasown/-/hasown-2.0.3.tgz. Extracting by manifest.
3774 silly tarball no local data for supports-preserve-symlinks-flag@https://registry.npmjs.org/supports-preserve-symlinks-flag/-/supports-preserve-symlinks-flag-1.0.0.tgz. Extracting by manifest.
3775 silly tarball no local data for @types/nlcst@https://registry.npmjs.org/@types/nlcst/-/nlcst-2.0.3.tgz. Extracting by manifest.
3776 silly tarball no local data for es-errors@https://registry.npmjs.org/es-errors/-/es-errors-1.3.0.tgz. Extracting by manifest.
3777 silly tarball no local data for path-parse@https://registry.npmjs.org/path-parse/-/path-parse-1.0.7.tgz. Extracting by manifest.
3778 silly tarball no local data for is-core-module@https://registry.npmjs.org/is-core-module/-/is-core-module-2.16.1.tgz. Extracting by manifest.
3779 silly tarball no local data for retext-smartypants@https://registry.npmjs.org/retext-smartypants/-/retext-smartypants-6.2.0.tgz. Extracting by manifest.
3780 silly tarball no local data for mdast-util-math@https://registry.npmjs.org/mdast-util-math/-/mdast-util-math-3.0.0.tgz. Extracting by manifest.
3781 silly tarball no local data for retext@https://registry.npmjs.org/retext/-/retext-9.0.0.tgz. Extracting by manifest.
3782 silly tarball no local data for micromark-extension-gfm-table@https://registry.npmjs.org/micromark-extension-gfm-table/-/micromark-extension-gfm-table-2.1.1.tgz. Extracting by manifest.
3783 silly tarball no local data for micromark-extension-math@https://registry.npmjs.org/micromark-extension-math/-/micromark-extension-math-3.1.0.tgz. Extracting by manifest.
3784 silly tarball no local data for micromark-extension-gfm-tagfilter@https://registry.npmjs.org/micromark-extension-gfm-tagfilter/-/micromark-extension-gfm-tagfilter-2.0.0.tgz. Extracting by manifest.
3785 silly tarball no local data for micromark-extension-gfm-task-list-item@https://registry.npmjs.org/micromark-extension-gfm-task-list-item/-/micromark-extension-gfm-task-list-item-2.1.0.tgz. Extracting by manifest.
3786 silly tarball no local data for micromark-extension-gfm-strikethrough@https://registry.npmjs.org/micromark-extension-gfm-strikethrough/-/micromark-extension-gfm-strikethrough-2.1.0.tgz. Extracting by manifest.
3787 silly tarball no local data for markdown-table@https://registry.npmjs.org/markdown-table/-/markdown-table-3.0.4.tgz. Extracting by manifest.
3788 silly tarball no local data for micromark-extension-gfm-autolink-literal@https://registry.npmjs.org/micromark-extension-gfm-autolink-literal/-/micromark-extension-gfm-autolink-literal-2.1.0.tgz. Extracting by manifest.
3789 silly tarball no local data for micromark-extension-gfm-footnote@https://registry.npmjs.org/micromark-extension-gfm-footnote/-/micromark-extension-gfm-footnote-2.1.0.tgz. Extracting by manifest.
3790 silly tarball no local data for mdast-util-gfm-table@https://registry.npmjs.org/mdast-util-gfm-table/-/mdast-util-gfm-table-2.0.0.tgz. Extracting by manifest.
3791 silly tarball no local data for mdast-util-gfm-strikethrough@https://registry.npmjs.org/mdast-util-gfm-strikethrough/-/mdast-util-gfm-strikethrough-2.0.0.tgz. Extracting by manifest.
3792 silly tarball no local data for mdast-util-gfm-autolink-literal@https://registry.npmjs.org/mdast-util-gfm-autolink-literal/-/mdast-util-gfm-autolink-literal-2.0.1.tgz. Extracting by manifest.
3793 silly tarball no local data for micromark-extension-gfm@https://registry.npmjs.org/micromark-extension-gfm/-/micromark-extension-gfm-3.0.0.tgz. Extracting by manifest.
3794 silly tarball no local data for mdast-util-gfm-task-list-item@https://registry.npmjs.org/mdast-util-gfm-task-list-item/-/mdast-util-gfm-task-list-item-2.0.0.tgz. Extracting by manifest.
3795 silly tarball no local data for mdast-util-gfm-footnote@https://registry.npmjs.org/mdast-util-gfm-footnote/-/mdast-util-gfm-footnote-2.1.0.tgz. Extracting by manifest.
3796 silly tarball no local data for format@https://registry.npmjs.org/format/-/format-0.2.2.tgz. Extracting by manifest.
3797 silly tarball no local data for mdast-util-gfm@https://registry.npmjs.org/mdast-util-gfm/-/mdast-util-gfm-3.1.0.tgz. Extracting by manifest.
3798 silly tarball no local data for micromark-extension-frontmatter@https://registry.npmjs.org/micromark-extension-frontmatter/-/micromark-extension-frontmatter-2.0.0.tgz. Extracting by manifest.
3799 silly tarball no local data for fault@https://registry.npmjs.org/fault/-/fault-2.0.1.tgz. Extracting by manifest.
3800 silly tarball no local data for mdast-util-newline-to-break@https://registry.npmjs.org/mdast-util-newline-to-break/-/mdast-util-newline-to-break-2.0.0.tgz. Extracting by manifest.
3801 silly tarball no local data for remark-stringify@https://registry.npmjs.org/remark-stringify/-/remark-stringify-11.0.0.tgz. Extracting by manifest.
3802 silly tarball no local data for mdast-util-frontmatter@https://registry.npmjs.org/mdast-util-frontmatter/-/mdast-util-frontmatter-2.0.1.tgz. Extracting by manifest.
3803 silly tarball no local data for hast-util-raw@https://registry.npmjs.org/hast-util-raw/-/hast-util-raw-9.1.0.tgz. Extracting by manifest.
3804 silly tarball no local data for parse-numeric-range@https://registry.npmjs.org/parse-numeric-range/-/parse-numeric-range-1.3.0.tgz. Extracting by manifest.
3805 silly tarball no local data for rehype-parse@https://registry.npmjs.org/rehype-parse/-/rehype-parse-9.0.1.tgz. Extracting by manifest.
3806 silly tarball no local data for mhchemparser@https://registry.npmjs.org/mhchemparser/-/mhchemparser-4.2.1.tgz. Extracting by manifest.
3807 silly tarball no local data for hast-util-to-parse5@https://registry.npmjs.org/hast-util-to-parse5/-/hast-util-to-parse5-8.0.1.tgz. Extracting by manifest.
3808 silly tarball no local data for mj-context-menu@https://registry.npmjs.org/mj-context-menu/-/mj-context-menu-0.6.1.tgz. Extracting by manifest.
3809 silly tarball no local data for speech-rule-engine@https://registry.npmjs.org/speech-rule-engine/-/speech-rule-engine-4.1.4.tgz. Extracting by manifest.
3810 silly tarball no local data for katex@https://registry.npmjs.org/katex/-/katex-0.16.45.tgz. Extracting by manifest.
3811 silly tarball no local data for esm@https://registry.npmjs.org/esm/-/esm-3.2.25.tgz. Extracting by manifest.
3812 silly tarball no local data for mathjax-full@https://registry.npmjs.org/mathjax-full/-/mathjax-full-3.2.1.tgz. Extracting by manifest.
3813 silly tarball no local data for @types/mathjax@https://registry.npmjs.org/@types/mathjax/-/mathjax-0.0.40.tgz. Extracting by manifest.
3814 silly tarball no local data for node-fetch@https://registry.npmjs.org/node-fetch/-/node-fetch-2.7.0.tgz. Extracting by manifest.
3815 silly tarball no local data for moo@https://registry.npmjs.org/moo/-/moo-0.5.3.tgz. Extracting by manifest.
3816 silly tarball no local data for sync-fetch@https://registry.npmjs.org/sync-fetch/-/sync-fetch-0.4.5.tgz. Extracting by manifest.
3817 silly tarball no local data for cross-fetch@https://registry.npmjs.org/cross-fetch/-/cross-fetch-4.1.0.tgz. Extracting by manifest.
3818 silly tarball no local data for fetch-ponyfill@https://registry.npmjs.org/fetch-ponyfill/-/fetch-ponyfill-7.1.0.tgz. Extracting by manifest.
3819 silly tarball no local data for whatwg-url@https://registry.npmjs.org/whatwg-url/-/whatwg-url-5.0.0.tgz. Extracting by manifest.
3820 silly tarball no local data for @citation-js/name@https://registry.npmjs.org/@citation-js/name/-/name-0.4.2.tgz. Extracting by manifest.
3821 silly tarball no local data for citeproc@https://registry.npmjs.org/citeproc/-/citeproc-2.4.63.tgz. Extracting by manifest.
3822 silly tarball no local data for @citation-js/plugin-csl@https://registry.npmjs.org/@citation-js/plugin-csl/-/plugin-csl-0.7.22.tgz. Extracting by manifest.
3823 silly tarball no local data for @citation-js/plugin-bibtex@https://registry.npmjs.org/@citation-js/plugin-bibtex/-/plugin-bibtex-0.7.21.tgz. Extracting by manifest.
3824 silly tarball no local data for @citation-js/date@https://registry.npmjs.org/@citation-js/date/-/date-0.5.1.tgz. Extracting by manifest.
3825 silly tarball no local data for @citation-js/plugin-bibjson@https://registry.npmjs.org/@citation-js/plugin-bibjson/-/plugin-bibjson-0.7.21.tgz. Extracting by manifest.
3826 silly tarball no local data for hast-util-heading-rank@https://registry.npmjs.org/hast-util-heading-rank/-/hast-util-heading-rank-3.0.0.tgz. Extracting by manifest.
3827 silly tarball no local data for js-binary-schema-parser@https://registry.npmjs.org/js-binary-schema-parser/-/js-binary-schema-parser-2.0.3.tgz. Extracting by manifest.
3828 silly tarball no local data for parse-svg-path@https://registry.npmjs.org/parse-svg-path/-/parse-svg-path-0.1.2.tgz. Extracting by manifest.
3829 silly tarball no local data for tiny-lru@https://registry.npmjs.org/tiny-lru/-/tiny-lru-11.4.7.tgz. Extracting by manifest.
3830 silly tarball no local data for @citation-js/core@https://registry.npmjs.org/@citation-js/core/-/core-0.7.21.tgz. Extracting by manifest.
3831 silly tarball no local data for ismobilejs@https://registry.npmjs.org/ismobilejs/-/ismobilejs-1.1.1.tgz. Extracting by manifest.
3832 silly tarball no local data for earcut@https://registry.npmjs.org/earcut/-/earcut-3.0.2.tgz. Extracting by manifest.
3833 silly tarball no local data for @types/earcut@https://registry.npmjs.org/@types/earcut/-/earcut-3.0.0.tgz. Extracting by manifest.
3834 silly tarball no local data for gifuct-js@https://registry.npmjs.org/gifuct-js/-/gifuct-js-2.1.2.tgz. Extracting by manifest.
3835 silly tarball no local data for eventemitter3@https://registry.npmjs.org/eventemitter3/-/eventemitter3-5.0.4.tgz. Extracting by manifest.
3836 silly tarball no local data for @pixi/colord@https://registry.npmjs.org/@pixi/colord/-/colord-2.9.6.tgz. Extracting by manifest.
3837 silly tarball no local data for @webgpu/types@https://registry.npmjs.org/@webgpu/types/-/types-0.1.69.tgz. Extracting by manifest.
3838 silly tarball no local data for entities@https://registry.npmjs.org/entities/-/entities-6.0.1.tgz. Extracting by manifest.
3839 silly tarball no local data for is-hexadecimal@https://registry.npmjs.org/is-hexadecimal/-/is-hexadecimal-2.0.1.tgz. Extracting by manifest.
3840 silly tarball no local data for is-decimal@https://registry.npmjs.org/is-decimal/-/is-decimal-2.0.1.tgz. Extracting by manifest.
3841 silly tarball no local data for is-alphabetical@https://registry.npmjs.org/is-alphabetical/-/is-alphabetical-2.0.1.tgz. Extracting by manifest.
3842 silly tarball no local data for is-alphanumerical@https://registry.npmjs.org/is-alphanumerical/-/is-alphanumerical-2.0.1.tgz. Extracting by manifest.
3843 silly tarball no local data for character-entities-legacy@https://registry.npmjs.org/character-entities-legacy/-/character-entities-legacy-3.0.0.tgz. Extracting by manifest.
3844 silly tarball no local data for balanced-match@https://registry.npmjs.org/balanced-match/-/balanced-match-4.0.4.tgz. Extracting by manifest.
3845 silly tarball no local data for @xmldom/xmldom@https://registry.npmjs.org/@xmldom/xmldom/-/xmldom-0.8.13.tgz. Extracting by manifest.
3846 silly tarball no local data for fill-range@https://registry.npmjs.org/fill-range/-/fill-range-7.1.1.tgz. Extracting by manifest.
3847 silly tarball no local data for picomatch@https://registry.npmjs.org/picomatch/-/picomatch-2.3.2.tgz. Extracting by manifest.
3848 silly tarball no local data for braces@https://registry.npmjs.org/braces/-/braces-3.0.3.tgz. Extracting by manifest.
3849 silly tarball no local data for micromark-util-html-tag-name@https://registry.npmjs.org/micromark-util-html-tag-name/-/micromark-util-html-tag-name-2.0.1.tgz. Extracting by manifest.
3850 silly tarball no local data for character-reference-invalid@https://registry.npmjs.org/character-reference-invalid/-/character-reference-invalid-2.0.1.tgz. Extracting by manifest.
3851 silly tarball no local data for micromark-factory-title@https://registry.npmjs.org/micromark-factory-title/-/micromark-factory-title-2.0.1.tgz. Extracting by manifest.
3852 silly tarball no local data for micromark-factory-label@https://registry.npmjs.org/micromark-factory-label/-/micromark-factory-label-2.0.1.tgz. Extracting by manifest.
3853 silly tarball no local data for micromark-factory-whitespace@https://registry.npmjs.org/micromark-factory-whitespace/-/micromark-factory-whitespace-2.0.1.tgz. Extracting by manifest.
3854 silly tarball no local data for micromark-factory-destination@https://registry.npmjs.org/micromark-factory-destination/-/micromark-factory-destination-2.0.1.tgz. Extracting by manifest.
3855 silly tarball no local data for @types/ms@https://registry.npmjs.org/@types/ms/-/ms-2.1.0.tgz. Extracting by manifest.
3856 silly tarball no local data for brace-expansion@https://registry.npmjs.org/brace-expansion/-/brace-expansion-5.0.5.tgz. Extracting by manifest.
3857 silly tarball no local data for micromark-util-resolve-all@https://registry.npmjs.org/micromark-util-resolve-all/-/micromark-util-resolve-all-2.0.1.tgz. Extracting by manifest.
3858 silly tarball no local data for to-regex-range@https://registry.npmjs.org/to-regex-range/-/to-regex-range-5.0.1.tgz. Extracting by manifest.
3859 silly tarball no local data for micromark-util-combine-extensions@https://registry.npmjs.org/micromark-util-combine-extensions/-/micromark-util-combine-extensions-2.0.1.tgz. Extracting by manifest.
3860 silly tarball no local data for micromark-util-subtokenize@https://registry.npmjs.org/micromark-util-subtokenize/-/micromark-util-subtokenize-2.1.0.tgz. Extracting by manifest.
3861 silly tarball no local data for micromark-util-encode@https://registry.npmjs.org/micromark-util-encode/-/micromark-util-encode-2.0.1.tgz. Extracting by manifest.
3862 silly tarball no local data for micromark-factory-space@https://registry.npmjs.org/micromark-factory-space/-/micromark-factory-space-2.0.1.tgz. Extracting by manifest.
3863 silly tarball no local data for micromark-util-character@https://registry.npmjs.org/micromark-util-character/-/micromark-util-character-2.1.1.tgz. Extracting by manifest.
3864 silly tarball no local data for micromark-core-commonmark@https://registry.npmjs.org/micromark-core-commonmark/-/micromark-core-commonmark-2.0.3.tgz. Extracting by manifest.
3865 silly tarball no local data for mdast-util-phrasing@https://registry.npmjs.org/mdast-util-phrasing/-/mdast-util-phrasing-4.1.0.tgz. Extracting by manifest.
3866 silly tarball no local data for micromark-util-classify-character@https://registry.npmjs.org/micromark-util-classify-character/-/micromark-util-classify-character-2.0.1.tgz. Extracting by manifest.
3867 silly tarball no local data for longest-streak@https://registry.npmjs.org/longest-streak/-/longest-streak-3.1.0.tgz. Extracting by manifest.
3868 silly tarball no local data for micromark-util-chunked@https://registry.npmjs.org/micromark-util-chunked/-/micromark-util-chunked-2.0.1.tgz. Extracting by manifest.
3869 silly tarball no local data for @ungap/structured-clone@https://registry.npmjs.org/@ungap/structured-clone/-/structured-clone-1.3.0.tgz. Extracting by manifest.
3870 silly tarball no local data for micromark-util-sanitize-uri@https://registry.npmjs.org/micromark-util-sanitize-uri/-/micromark-util-sanitize-uri-2.0.1.tgz. Extracting by manifest.
3871 silly tarball no local data for trim-lines@https://registry.npmjs.org/trim-lines/-/trim-lines-3.0.1.tgz. Extracting by manifest.
3872 silly tarball no local data for character-entities@https://registry.npmjs.org/character-entities/-/character-entities-2.0.2.tgz. Extracting by manifest.
3873 silly tarball no local data for @types/debug@https://registry.npmjs.org/@types/debug/-/debug-4.1.13.tgz. Extracting by manifest.
3874 silly tarball no local data for unist-util-stringify-position@https://registry.npmjs.org/unist-util-stringify-position/-/unist-util-stringify-position-4.0.0.tgz. Extracting by manifest.
3875 silly tarball no local data for micromark-util-symbol@https://registry.npmjs.org/micromark-util-symbol/-/micromark-util-symbol-2.0.1.tgz. Extracting by manifest.
3876 silly tarball no local data for micromark-util-types@https://registry.npmjs.org/micromark-util-types/-/micromark-util-types-2.0.2.tgz. Extracting by manifest.
3877 silly tarball no local data for micromark-util-normalize-identifier@https://registry.npmjs.org/micromark-util-normalize-identifier/-/micromark-util-normalize-identifier-2.0.1.tgz. Extracting by manifest.
3878 silly tarball no local data for micromark-util-decode-string@https://registry.npmjs.org/micromark-util-decode-string/-/micromark-util-decode-string-2.0.1.tgz. Extracting by manifest.
3879 silly tarball no local data for micromark-util-decode-numeric-character-reference@https://registry.npmjs.org/micromark-util-decode-numeric-character-reference/-/micromark-util-decode-numeric-character-reference-2.0.2.tgz. Extracting by manifest.
3880 silly tarball no local data for decode-named-character-reference@https://registry.npmjs.org/decode-named-character-reference/-/decode-named-character-reference-1.3.0.tgz. Extracting by manifest.
3881 silly tarball no local data for parse-entities@https://registry.npmjs.org/parse-entities/-/parse-entities-4.0.2.tgz. Extracting by manifest.
3882 silly tarball no local data for mdast-util-to-markdown@https://registry.npmjs.org/mdast-util-to-markdown/-/mdast-util-to-markdown-2.1.2.tgz. Extracting by manifest.
3883 silly tarball no local data for unist-util-is@https://registry.npmjs.org/unist-util-is/-/unist-util-is-6.0.1.tgz. Extracting by manifest.
3884 silly tarball no local data for @types/estree-jsx@https://registry.npmjs.org/@types/estree-jsx/-/estree-jsx-1.0.5.tgz. Extracting by manifest.
3885 silly tarball no local data for micromark@https://registry.npmjs.org/micromark/-/micromark-4.0.2.tgz. Extracting by manifest.
3886 silly tarball no local data for escape-string-regexp@https://registry.npmjs.org/escape-string-regexp/-/escape-string-regexp-5.0.0.tgz. Extracting by manifest.
3887 silly tarball no local data for @types/mdast@https://registry.npmjs.org/@types/mdast/-/mdast-4.0.4.tgz. Extracting by manifest.
3888 silly tarball no local data for mdast-util-from-markdown@https://registry.npmjs.org/mdast-util-from-markdown/-/mdast-util-from-markdown-2.0.3.tgz. Extracting by manifest.
3889 silly tarball no local data for argparse@https://registry.npmjs.org/argparse/-/argparse-2.0.1.tgz. Extracting by manifest.
3890 silly tarball no local data for detect-libc@https://registry.npmjs.org/detect-libc/-/detect-libc-2.1.2.tgz. Extracting by manifest.
3891 silly tarball no local data for is-extglob@https://registry.npmjs.org/is-extglob/-/is-extglob-2.1.1.tgz. Extracting by manifest.
3892 silly tarball no local data for lightningcss-darwin-arm64@https://registry.npmjs.org/lightningcss-darwin-arm64/-/lightningcss-darwin-arm64-1.32.0.tgz. Extracting by manifest.
3893 silly tarball no local data for ms@https://registry.npmjs.org/ms/-/ms-2.1.3.tgz. Extracting by manifest.
3894 silly tarball no local data for agent-base@https://registry.npmjs.org/agent-base/-/agent-base-7.1.4.tgz. Extracting by manifest.
3895 silly tarball no local data for hast-util-parse-selector@https://registry.npmjs.org/hast-util-parse-selector/-/hast-util-parse-selector-4.0.0.tgz. Extracting by manifest.
3896 silly tarball no local data for safer-buffer@https://registry.npmjs.org/safer-buffer/-/safer-buffer-2.1.2.tgz. Extracting by manifest.
3897 silly tarball no local data for unist-util-find-after@https://registry.npmjs.org/unist-util-find-after/-/unist-util-find-after-5.0.0.tgz. Extracting by manifest.
3898 silly tarball no local data for debug@https://registry.npmjs.org/debug/-/debug-4.4.3.tgz. Extracting by manifest.
3899 silly tarball no local data for unist-util-position@https://registry.npmjs.org/unist-util-position/-/unist-util-position-5.0.0.tgz. Extracting by manifest.
3900 silly tarball no local data for hast-util-is-element@https://registry.npmjs.org/hast-util-is-element/-/hast-util-is-element-3.0.0.tgz. Extracting by manifest.
3901 silly tarball no local data for mdast-util-mdx-jsx@https://registry.npmjs.org/mdast-util-mdx-jsx/-/mdast-util-mdx-jsx-3.2.0.tgz. Extracting by manifest.
3902 silly tarball no local data for style-to-js@https://registry.npmjs.org/style-to-js/-/style-to-js-1.1.21.tgz. Extracting by manifest.
3903 silly tarball no local data for mdast-util-mdxjs-esm@https://registry.npmjs.org/mdast-util-mdxjs-esm/-/mdast-util-mdxjs-esm-2.0.1.tgz. Extracting by manifest.
3904 silly tarball no local data for mdast-util-mdx-expression@https://registry.npmjs.org/mdast-util-mdx-expression/-/mdast-util-mdx-expression-2.0.1.tgz. Extracting by manifest.
3905 silly tarball no local data for stringify-entities@https://registry.npmjs.org/stringify-entities/-/stringify-entities-4.0.4.tgz. Extracting by manifest.
3906 silly tarball no local data for zwitch@https://registry.npmjs.org/zwitch/-/zwitch-2.0.4.tgz. Extracting by manifest.
3907 silly tarball no local data for space-separated-tokens@https://registry.npmjs.org/space-separated-tokens/-/space-separated-tokens-2.0.2.tgz. Extracting by manifest.
3908 silly tarball no local data for html-void-elements@https://registry.npmjs.org/html-void-elements/-/html-void-elements-3.0.0.tgz. Extracting by manifest.
3909 silly tarball no local data for estree-util-is-identifier-name@https://registry.npmjs.org/estree-util-is-identifier-name/-/estree-util-is-identifier-name-3.0.0.tgz. Extracting by manifest.
3910 silly tarball no local data for hast-util-whitespace@https://registry.npmjs.org/hast-util-whitespace/-/hast-util-whitespace-3.0.0.tgz. Extracting by manifest.
3911 silly tarball no local data for ccount@https://registry.npmjs.org/ccount/-/ccount-2.0.1.tgz. Extracting by manifest.
3912 silly tarball no local data for comma-separated-tokens@https://registry.npmjs.org/comma-separated-tokens/-/comma-separated-tokens-2.0.3.tgz. Extracting by manifest.
3913 silly tarball no local data for dequal@https://registry.npmjs.org/dequal/-/dequal-2.0.3.tgz. Extracting by manifest.
3914 silly tarball no local data for vfile-location@https://registry.npmjs.org/vfile-location/-/vfile-location-5.0.3.tgz. Extracting by manifest.
3915 silly tarball no local data for @types/estree@https://registry.npmjs.org/@types/estree/-/estree-1.0.8.tgz. Extracting by manifest.
3916 silly tarball no local data for parse5@https://registry.npmjs.org/parse5/-/parse5-7.3.0.tgz. Extracting by manifest.
3917 silly tarball no local data for vfile-message@https://registry.npmjs.org/vfile-message/-/vfile-message-4.0.3.tgz. Extracting by manifest.
3918 silly tarball no local data for property-information@https://registry.npmjs.org/property-information/-/property-information-7.1.0.tgz. Extracting by manifest.
3919 silly tarball no local data for web-namespaces@https://registry.npmjs.org/web-namespaces/-/web-namespaces-2.0.1.tgz. Extracting by manifest.
3920 silly tarball no local data for hast-util-from-parse5@https://registry.npmjs.org/hast-util-from-parse5/-/hast-util-from-parse5-8.0.3.tgz. Extracting by manifest.
3921 silly tarball no local data for unist-util-remove-position@https://registry.npmjs.org/unist-util-remove-position/-/unist-util-remove-position-5.0.0.tgz. Extracting by manifest.
3922 silly tarball no local data for hastscript@https://registry.npmjs.org/hastscript/-/hastscript-9.0.1.tgz. Extracting by manifest.
3923 silly tarball no local data for devlop@https://registry.npmjs.org/devlop/-/devlop-1.1.0.tgz. Extracting by manifest.
3924 silly tarball no local data for hast-util-from-html@https://registry.npmjs.org/hast-util-from-html/-/hast-util-from-html-2.0.3.tgz. Extracting by manifest.
3925 silly tarball no local data for hast-util-from-dom@https://registry.npmjs.org/hast-util-from-dom/-/hast-util-from-dom-5.0.1.tgz. Extracting by manifest.
3926 silly tarball no local data for section-matter@https://registry.npmjs.org/section-matter/-/section-matter-1.0.0.tgz. Extracting by manifest.
3927 silly tarball no local data for is-glob@https://registry.npmjs.org/is-glob/-/is-glob-4.0.3.tgz. Extracting by manifest.
3928 silly tarball no local data for kind-of@https://registry.npmjs.org/kind-of/-/kind-of-6.0.3.tgz. Extracting by manifest.
3929 silly tarball no local data for reusify@https://registry.npmjs.org/reusify/-/reusify-1.1.0.tgz. Extracting by manifest.
3930 silly tarball no local data for run-parallel@https://registry.npmjs.org/run-parallel/-/run-parallel-1.2.0.tgz. Extracting by manifest.
3931 silly tarball no local data for micromatch@https://registry.npmjs.org/micromatch/-/micromatch-4.0.8.tgz. Extracting by manifest.
3932 silly tarball no local data for strip-bom-string@https://registry.npmjs.org/strip-bom-string/-/strip-bom-string-1.0.0.tgz. Extracting by manifest.
3933 silly tarball no local data for fastq@https://registry.npmjs.org/fastq/-/fastq-1.20.1.tgz. Extracting by manifest.
3934 silly tarball no local data for @nodelib/fs.scandir@https://registry.npmjs.org/@nodelib/fs.scandir/-/fs.scandir-2.1.5.tgz. Extracting by manifest.
3935 silly tarball no local data for @nodelib/fs.walk@https://registry.npmjs.org/@nodelib/fs.walk/-/fs.walk-1.2.8.tgz. Extracting by manifest.
3936 silly tarball no local data for unicorn-magic@https://registry.npmjs.org/unicorn-magic/-/unicorn-magic-0.4.0.tgz. Extracting by manifest.
3937 silly tarball no local data for slash@https://registry.npmjs.org/slash/-/slash-5.1.0.tgz. Extracting by manifest.
3938 silly tarball no local data for merge2@https://registry.npmjs.org/merge2/-/merge2-1.4.1.tgz. Extracting by manifest.
3939 silly tarball no local data for @nodelib/fs.stat@https://registry.npmjs.org/@nodelib/fs.stat/-/fs.stat-2.0.5.tgz. Extracting by manifest.
3940 silly tarball no local data for is-path-inside@https://registry.npmjs.org/is-path-inside/-/is-path-inside-4.0.0.tgz. Extracting by manifest.
3941 silly tarball no local data for ignore@https://registry.npmjs.org/ignore/-/ignore-7.0.5.tgz. Extracting by manifest.
3942 silly tarball no local data for @sindresorhus/merge-streams@https://registry.npmjs.org/@sindresorhus/merge-streams/-/merge-streams-4.0.0.tgz. Extracting by manifest.
3943 silly tarball no local data for glob-parent@https://registry.npmjs.org/glob-parent/-/glob-parent-5.1.2.tgz. Extracting by manifest.
3944 silly tarball no local data for fast-glob@https://registry.npmjs.org/fast-glob/-/fast-glob-3.3.3.tgz. Extracting by manifest.
3945 silly tarball no local data for resolve@https://registry.npmjs.org/resolve/-/resolve-1.22.12.tgz. Extracting by manifest.
3946 silly tarball no local data for @esbuild/darwin-arm64@https://registry.npmjs.org/@esbuild/darwin-arm64/-/darwin-arm64-0.27.7.tgz. Extracting by manifest.
3947 silly tarball no local data for rw@https://registry.npmjs.org/rw/-/rw-1.3.3.tgz. Extracting by manifest.
3948 silly tarball no local data for robust-predicates@https://registry.npmjs.org/robust-predicates/-/robust-predicates-3.0.3.tgz. Extracting by manifest.
3949 silly tarball no local data for iconv-lite@https://registry.npmjs.org/iconv-lite/-/iconv-lite-0.6.3.tgz. Extracting by manifest.
3950 silly tarball no local data for commander@https://registry.npmjs.org/commander/-/commander-7.2.0.tgz. Extracting by manifest.
3951 silly tarball no local data for delaunator@https://registry.npmjs.org/delaunator/-/delaunator-5.1.0.tgz. Extracting by manifest.
3952 silly tarball no local data for internmap@https://registry.npmjs.org/internmap/-/internmap-2.0.3.tgz. Extracting by manifest.
3953 silly tarball no local data for d3-transition@https://registry.npmjs.org/d3-transition/-/d3-transition-3.0.1.tgz. Extracting by manifest.
3954 silly tarball no local data for d3-timer@https://registry.npmjs.org/d3-timer/-/d3-timer-3.0.1.tgz. Extracting by manifest.
3955 silly tarball no local data for d3-time@https://registry.npmjs.org/d3-time/-/d3-time-3.1.0.tgz. Extracting by manifest.
3956 silly tarball no local data for sass@https://registry.npmjs.org/sass/-/sass-1.99.0.tgz. Extracting by manifest.
3957 silly tarball no local data for d3-time-format@https://registry.npmjs.org/d3-time-format/-/d3-time-format-4.1.0.tgz. Extracting by manifest.
3958 silly tarball no local data for d3-scale-chromatic@https://registry.npmjs.org/d3-scale-chromatic/-/d3-scale-chromatic-3.1.0.tgz. Extracting by manifest.
3959 silly tarball no local data for d3-selection@https://registry.npmjs.org/d3-selection/-/d3-selection-3.0.0.tgz. Extracting by manifest.
3960 silly tarball no local data for d3-scale@https://registry.npmjs.org/d3-scale/-/d3-scale-4.0.2.tgz. Extracting by manifest.
3961 silly tarball no local data for d3-zoom@https://registry.npmjs.org/d3-zoom/-/d3-zoom-3.0.0.tgz. Extracting by manifest.
3962 silly tarball no local data for d3-shape@https://registry.npmjs.org/d3-shape/-/d3-shape-3.2.0.tgz. Extracting by manifest.
3963 silly tarball no local data for d3-random@https://registry.npmjs.org/d3-random/-/d3-random-3.0.1.tgz. Extracting by manifest.
3964 silly tarball no local data for d3-quadtree@https://registry.npmjs.org/d3-quadtree/-/d3-quadtree-3.0.1.tgz. Extracting by manifest.
3965 silly tarball no local data for d3-path@https://registry.npmjs.org/d3-path/-/d3-path-3.1.0.tgz. Extracting by manifest.
3966 silly tarball no local data for d3-interpolate@https://registry.npmjs.org/d3-interpolate/-/d3-interpolate-3.0.1.tgz. Extracting by manifest.
3967 silly tarball no local data for d3-geo@https://registry.npmjs.org/d3-geo/-/d3-geo-3.1.1.tgz. Extracting by manifest.
3968 silly tarball no local data for d3-hierarchy@https://registry.npmjs.org/d3-hierarchy/-/d3-hierarchy-3.1.2.tgz. Extracting by manifest.
3969 silly tarball no local data for d3-format@https://registry.npmjs.org/d3-format/-/d3-format-3.1.2.tgz. Extracting by manifest.
3970 silly tarball no local data for d3-polygon@https://registry.npmjs.org/d3-polygon/-/d3-polygon-3.0.1.tgz. Extracting by manifest.
3971 silly tarball no local data for d3-force@https://registry.npmjs.org/d3-force/-/d3-force-3.0.0.tgz. Extracting by manifest.
3972 silly tarball no local data for d3-ease@https://registry.npmjs.org/d3-ease/-/d3-ease-3.0.1.tgz. Extracting by manifest.
3973 silly tarball no local data for d3-fetch@https://registry.npmjs.org/d3-fetch/-/d3-fetch-3.0.1.tgz. Extracting by manifest.
3974 silly tarball no local data for d3-dsv@https://registry.npmjs.org/d3-dsv/-/d3-dsv-3.0.1.tgz. Extracting by manifest.
3975 silly tarball no local data for d3-drag@https://registry.npmjs.org/d3-drag/-/d3-drag-3.0.0.tgz. Extracting by manifest.
3976 silly tarball no local data for d3-contour@https://registry.npmjs.org/d3-contour/-/d3-contour-4.0.2.tgz. Extracting by manifest.
3977 silly tarball no local data for d3-chord@https://registry.npmjs.org/d3-chord/-/d3-chord-3.0.1.tgz. Extracting by manifest.
3978 silly tarball no local data for d3-color@https://registry.npmjs.org/d3-color/-/d3-color-3.1.0.tgz. Extracting by manifest.
3979 silly tarball no local data for d3-array@https://registry.npmjs.org/d3-array/-/d3-array-3.2.4.tgz. Extracting by manifest.
3980 silly tarball no local data for d3-brush@https://registry.npmjs.org/d3-brush/-/d3-brush-3.0.0.tgz. Extracting by manifest.
3981 silly tarball no local data for d3-delaunay@https://registry.npmjs.org/d3-delaunay/-/d3-delaunay-6.0.4.tgz. Extracting by manifest.
3982 silly tarball no local data for tslib@https://registry.npmjs.org/tslib/-/tslib-2.8.1.tgz. Extracting by manifest.
3983 silly tarball no local data for d3-axis@https://registry.npmjs.org/d3-axis/-/d3-axis-3.0.0.tgz. Extracting by manifest.
3984 silly tarball no local data for d3-dispatch@https://registry.npmjs.org/d3-dispatch/-/d3-dispatch-3.0.1.tgz. Extracting by manifest.
3985 silly tarball no local data for fast-string-truncated-width@https://registry.npmjs.org/fast-string-truncated-width/-/fast-string-truncated-width-3.0.3.tgz. Extracting by manifest.
3986 silly tarball no local data for readdirp@https://registry.npmjs.org/readdirp/-/readdirp-5.0.0.tgz. Extracting by manifest.
3987 silly tarball no local data for source-map@https://registry.npmjs.org/source-map/-/source-map-0.6.1.tgz. Extracting by manifest.
3988 silly tarball no local data for @types/yargs-parser@https://registry.npmjs.org/@types/yargs-parser/-/yargs-parser-21.0.3.tgz. Extracting by manifest.
3989 silly tarball no local data for @types/unist@https://registry.npmjs.org/@types/unist/-/unist-3.0.3.tgz. Extracting by manifest.
3990 silly tarball no local data for undici-types@https://registry.npmjs.org/undici-types/-/undici-types-7.19.2.tgz. Extracting by manifest.
3991 silly tarball no local data for @types/d3-transition@https://registry.npmjs.org/@types/d3-transition/-/d3-transition-3.0.9.tgz. Extracting by manifest.
3992 silly tarball no local data for @types/d3-zoom@https://registry.npmjs.org/@types/d3-zoom/-/d3-zoom-3.0.8.tgz. Extracting by manifest.
3993 silly tarball no local data for @types/d3-time-format@https://registry.npmjs.org/@types/d3-time-format/-/d3-time-format-4.0.3.tgz. Extracting by manifest.
3994 silly tarball no local data for @types/d3-time@https://registry.npmjs.org/@types/d3-time/-/d3-time-3.0.4.tgz. Extracting by manifest.
3995 silly tarball no local data for @types/d3-shape@https://registry.npmjs.org/@types/d3-shape/-/d3-shape-3.1.8.tgz. Extracting by manifest.
3996 silly tarball no local data for @types/geojson@https://registry.npmjs.org/@types/geojson/-/geojson-7946.0.16.tgz. Extracting by manifest.
3997 silly tarball no local data for @types/d3-timer@https://registry.npmjs.org/@types/d3-timer/-/d3-timer-3.0.2.tgz. Extracting by manifest.
3998 silly tarball no local data for @types/d3-scale@https://registry.npmjs.org/@types/d3-scale/-/d3-scale-4.0.9.tgz. Extracting by manifest.
3999 silly tarball no local data for @types/d3-selection@https://registry.npmjs.org/@types/d3-selection/-/d3-selection-3.0.11.tgz. Extracting by manifest.
4000 silly tarball no local data for @types/d3-scale-chromatic@https://registry.npmjs.org/@types/d3-scale-chromatic/-/d3-scale-chromatic-3.1.0.tgz. Extracting by manifest.
4001 silly tarball no local data for @types/d3-random@https://registry.npmjs.org/@types/d3-random/-/d3-random-3.0.3.tgz. Extracting by manifest.
4002 silly tarball no local data for @types/d3-polygon@https://registry.npmjs.org/@types/d3-polygon/-/d3-polygon-3.0.2.tgz. Extracting by manifest.
4003 silly tarball no local data for @types/d3-path@https://registry.npmjs.org/@types/d3-path/-/d3-path-3.1.1.tgz. Extracting by manifest.
4004 silly tarball no local data for @types/d3-format@https://registry.npmjs.org/@types/d3-format/-/d3-format-3.0.4.tgz. Extracting by manifest.
4005 silly tarball no local data for @types/d3-interpolate@https://registry.npmjs.org/@types/d3-interpolate/-/d3-interpolate-3.0.4.tgz. Extracting by manifest.
4006 silly tarball no local data for @types/d3-geo@https://registry.npmjs.org/@types/d3-geo/-/d3-geo-3.1.0.tgz. Extracting by manifest.
4007 silly tarball no local data for @types/d3-quadtree@https://registry.npmjs.org/@types/d3-quadtree/-/d3-quadtree-3.0.6.tgz. Extracting by manifest.
4008 silly tarball no local data for @types/d3-force@https://registry.npmjs.org/@types/d3-force/-/d3-force-3.0.10.tgz. Extracting by manifest.
4009 silly tarball no local data for @types/d3-hierarchy@https://registry.npmjs.org/@types/d3-hierarchy/-/d3-hierarchy-3.1.7.tgz. Extracting by manifest.
4010 silly tarball no local data for @types/d3-drag@https://registry.npmjs.org/@types/d3-drag/-/d3-drag-3.0.7.tgz. Extracting by manifest.
4011 silly tarball no local data for @types/d3-fetch@https://registry.npmjs.org/@types/d3-fetch/-/d3-fetch-3.0.7.tgz. Extracting by manifest.
4012 silly tarball no local data for @types/d3-ease@https://registry.npmjs.org/@types/d3-ease/-/d3-ease-3.0.2.tgz. Extracting by manifest.
4013 silly tarball no local data for @types/d3-dsv@https://registry.npmjs.org/@types/d3-dsv/-/d3-dsv-3.0.7.tgz. Extracting by manifest.
4014 silly tarball no local data for @types/d3-delaunay@https://registry.npmjs.org/@types/d3-delaunay/-/d3-delaunay-6.0.4.tgz. Extracting by manifest.
4015 silly tarball no local data for @types/d3-dispatch@https://registry.npmjs.org/@types/d3-dispatch/-/d3-dispatch-3.0.7.tgz. Extracting by manifest.
4016 silly tarball no local data for @types/d3-contour@https://registry.npmjs.org/@types/d3-contour/-/d3-contour-3.0.6.tgz. Extracting by manifest.
4017 silly tarball no local data for @types/d3-color@https://registry.npmjs.org/@types/d3-color/-/d3-color-3.1.3.tgz. Extracting by manifest.
4018 silly tarball no local data for @types/d3-brush@https://registry.npmjs.org/@types/d3-brush/-/d3-brush-3.0.6.tgz. Extracting by manifest.
4019 silly tarball no local data for @types/d3-array@https://registry.npmjs.org/@types/d3-array/-/d3-array-3.2.2.tgz. Extracting by manifest.
4020 silly tarball no local data for @types/d3-chord@https://registry.npmjs.org/@types/d3-chord/-/d3-chord-3.0.6.tgz. Extracting by manifest.
4021 silly tarball no local data for @types/d3-axis@https://registry.npmjs.org/@types/d3-axis/-/d3-axis-3.0.6.tgz. Extracting by manifest.
4022 silly tarball no local data for @napi-rs/simple-git-darwin-arm64@https://registry.npmjs.org/@napi-rs/simple-git-darwin-arm64/-/simple-git-darwin-arm64-0.1.22.tgz. Extracting by manifest.
4023 silly tarball no local data for @myriaddreamin/typst-ts-node-compiler-darwin-arm64@https://registry.npmjs.org/@myriaddreamin/typst-ts-node-compiler-darwin-arm64/-/typst-ts-node-compiler-darwin-arm64-0.6.0.tgz. Extracting by manifest.
4024 silly tarball no local data for unist-util-visit-parents@https://registry.npmjs.org/unist-util-visit-parents/-/unist-util-visit-parents-6.0.2.tgz. Extracting by manifest.
4025 silly tarball no local data for hast-util-to-text@https://registry.npmjs.org/hast-util-to-text/-/hast-util-to-text-4.0.2.tgz. Extracting by manifest.
4026 silly tarball no local data for https-proxy-agent@https://registry.npmjs.org/https-proxy-agent/-/https-proxy-agent-7.0.6.tgz. Extracting by manifest.
4027 silly tarball no local data for hast-util-from-html-isomorphic@https://registry.npmjs.org/hast-util-from-html-isomorphic/-/hast-util-from-html-isomorphic-2.0.0.tgz. Extracting by manifest.
4028 silly tarball no local data for @types/katex@https://registry.npmjs.org/@types/katex/-/katex-0.16.8.tgz. Extracting by manifest.
4029 silly tarball no local data for @myriaddreamin/typst-ts-node-compiler@https://registry.npmjs.org/@myriaddreamin/typst-ts-node-compiler/-/typst-ts-node-compiler-0.6.0.tgz. Extracting by manifest.
4030 silly tarball no local data for @floating-ui/core@https://registry.npmjs.org/@floating-ui/core/-/core-1.7.5.tgz. Extracting by manifest.
4031 silly tarball no local data for @floating-ui/utils@https://registry.npmjs.org/@floating-ui/utils/-/utils-0.2.11.tgz. Extracting by manifest.
4032 silly tarball no local data for @clack/core@https://registry.npmjs.org/@clack/core/-/core-0.5.0.tgz. Extracting by manifest.
4033 silly tarball no local data for sisteransi@https://registry.npmjs.org/sisteransi/-/sisteransi-1.0.5.tgz. Extracting by manifest.
4034 silly tarball no local data for yargs@https://registry.npmjs.org/yargs/-/yargs-18.0.0.tgz. Extracting by manifest.
4035 silly tarball no local data for picocolors@https://registry.npmjs.org/picocolors/-/picocolors-1.1.1.tgz. Extracting by manifest.
4036 silly tarball no local data for ws@https://registry.npmjs.org/ws/-/ws-8.20.0.tgz. Extracting by manifest.
4037 silly tarball no local data for workerpool@https://registry.npmjs.org/workerpool/-/workerpool-10.0.2.tgz. Extracting by manifest.
4038 silly tarball no local data for unified@https://registry.npmjs.org/unified/-/unified-11.0.5.tgz. Extracting by manifest.
4039 silly tarball no local data for vfile@https://registry.npmjs.org/vfile/-/vfile-6.0.3.tgz. Extracting by manifest.
4040 silly tarball no local data for typescript@https://registry.npmjs.org/typescript/-/typescript-5.9.3.tgz. Extracting by manifest.
4041 silly tarball no local data for tsx@https://registry.npmjs.org/tsx/-/tsx-4.21.0.tgz. Extracting by manifest.
4042 silly tarball no local data for unist-util-visit@https://registry.npmjs.org/unist-util-visit/-/unist-util-visit-5.1.0.tgz. Extracting by manifest.
4043 silly tarball no local data for toml@https://registry.npmjs.org/toml/-/toml-3.0.0.tgz. Extracting by manifest.
4044 silly tarball no local data for to-vfile@https://registry.npmjs.org/to-vfile/-/to-vfile-8.0.0.tgz. Extracting by manifest.
4045 silly tarball no local data for sharp@https://registry.npmjs.org/sharp/-/sharp-0.34.5.tgz. Extracting by manifest.
4046 silly tarball no local data for serve-handler@https://registry.npmjs.org/serve-handler/-/serve-handler-6.1.7.tgz. Extracting by manifest.
4047 silly tarball no local data for remark-smartypants@https://registry.npmjs.org/remark-smartypants/-/remark-smartypants-3.0.2.tgz. Extracting by manifest.
4048 silly tarball no local data for source-map-support@https://registry.npmjs.org/source-map-support/-/source-map-support-0.5.21.tgz. Extracting by manifest.
4049 silly tarball no local data for rfdc@https://registry.npmjs.org/rfdc/-/rfdc-1.4.1.tgz. Extracting by manifest.
4050 silly tarball no local data for remark-parse@https://registry.npmjs.org/remark-parse/-/remark-parse-11.0.0.tgz. Extracting by manifest.
4051 silly tarball no local data for remark-math@https://registry.npmjs.org/remark-math/-/remark-math-6.0.0.tgz. Extracting by manifest.
4052 silly tarball no local data for remark-rehype@https://registry.npmjs.org/remark-rehype/-/remark-rehype-11.1.2.tgz. Extracting by manifest.
4053 silly tarball no local data for satori@https://registry.npmjs.org/satori/-/satori-0.19.3.tgz. Extracting by manifest.
4054 silly tarball no local data for remark-frontmatter@https://registry.npmjs.org/remark-frontmatter/-/remark-frontmatter-5.0.0.tgz. Extracting by manifest.
4055 silly tarball no local data for remark-gfm@https://registry.npmjs.org/remark-gfm/-/remark-gfm-4.0.1.tgz. Extracting by manifest.
4056 silly tarball no local data for rehype-raw@https://registry.npmjs.org/rehype-raw/-/rehype-raw-7.0.0.tgz. Extracting by manifest.
4057 silly tarball no local data for remark@https://registry.npmjs.org/remark/-/remark-15.0.1.tgz. Extracting by manifest.
4058 silly tarball no local data for remark-breaks@https://registry.npmjs.org/remark-breaks/-/remark-breaks-4.0.0.tgz. Extracting by manifest.
4059 silly tarball no local data for rehype-slug@https://registry.npmjs.org/rehype-slug/-/rehype-slug-6.0.0.tgz. Extracting by manifest.
4060 silly tarball no local data for shiki@https://registry.npmjs.org/shiki/-/shiki-1.29.2.tgz. Extracting by manifest.
4061 silly tarball no local data for rehype-katex@https://registry.npmjs.org/rehype-katex/-/rehype-katex-7.0.1.tgz. Extracting by manifest.
4062 silly tarball no local data for rehype-mathjax@https://registry.npmjs.org/rehype-mathjax/-/rehype-mathjax-7.1.0.tgz. Extracting by manifest.
4063 silly tarball no local data for rehype-citation@https://registry.npmjs.org/rehype-citation/-/rehype-citation-2.3.2.tgz. Extracting by manifest.
4064 silly tarball no local data for rehype-pretty-code@https://registry.npmjs.org/rehype-pretty-code/-/rehype-pretty-code-0.14.3.tgz. Extracting by manifest.
4065 silly tarball no local data for reading-time@https://registry.npmjs.org/reading-time/-/reading-time-1.5.0.tgz. Extracting by manifest.
4066 silly tarball no local data for rehype-autolink-headings@https://registry.npmjs.org/rehype-autolink-headings/-/rehype-autolink-headings-7.1.0.tgz. Extracting by manifest.
4067 silly tarball no local data for pretty-time@https://registry.npmjs.org/pretty-time/-/pretty-time-1.1.0.tgz. Extracting by manifest.
4068 silly tarball no local data for pretty-bytes@https://registry.npmjs.org/pretty-bytes/-/pretty-bytes-7.1.0.tgz. Extracting by manifest.
4069 silly tarball no local data for prettier@https://registry.npmjs.org/prettier/-/prettier-3.8.3.tgz. Extracting by manifest.
4070 silly tarball no local data for preact@https://registry.npmjs.org/preact/-/preact-10.29.1.tgz. Extracting by manifest.
4071 silly tarball no local data for pixi.js@https://registry.npmjs.org/pixi.js/-/pixi.js-8.18.1.tgz. Extracting by manifest.
4072 silly tarball no local data for preact-render-to-string@https://registry.npmjs.org/preact-render-to-string/-/preact-render-to-string-6.6.7.tgz. Extracting by manifest.
4073 silly tarball no local data for mdast-util-find-and-replace@https://registry.npmjs.org/mdast-util-find-and-replace/-/mdast-util-find-and-replace-3.0.2.tgz. Extracting by manifest.
4074 silly tarball no local data for minimatch@https://registry.npmjs.org/minimatch/-/minimatch-10.2.5.tgz. Extracting by manifest.
4075 silly tarball no local data for mdast-util-to-string@https://registry.npmjs.org/mdast-util-to-string/-/mdast-util-to-string-4.0.0.tgz. Extracting by manifest.
4076 silly tarball no local data for micromorph@https://registry.npmjs.org/micromorph/-/micromorph-0.4.5.tgz. Extracting by manifest.
4077 silly tarball no local data for mdast-util-to-hast@https://registry.npmjs.org/mdast-util-to-hast/-/mdast-util-to-hast-13.2.1.tgz. Extracting by manifest.
4078 silly tarball no local data for lightningcss@https://registry.npmjs.org/lightningcss/-/lightningcss-1.32.0.tgz. Extracting by manifest.
4079 silly tarball no local data for hast-util-to-jsx-runtime@https://registry.npmjs.org/hast-util-to-jsx-runtime/-/hast-util-to-jsx-runtime-2.3.6.tgz. Extracting by manifest.
4080 silly tarball no local data for hast-util-to-string@https://registry.npmjs.org/hast-util-to-string/-/hast-util-to-string-3.0.1.tgz. Extracting by manifest.
4081 silly tarball no local data for is-absolute-url@https://registry.npmjs.org/is-absolute-url/-/is-absolute-url-5.0.0.tgz. Extracting by manifest.
4082 silly tarball no local data for js-yaml@https://registry.npmjs.org/js-yaml/-/js-yaml-4.1.1.tgz. Extracting by manifest.
4083 silly tarball no local data for hast-util-to-html@https://registry.npmjs.org/hast-util-to-html/-/hast-util-to-html-9.0.5.tgz. Extracting by manifest.
4084 silly tarball no local data for gray-matter@https://registry.npmjs.org/gray-matter/-/gray-matter-4.0.3.tgz. Extracting by manifest.
4085 silly tarball no local data for globby@https://registry.npmjs.org/globby/-/globby-16.2.0.tgz. Extracting by manifest.
4086 silly tarball no local data for github-slugger@https://registry.npmjs.org/github-slugger/-/github-slugger-2.0.0.tgz. Extracting by manifest.
4087 silly tarball no local data for sass-embedded@https://registry.npmjs.org/sass-embedded/-/sass-embedded-1.99.0.tgz. Extracting by manifest.
4088 silly tarball no local data for d3@https://registry.npmjs.org/d3/-/d3-7.9.0.tgz. Extracting by manifest.
4089 silly tarball no local data for esbuild@https://registry.npmjs.org/esbuild/-/esbuild-0.27.7.tgz. Extracting by manifest.
4090 silly tarball no local data for flexsearch@https://registry.npmjs.org/flexsearch/-/flexsearch-0.8.212.tgz. Extracting by manifest.
4091 silly tarball no local data for async-mutex@https://registry.npmjs.org/async-mutex/-/async-mutex-0.5.0.tgz. Extracting by manifest.
4092 silly tarball no local data for chokidar@https://registry.npmjs.org/chokidar/-/chokidar-5.0.0.tgz. Extracting by manifest.
4093 silly tarball no local data for @types/yargs@https://registry.npmjs.org/@types/yargs/-/yargs-17.0.35.tgz. Extracting by manifest.
4094 silly tarball no local data for @types/source-map-support@https://registry.npmjs.org/@types/source-map-support/-/source-map-support-0.5.10.tgz. Extracting by manifest.
4095 silly tarball no local data for ansi-truncate@https://registry.npmjs.org/ansi-truncate/-/ansi-truncate-1.4.0.tgz. Extracting by manifest.
4096 silly tarball no local data for @types/ws@https://registry.npmjs.org/@types/ws/-/ws-8.18.1.tgz. Extracting by manifest.
4097 silly tarball no local data for @types/node@https://registry.npmjs.org/@types/node/-/node-25.6.0.tgz. Extracting by manifest.
4098 silly tarball no local data for cli-spinner@https://registry.npmjs.org/cli-spinner/-/cli-spinner-0.2.10.tgz. Extracting by manifest.
4099 silly tarball no local data for @types/pretty-time@https://registry.npmjs.org/@types/pretty-time/-/pretty-time-1.1.5.tgz. Extracting by manifest.
4100 silly tarball no local data for @types/d3@https://registry.npmjs.org/@types/d3/-/d3-7.4.3.tgz. Extracting by manifest.
4101 silly tarball no local data for esbuild-sass-plugin@https://registry.npmjs.org/esbuild-sass-plugin/-/esbuild-sass-plugin-3.7.0.tgz. Extracting by manifest.
4102 silly tarball no local data for @types/hast@https://registry.npmjs.org/@types/hast/-/hast-3.0.4.tgz. Extracting by manifest.
4103 silly tarball no local data for @tweenjs/tween.js@https://registry.npmjs.org/@tweenjs/tween.js/-/tween.js-25.0.0.tgz. Extracting by manifest.
4104 silly tarball no local data for @types/js-yaml@https://registry.npmjs.org/@types/js-yaml/-/js-yaml-4.0.9.tgz. Extracting by manifest.
4105 silly tarball no local data for @myriaddreamin/rehype-typst@https://registry.npmjs.org/@myriaddreamin/rehype-typst/-/rehype-typst-0.6.0.tgz. Extracting by manifest.
4106 silly tarball no local data for @napi-rs/simple-git@https://registry.npmjs.org/@napi-rs/simple-git/-/simple-git-0.1.22.tgz. Extracting by manifest.
4107 silly tarball no local data for @clack/prompts@https://registry.npmjs.org/@clack/prompts/-/prompts-0.11.0.tgz. Extracting by manifest.
4108 silly tarball no local data for base64-js@https://registry.npmjs.org/base64-js/-/base64-js-1.5.1.tgz. Extracting by manifest.
4109 silly tarball no local data for emoji-regex-xs@https://registry.npmjs.org/emoji-regex-xs/-/emoji-regex-xs-1.0.0.tgz. Extracting by manifest.
4110 silly tarball no local data for @floating-ui/dom@https://registry.npmjs.org/@floating-ui/dom/-/dom-1.7.6.tgz. Extracting by manifest.
4111 silly tarball no local data for commander@https://registry.npmjs.org/commander/-/commander-13.1.0.tgz. Extracting by manifest.
4112 silly tarball no local data for commander@https://registry.npmjs.org/commander/-/commander-8.3.0.tgz. Extracting by manifest.
4113 silly tarball no local data for node-fetch@https://registry.npmjs.org/node-fetch/-/node-fetch-2.6.13.tgz. Extracting by manifest.
4114 silly tarball no local data for readdirp@https://registry.npmjs.org/readdirp/-/readdirp-4.1.2.tgz. Extracting by manifest.
4115 silly tarball no local data for chokidar@https://registry.npmjs.org/chokidar/-/chokidar-4.0.3.tgz. Extracting by manifest.
4116 silly tarball no local data for picomatch@https://registry.npmjs.org/picomatch/-/picomatch-4.0.4.tgz. Extracting by manifest.
4117 silly tarball no local data for @xmldom/xmldom@https://registry.npmjs.org/@xmldom/xmldom/-/xmldom-0.9.10.tgz. Extracting by manifest.
4118 silly tarball no local data for balanced-match@https://registry.npmjs.org/balanced-match/-/balanced-match-1.0.2.tgz. Extracting by manifest.
4119 silly tarball no local data for @types/unist@https://registry.npmjs.org/@types/unist/-/unist-2.0.11.tgz. Extracting by manifest.
4120 silly tarball no local data for entities@https://registry.npmjs.org/entities/-/entities-8.0.0.tgz. Extracting by manifest.
4121 silly tarball no local data for minimatch@https://registry.npmjs.org/minimatch/-/minimatch-3.1.5.tgz. Extracting by manifest.
4122 silly tarball no local data for parse5@https://registry.npmjs.org/parse5/-/parse5-8.0.1.tgz. Extracting by manifest.
4123 silly tarball no local data for brace-expansion@https://registry.npmjs.org/brace-expansion/-/brace-expansion-1.1.14.tgz. Extracting by manifest.
4124 silly tarball no local data for argparse@https://registry.npmjs.org/argparse/-/argparse-1.0.10.tgz. Extracting by manifest.
4125 silly tarball no local data for js-yaml@https://registry.npmjs.org/js-yaml/-/js-yaml-3.14.2.tgz. Extracting by manifest.
4126 http fetch GET 200 https://registry.npmjs.org/sprintf-js/-/sprintf-js-1.0.3.tgz 129ms (cache miss)
4127 http fetch GET 200 https://registry.npmjs.org/concat-map/-/concat-map-0.0.1.tgz 130ms (cache miss)
4128 http fetch GET 200 https://registry.npmjs.org/emoji-regex/-/emoji-regex-10.6.0.tgz 129ms (cache miss)
4129 http fetch GET 200 https://registry.npmjs.org/ansi-regex/-/ansi-regex-6.2.2.tgz 130ms (cache miss)
4130 http fetch GET 200 https://registry.npmjs.org/get-east-asian-width/-/get-east-asian-width-1.5.0.tgz 130ms (cache miss)
4131 http fetch GET 200 https://registry.npmjs.org/strip-ansi/-/strip-ansi-7.2.0.tgz 130ms (cache miss)
4132 http fetch GET 200 https://registry.npmjs.org/ansi-styles/-/ansi-styles-6.2.3.tgz 130ms (cache miss)
4133 http fetch GET 200 https://registry.npmjs.org/wrap-ansi/-/wrap-ansi-9.0.2.tgz 130ms (cache miss)
4134 http fetch GET 200 https://registry.npmjs.org/yargs-parser/-/yargs-parser-22.0.0.tgz 130ms (cache miss)
4135 http fetch GET 200 https://registry.npmjs.org/cliui/-/cliui-9.0.1.tgz 144ms (cache miss)
4136 http fetch GET 200 https://registry.npmjs.org/webidl-conversions/-/webidl-conversions-3.0.1.tgz 233ms (cache miss)
4137 http fetch GET 200 https://registry.npmjs.org/array-iterate/-/array-iterate-2.0.1.tgz 233ms (cache miss)
4138 http fetch GET 200 https://registry.npmjs.org/trough/-/trough-2.2.0.tgz 233ms (cache miss)
4139 http fetch GET 200 https://registry.npmjs.org/bail/-/bail-2.0.2.tgz 233ms (cache miss)
4140 http fetch GET 200 https://registry.npmjs.org/is-plain-obj/-/is-plain-obj-4.1.0.tgz 233ms (cache miss)
4141 http fetch GET 200 https://registry.npmjs.org/extend/-/extend-3.0.2.tgz 234ms (cache miss)
4142 http fetch GET 200 https://registry.npmjs.org/tr46/-/tr46-0.0.3.tgz 235ms (cache miss)
4143 http fetch GET 200 https://registry.npmjs.org/esprima/-/esprima-4.0.1.tgz 236ms (cache miss)
4144 http fetch POST 200 https://registry.npmjs.org/-/npm/v1/security/advisories/bulk 289ms
4145 silly audit report {}
4146 http fetch GET 200 https://registry.npmjs.org/pako/-/pako-0.2.9.tgz 250ms (cache miss)
4147 http fetch GET 200 https://registry.npmjs.org/y18n/-/y18n-5.0.8.tgz 305ms (cache miss)
4148 http fetch GET 200 https://registry.npmjs.org/escalade/-/escalade-3.2.0.tgz 306ms (cache miss)
4149 http fetch GET 200 https://registry.npmjs.org/resolve-pkg-maps/-/resolve-pkg-maps-1.0.0.tgz 465ms (cache miss)
4150 http fetch GET 200 https://registry.npmjs.org/has-flag/-/has-flag-4.0.0.tgz 466ms (cache miss)
4151 http fetch GET 200 https://registry.npmjs.org/ieee754/-/ieee754-1.2.1.tgz 466ms (cache miss)
4152 http fetch GET 200 https://registry.npmjs.org/tiny-inflate/-/tiny-inflate-1.0.3.tgz 466ms (cache miss)
4153 http fetch GET 200 https://registry.npmjs.org/get-caller-file/-/get-caller-file-2.0.5.tgz 476ms (cache miss)
4154 http fetch GET 200 https://registry.npmjs.org/get-tsconfig/-/get-tsconfig-4.14.0.tgz 546ms (cache miss)
4155 http fetch GET 200 https://registry.npmjs.org/sync-message-port/-/sync-message-port-1.2.0.tgz 552ms (cache miss)
4156 http fetch GET 200 https://registry.npmjs.org/string-width/-/string-width-7.2.0.tgz 571ms (cache miss)
4157 http fetch GET 200 https://registry.npmjs.org/is-number/-/is-number-7.0.0.tgz 581ms (cache miss)
4158 http fetch GET 200 https://registry.npmjs.org/buffer-from/-/buffer-from-1.1.2.tgz 581ms (cache miss)
4159 http fetch GET 200 https://registry.npmjs.org/wicked-good-xpath/-/wicked-good-xpath-1.3.0.tgz 594ms (cache miss)
4160 http fetch GET 200 https://registry.npmjs.org/fsevents/-/fsevents-2.3.3.tgz 598ms (cache miss)
4161 http fetch GET 200 https://registry.npmjs.org/buffer/-/buffer-5.7.1.tgz 600ms (cache miss)
4162 http fetch GET 200 https://registry.npmjs.org/@shikijs/engine-javascript/-/engine-javascript-1.29.2.tgz 606ms (cache miss)
4163 http fetch GET 200 https://registry.npmjs.org/inline-style-parser/-/inline-style-parser-0.2.7.tgz 609ms (cache miss)
4164 http fetch GET 200 https://registry.npmjs.org/style-to-object/-/style-to-object-1.0.14.tgz 613ms (cache miss)
4165 http fetch GET 200 https://registry.npmjs.org/character-entities-html4/-/character-entities-html4-2.1.0.tgz 620ms (cache miss)
4166 http fetch GET 200 https://registry.npmjs.org/path-to-regexp/-/path-to-regexp-3.3.0.tgz 643ms (cache miss)
4167 http fetch GET 200 https://registry.npmjs.org/range-parser/-/range-parser-1.2.0.tgz 644ms (cache miss)
4168 http fetch GET 200 https://registry.npmjs.org/mime-types/-/mime-types-2.1.18.tgz 644ms (cache miss)
4169 http fetch GET 200 https://registry.npmjs.org/color-name/-/color-name-1.1.4.tgz 644ms (cache miss)
4170 http fetch GET 200 https://registry.npmjs.org/bytes/-/bytes-3.0.0.tgz 645ms (cache miss)
4171 http fetch GET 200 https://registry.npmjs.org/extend-shallow/-/extend-shallow-2.0.1.tgz 645ms (cache miss)
4172 http fetch GET 200 https://registry.npmjs.org/content-disposition/-/content-disposition-0.5.2.tgz 645ms (cache miss)
4173 http fetch GET 200 https://registry.npmjs.org/base64-js/-/base64-js-0.0.8.tgz 646ms (cache miss)
4174 http fetch GET 200 https://registry.npmjs.org/camelize/-/camelize-1.0.1.tgz 651ms (cache miss)
4175 http fetch GET 200 https://registry.npmjs.org/emoji-regex-xs/-/emoji-regex-xs-2.0.1.tgz 652ms (cache miss)
4176 http fetch GET 200 https://registry.npmjs.org/css-color-keywords/-/css-color-keywords-1.0.0.tgz 653ms (cache miss)
4177 http fetch GET 200 https://registry.npmjs.org/string.prototype.codepointat/-/string.prototype.codepointat-0.2.1.tgz 655ms (cache miss)
4178 http fetch GET 200 https://registry.npmjs.org/postcss-value-parser/-/postcss-value-parser-4.2.0.tgz 655ms (cache miss)
4179 http fetch GET 200 https://registry.npmjs.org/css-box-shadow/-/css-box-shadow-1.0.0-3.tgz 655ms (cache miss)
4180 http fetch GET 200 https://registry.npmjs.org/path-is-inside/-/path-is-inside-1.0.2.tgz 666ms (cache miss)
4181 http fetch GET 200 https://registry.npmjs.org/@img/colour/-/colour-1.1.0.tgz 666ms (cache miss)
4182 http fetch GET 200 https://registry.npmjs.org/parse-css-color/-/parse-css-color-0.2.1.tgz 672ms (cache miss)
4183 http fetch GET 200 https://registry.npmjs.org/escape-html/-/escape-html-1.0.3.tgz 674ms (cache miss)
4184 http fetch GET 200 https://registry.npmjs.org/css-gradient-parser/-/css-gradient-parser-0.0.17.tgz 675ms (cache miss)
4185 http fetch GET 200 https://registry.npmjs.org/regex-utilities/-/regex-utilities-2.3.0.tgz 680ms (cache miss)
4186 http fetch GET 200 https://registry.npmjs.org/is-extendable/-/is-extendable-0.1.1.tgz 680ms (cache miss)
4187 http fetch GET 200 https://registry.npmjs.org/css-background-parser/-/css-background-parser-0.1.0.tgz 690ms (cache miss)
4188 http fetch GET 200 https://registry.npmjs.org/varint/-/varint-6.0.0.tgz 690ms (cache miss)
4189 http fetch GET 200 https://registry.npmjs.org/unicode-trie/-/unicode-trie-2.0.0.tgz 697ms (cache miss)
4190 http fetch GET 200 https://registry.npmjs.org/hex-rgb/-/hex-rgb-4.3.0.tgz 777ms (cache miss)
4191 http fetch GET 200 https://registry.npmjs.org/mime-db/-/mime-db-1.33.0.tgz 845ms (cache miss)
4192 http fetch GET 200 https://registry.npmjs.org/supports-color/-/supports-color-8.1.1.tgz 867ms (cache miss)
4193 http fetch GET 200 https://registry.npmjs.org/@shikijs/types/-/types-1.29.2.tgz 905ms (cache miss)
4194 http fetch GET 200 https://registry.npmjs.org/linebreak/-/linebreak-1.1.0.tgz 916ms (cache miss)
4195 http fetch GET 200 https://registry.npmjs.org/queue-microtask/-/queue-microtask-1.2.3.tgz 946ms (cache miss)
4196 http fetch GET 200 https://registry.npmjs.org/unist-util-modify-children/-/unist-util-modify-children-4.0.0.tgz 975ms (cache miss)
4197 http fetch GET 200 https://registry.npmjs.org/unist-util-visit-children/-/unist-util-visit-children-3.0.0.tgz 988ms (cache miss)
4198 http fetch GET 200 https://registry.npmjs.org/regex-recursion/-/regex-recursion-5.1.1.tgz 995ms (cache miss)
4199 http fetch GET 200 https://registry.npmjs.org/@img/sharp-darwin-arm64/-/sharp-darwin-arm64-0.34.5.tgz 1014ms (cache miss)
4200 http fetch GET 200 https://registry.npmjs.org/sync-child-process/-/sync-child-process-1.0.2.tgz 1032ms (cache miss)
4201 http fetch GET 200 https://registry.npmjs.org/retext-stringify/-/retext-stringify-4.0.0.tgz 1041ms (cache miss)
4202 http fetch GET 200 https://registry.npmjs.org/supports-preserve-symlinks-flag/-/supports-preserve-symlinks-flag-1.0.0.tgz 1044ms (cache miss)
4203 http fetch GET 200 https://registry.npmjs.org/es-errors/-/es-errors-1.3.0.tgz 1045ms (cache miss)
4204 http fetch GET 200 https://registry.npmjs.org/@types/nlcst/-/nlcst-2.0.3.tgz 1045ms (cache miss)
4205 http fetch GET 200 https://registry.npmjs.org/path-parse/-/path-parse-1.0.7.tgz 1046ms (cache miss)
4206 http fetch GET 200 https://registry.npmjs.org/is-core-module/-/is-core-module-2.16.1.tgz 1047ms (cache miss)
4207 http fetch GET 200 https://registry.npmjs.org/retext/-/retext-9.0.0.tgz 1051ms (cache miss)
4208 http fetch GET 200 https://registry.npmjs.org/mdast-util-math/-/mdast-util-math-3.0.0.tgz 1052ms (cache miss)
4209 http fetch GET 200 https://registry.npmjs.org/retext-latin/-/retext-latin-4.0.0.tgz 1056ms (cache miss)
4210 http fetch GET 200 https://registry.npmjs.org/nlcst-to-string/-/nlcst-to-string-4.0.0.tgz 1208ms (cache miss)
4211 http fetch GET 200 https://registry.npmjs.org/hasown/-/hasown-2.0.3.tgz 1208ms (cache miss)
4212 http fetch GET 200 https://registry.npmjs.org/@shikijs/vscode-textmate/-/vscode-textmate-10.0.2.tgz 1218ms (cache miss)
4213 http fetch GET 200 https://registry.npmjs.org/retext-smartypants/-/retext-smartypants-6.2.0.tgz 1214ms (cache miss)
4214 http fetch GET 200 https://registry.npmjs.org/micromark-extension-gfm-tagfilter/-/micromark-extension-gfm-tagfilter-2.0.0.tgz 1218ms (cache miss)
4215 http fetch GET 200 https://registry.npmjs.org/micromark-extension-gfm-strikethrough/-/micromark-extension-gfm-strikethrough-2.1.0.tgz 1220ms (cache miss)
4216 http fetch GET 200 https://registry.npmjs.org/micromark-extension-gfm-task-list-item/-/micromark-extension-gfm-task-list-item-2.1.0.tgz 1221ms (cache miss)
4217 http fetch GET 200 https://registry.npmjs.org/micromark-extension-gfm-autolink-literal/-/micromark-extension-gfm-autolink-literal-2.1.0.tgz 1222ms (cache miss)
4218 http fetch GET 200 https://registry.npmjs.org/markdown-table/-/markdown-table-3.0.4.tgz 1243ms (cache miss)
4219 http fetch GET 200 https://registry.npmjs.org/mdast-util-gfm-table/-/mdast-util-gfm-table-2.0.0.tgz 1280ms (cache miss)
4220 http fetch GET 200 https://registry.npmjs.org/source-map-js/-/source-map-js-1.2.1.tgz 1314ms (cache miss)
4221 http fetch GET 200 https://registry.npmjs.org/mdast-util-gfm-autolink-literal/-/mdast-util-gfm-autolink-literal-2.0.1.tgz 1339ms (cache miss)
4222 http fetch GET 200 https://registry.npmjs.org/function-bind/-/function-bind-1.1.2.tgz 1345ms (cache miss)
4223 http fetch GET 200 https://registry.npmjs.org/mdast-util-gfm-footnote/-/mdast-util-gfm-footnote-2.1.0.tgz 1356ms (cache miss)
4224 http fetch GET 200 https://registry.npmjs.org/@parcel/watcher-darwin-arm64/-/watcher-darwin-arm64-2.5.6.tgz 1406ms (cache miss)
4225 http fetch GET 200 https://registry.npmjs.org/mdast-util-gfm-task-list-item/-/mdast-util-gfm-task-list-item-2.0.0.tgz 1608ms (cache miss)
4226 http fetch GET 200 https://registry.npmjs.org/mdast-util-gfm-strikethrough/-/mdast-util-gfm-strikethrough-2.0.0.tgz 1608ms (cache miss)
4227 http fetch GET 200 https://registry.npmjs.org/format/-/format-0.2.2.tgz 1608ms (cache miss)
4228 http fetch GET 200 https://registry.npmjs.org/micromark-extension-frontmatter/-/micromark-extension-frontmatter-2.0.0.tgz 1608ms (cache miss)
4229 http fetch GET 200 https://registry.npmjs.org/mdast-util-newline-to-break/-/mdast-util-newline-to-break-2.0.0.tgz 1609ms (cache miss)
4230 http fetch GET 200 https://registry.npmjs.org/hast-util-raw/-/hast-util-raw-9.1.0.tgz 1625ms (cache miss)
4231 http fetch GET 200 https://registry.npmjs.org/parse-numeric-range/-/parse-numeric-range-1.3.0.tgz 1626ms (cache miss)
4232 http fetch GET 200 https://registry.npmjs.org/micromark-extension-gfm/-/micromark-extension-gfm-3.0.0.tgz 1627ms (cache miss)
4233 http fetch GET 200 https://registry.npmjs.org/remark-stringify/-/remark-stringify-11.0.0.tgz 1626ms (cache miss)
4234 http fetch GET 200 https://registry.npmjs.org/fault/-/fault-2.0.1.tgz 1629ms (cache miss)
4235 http fetch GET 200 https://registry.npmjs.org/mdast-util-gfm/-/mdast-util-gfm-3.1.0.tgz 1629ms (cache miss)
4236 http fetch GET 200 https://registry.npmjs.org/@shikijs/core/-/core-1.29.2.tgz 1636ms (cache miss)
4237 http fetch GET 200 https://registry.npmjs.org/@emnapi/runtime/-/runtime-1.10.0.tgz 1651ms (cache miss)
4238 http fetch GET 200 https://registry.npmjs.org/mdast-util-frontmatter/-/mdast-util-frontmatter-2.0.1.tgz 1656ms (cache miss)
4239 http fetch GET 200 https://registry.npmjs.org/micromark-extension-gfm-footnote/-/micromark-extension-gfm-footnote-2.1.0.tgz 1687ms (cache miss)
4240 http fetch GET 200 https://registry.npmjs.org/hast-util-to-parse5/-/hast-util-to-parse5-8.0.1.tgz 1699ms (cache miss)
4241 http fetch GET 200 https://registry.npmjs.org/rehype-parse/-/rehype-parse-9.0.1.tgz 1712ms (cache miss)
4242 http fetch GET 200 https://registry.npmjs.org/micromark-extension-math/-/micromark-extension-math-3.1.0.tgz 1716ms (cache miss)
4243 http fetch GET 200 https://registry.npmjs.org/node-addon-api/-/node-addon-api-7.1.1.tgz 1735ms (cache miss)
4244 http fetch GET 200 https://registry.npmjs.org/yoga-layout/-/yoga-layout-3.2.1.tgz 1770ms (cache miss)
4245 http fetch GET 200 https://registry.npmjs.org/moo/-/moo-0.5.3.tgz 1773ms (cache miss)
4246 http fetch GET 200 https://registry.npmjs.org/@types/mathjax/-/mathjax-0.0.40.tgz 1781ms (cache miss)
4247 http fetch GET 200 https://registry.npmjs.org/whatwg-url/-/whatwg-url-5.0.0.tgz 1927ms (cache miss)
4248 http fetch GET 200 https://registry.npmjs.org/fflate/-/fflate-0.7.4.tgz 1936ms (cache miss)
4249 http fetch GET 200 https://registry.npmjs.org/css-to-react-native/-/css-to-react-native-3.2.0.tgz 1935ms (cache miss)
4250 http fetch GET 200 https://registry.npmjs.org/fetch-ponyfill/-/fetch-ponyfill-7.1.0.tgz 1929ms (cache miss)
4251 http fetch GET 200 https://registry.npmjs.org/semver/-/semver-7.7.4.tgz 1940ms (cache miss)
4252 http fetch GET 200 https://registry.npmjs.org/node-fetch/-/node-fetch-2.7.0.tgz 1946ms (cache miss)
4253 http fetch GET 200 https://registry.npmjs.org/@citation-js/name/-/name-0.4.2.tgz 1947ms (cache miss)
4254 http fetch GET 200 https://registry.npmjs.org/sync-fetch/-/sync-fetch-0.4.5.tgz 1955ms (cache miss)
4255 http fetch GET 200 https://registry.npmjs.org/hast-util-heading-rank/-/hast-util-heading-rank-3.0.0.tgz 1957ms (cache miss)
4256 http fetch GET 200 https://registry.npmjs.org/parse-svg-path/-/parse-svg-path-0.1.2.tgz 1957ms (cache miss)
4257 http fetch GET 200 https://registry.npmjs.org/tiny-lru/-/tiny-lru-11.4.7.tgz 1958ms (cache miss)
4258 http fetch GET 200 https://registry.npmjs.org/@citation-js/date/-/date-0.5.1.tgz 1981ms (cache miss)
4259 http fetch GET 200 https://registry.npmjs.org/earcut/-/earcut-3.0.2.tgz 2006ms (cache miss)
4260 http fetch GET 200 https://registry.npmjs.org/@types/earcut/-/earcut-3.0.0.tgz 2011ms (cache miss)
4261 http fetch GET 200 https://registry.npmjs.org/eventemitter3/-/eventemitter3-5.0.4.tgz 2016ms (cache miss)
4262 http fetch GET 200 https://registry.npmjs.org/parse-latin/-/parse-latin-7.0.0.tgz 2024ms (cache miss)
4263 http fetch GET 200 https://registry.npmjs.org/micromark-extension-gfm-table/-/micromark-extension-gfm-table-2.1.1.tgz 2027ms (cache miss)
4264 http fetch GET 200 https://registry.npmjs.org/immutable/-/immutable-5.1.5.tgz 2069ms (cache miss)
4265 http fetch GET 200 https://registry.npmjs.org/@webgpu/types/-/types-0.1.69.tgz 2075ms (cache miss)
4266 http fetch GET 200 https://registry.npmjs.org/cross-fetch/-/cross-fetch-4.1.0.tgz 2085ms (cache miss)
4267 http fetch GET 200 https://registry.npmjs.org/is-decimal/-/is-decimal-2.0.1.tgz 2095ms (cache miss)
4268 http fetch GET 200 https://registry.npmjs.org/is-hexadecimal/-/is-hexadecimal-2.0.1.tgz 2100ms (cache miss)
4269 http fetch GET 200 https://registry.npmjs.org/esm/-/esm-3.2.25.tgz 2135ms (cache miss)
4270 http fetch GET 200 https://registry.npmjs.org/mhchemparser/-/mhchemparser-4.2.1.tgz 2141ms (cache miss)
4271 http fetch GET 200 https://registry.npmjs.org/@parcel/watcher/-/watcher-2.5.6.tgz 2334ms (cache miss)
4272 http fetch GET 200 https://registry.npmjs.org/regex/-/regex-5.1.1.tgz 2348ms (cache miss)
4273 http fetch GET 200 https://registry.npmjs.org/@shikijs/engine-oniguruma/-/engine-oniguruma-1.29.2.tgz 2395ms (cache miss)
4274 http fetch GET 200 https://registry.npmjs.org/@citation-js/plugin-csl/-/plugin-csl-0.7.22.tgz 2455ms (cache miss)
4275 http fetch GET 200 https://registry.npmjs.org/ismobilejs/-/ismobilejs-1.1.1.tgz 2468ms (cache miss)
4276 http fetch GET 200 https://registry.npmjs.org/@pixi/colord/-/colord-2.9.6.tgz 2469ms (cache miss)
4277 http fetch GET 200 https://registry.npmjs.org/oniguruma-to-es/-/oniguruma-to-es-2.3.0.tgz 2485ms (cache miss)
4278 http fetch GET 200 https://registry.npmjs.org/citeproc/-/citeproc-2.4.63.tgz 2508ms (cache miss)
4279 http fetch GET 200 https://registry.npmjs.org/character-entities-legacy/-/character-entities-legacy-3.0.0.tgz 2812ms (cache miss)
4280 http fetch GET 200 https://registry.npmjs.org/is-alphanumerical/-/is-alphanumerical-2.0.1.tgz 2812ms (cache miss)
4281 http fetch GET 200 https://registry.npmjs.org/@citation-js/plugin-bibtex/-/plugin-bibtex-0.7.21.tgz 2814ms (cache miss)
4282 http fetch GET 200 https://registry.npmjs.org/balanced-match/-/balanced-match-4.0.4.tgz 3077ms (cache miss)
4283 http fetch GET 200 https://registry.npmjs.org/is-alphabetical/-/is-alphabetical-2.0.1.tgz 3086ms (cache miss)
4284 http fetch GET 200 https://registry.npmjs.org/@citation-js/plugin-bibjson/-/plugin-bibjson-0.7.21.tgz 3236ms (cache miss)
4285 http fetch GET 200 https://registry.npmjs.org/fill-range/-/fill-range-7.1.1.tgz 3234ms (cache miss)
4286 http fetch GET 200 https://registry.npmjs.org/micromark-util-html-tag-name/-/micromark-util-html-tag-name-2.0.1.tgz 3234ms (cache miss)
4287 http fetch GET 200 https://registry.npmjs.org/character-reference-invalid/-/character-reference-invalid-2.0.1.tgz 3234ms (cache miss)
4288 http fetch GET 200 https://registry.npmjs.org/braces/-/braces-3.0.3.tgz 3236ms (cache miss)
4289 http fetch GET 200 https://registry.npmjs.org/micromark-factory-whitespace/-/micromark-factory-whitespace-2.0.1.tgz 3236ms (cache miss)
4290 http fetch GET 200 https://registry.npmjs.org/picomatch/-/picomatch-2.3.2.tgz 3266ms (cache miss)
4291 http fetch GET 200 https://registry.npmjs.org/micromark-factory-title/-/micromark-factory-title-2.0.1.tgz 3269ms (cache miss)
4292 http fetch GET 200 https://registry.npmjs.org/mj-context-menu/-/mj-context-menu-0.6.1.tgz 3286ms (cache miss)
4293 http fetch GET 200 https://registry.npmjs.org/micromark-factory-destination/-/micromark-factory-destination-2.0.1.tgz 3329ms (cache miss)
4294 http fetch GET 200 https://registry.npmjs.org/micromark-factory-label/-/micromark-factory-label-2.0.1.tgz 3347ms (cache miss)
4295 http fetch GET 200 https://registry.npmjs.org/@types/ms/-/ms-2.1.0.tgz 3347ms (cache miss)
4296 http fetch GET 200 https://registry.npmjs.org/micromark-util-resolve-all/-/micromark-util-resolve-all-2.0.1.tgz 3348ms (cache miss)
4297 http fetch GET 200 https://registry.npmjs.org/to-regex-range/-/to-regex-range-5.0.1.tgz 3348ms (cache miss)
4298 http fetch GET 200 https://registry.npmjs.org/micromark-util-combine-extensions/-/micromark-util-combine-extensions-2.0.1.tgz 3349ms (cache miss)
4299 http fetch GET 200 https://registry.npmjs.org/micromark-util-subtokenize/-/micromark-util-subtokenize-2.1.0.tgz 3349ms (cache miss)
4300 http fetch GET 200 https://registry.npmjs.org/micromark-util-encode/-/micromark-util-encode-2.0.1.tgz 3350ms (cache miss)
4301 http fetch GET 200 https://registry.npmjs.org/@xmldom/xmldom/-/xmldom-0.8.13.tgz 3362ms (cache miss)
4302 http fetch GET 200 https://registry.npmjs.org/mdast-util-phrasing/-/mdast-util-phrasing-4.1.0.tgz 3376ms (cache miss)
4303 http fetch GET 200 https://registry.npmjs.org/micromark-factory-space/-/micromark-factory-space-2.0.1.tgz 3376ms (cache miss)
4304 http fetch GET 200 https://registry.npmjs.org/longest-streak/-/longest-streak-3.1.0.tgz 3376ms (cache miss)
4305 http fetch GET 200 https://registry.npmjs.org/micromark-util-sanitize-uri/-/micromark-util-sanitize-uri-2.0.1.tgz 3377ms (cache miss)
4306 http fetch GET 200 https://registry.npmjs.org/micromark-util-chunked/-/micromark-util-chunked-2.0.1.tgz 3485ms (cache miss)
4307 http fetch GET 200 https://registry.npmjs.org/micromark-util-classify-character/-/micromark-util-classify-character-2.0.1.tgz 3485ms (cache miss)
4308 http fetch GET 200 https://registry.npmjs.org/brace-expansion/-/brace-expansion-5.0.5.tgz 3674ms (cache miss)
4309 http fetch GET 200 https://registry.npmjs.org/@citation-js/core/-/core-0.7.21.tgz 4148ms (cache miss)
4310 http fetch GET 200 https://registry.npmjs.org/trim-lines/-/trim-lines-3.0.1.tgz 4190ms (cache miss)
4311 http fetch GET 200 https://registry.npmjs.org/micromark-util-character/-/micromark-util-character-2.1.1.tgz 4191ms (cache miss)
4312 http fetch GET 200 https://registry.npmjs.org/micromark-util-symbol/-/micromark-util-symbol-2.0.1.tgz 4190ms (cache miss)
4313 http fetch GET 200 https://registry.npmjs.org/@ungap/structured-clone/-/structured-clone-1.3.0.tgz 4193ms (cache miss)
4314 http fetch GET 200 https://registry.npmjs.org/@types/debug/-/debug-4.1.13.tgz 4194ms (cache miss)
4315 http fetch GET 200 https://registry.npmjs.org/unist-util-stringify-position/-/unist-util-stringify-position-4.0.0.tgz 4194ms (cache miss)
4316 http fetch GET 200 https://registry.npmjs.org/micromark-util-decode-string/-/micromark-util-decode-string-2.0.1.tgz 4368ms (cache miss)
4317 http fetch GET 200 https://registry.npmjs.org/micromark-util-normalize-identifier/-/micromark-util-normalize-identifier-2.0.1.tgz 4370ms (cache miss)
4318 http fetch GET 200 https://registry.npmjs.org/micromark-util-types/-/micromark-util-types-2.0.2.tgz 4370ms (cache miss)
4319 http fetch GET 200 https://registry.npmjs.org/micromark-util-decode-numeric-character-reference/-/micromark-util-decode-numeric-character-reference-2.0.2.tgz 4369ms (cache miss)
4320 http fetch GET 200 https://registry.npmjs.org/unist-util-is/-/unist-util-is-6.0.1.tgz 4369ms (cache miss)
4321 http fetch GET 200 https://registry.npmjs.org/decode-named-character-reference/-/decode-named-character-reference-1.3.0.tgz 4369ms (cache miss)
4322 http fetch GET 200 https://registry.npmjs.org/escape-string-regexp/-/escape-string-regexp-5.0.0.tgz 4368ms (cache miss)
4323 http fetch GET 200 https://registry.npmjs.org/@types/estree-jsx/-/estree-jsx-1.0.5.tgz 4369ms (cache miss)
4324 http fetch GET 200 https://registry.npmjs.org/parse-entities/-/parse-entities-4.0.2.tgz 4369ms (cache miss)
4325 http fetch GET 200 https://registry.npmjs.org/detect-libc/-/detect-libc-2.1.2.tgz 4402ms (cache miss)
4326 http fetch GET 200 https://registry.npmjs.org/@types/mdast/-/mdast-4.0.4.tgz 4402ms (cache miss)
4327 http fetch GET 200 https://registry.npmjs.org/ms/-/ms-2.1.3.tgz 4402ms (cache miss)
4328 http fetch GET 200 https://registry.npmjs.org/hast-util-parse-selector/-/hast-util-parse-selector-4.0.0.tgz 4402ms (cache miss)
4329 http fetch GET 200 https://registry.npmjs.org/safer-buffer/-/safer-buffer-2.1.2.tgz 4401ms (cache miss)
4330 http fetch GET 200 https://registry.npmjs.org/unist-util-find-after/-/unist-util-find-after-5.0.0.tgz 4403ms (cache miss)
4331 http fetch GET 200 https://registry.npmjs.org/unist-util-position/-/unist-util-position-5.0.0.tgz 4403ms (cache miss)
4332 http fetch GET 200 https://registry.npmjs.org/mdast-util-mdx-expression/-/mdast-util-mdx-expression-2.0.1.tgz 4425ms (cache miss)
4333 http fetch GET 200 https://registry.npmjs.org/stringify-entities/-/stringify-entities-4.0.4.tgz 4425ms (cache miss)
4334 http fetch GET 200 https://registry.npmjs.org/hast-util-whitespace/-/hast-util-whitespace-3.0.0.tgz 4424ms (cache miss)
4335 http fetch GET 200 https://registry.npmjs.org/space-separated-tokens/-/space-separated-tokens-2.0.2.tgz 4424ms (cache miss)
4336 http fetch GET 200 https://registry.npmjs.org/estree-util-is-identifier-name/-/estree-util-is-identifier-name-3.0.0.tgz 4543ms (cache miss)
4337 http fetch GET 200 https://registry.npmjs.org/debug/-/debug-4.4.3.tgz 4548ms (cache miss)
4338 http fetch GET 200 https://registry.npmjs.org/mdast-util-mdx-jsx/-/mdast-util-mdx-jsx-3.2.0.tgz 4549ms (cache miss)
4339 http fetch GET 200 https://registry.npmjs.org/character-entities/-/character-entities-2.0.2.tgz 4782ms (cache miss)
4340 http fetch GET 200 https://registry.npmjs.org/entities/-/entities-6.0.1.tgz 4786ms (cache miss)
4341 http fetch GET 200 https://registry.npmjs.org/comma-separated-tokens/-/comma-separated-tokens-2.0.3.tgz 4781ms (cache miss)
4342 http fetch GET 200 https://registry.npmjs.org/vfile-message/-/vfile-message-4.0.3.tgz 4789ms (cache miss)
4343 http fetch GET 200 https://registry.npmjs.org/dequal/-/dequal-2.0.3.tgz 4791ms (cache miss)
4344 http fetch GET 200 https://registry.npmjs.org/mdast-util-mdxjs-esm/-/mdast-util-mdxjs-esm-2.0.1.tgz 4840ms (cache miss)
4345 http fetch GET 200 https://registry.npmjs.org/html-void-elements/-/html-void-elements-3.0.0.tgz 4839ms (cache miss)
4346 http fetch GET 200 https://registry.npmjs.org/hast-util-is-element/-/hast-util-is-element-3.0.0.tgz 4840ms (cache miss)
4347 http fetch GET 200 https://registry.npmjs.org/vfile-location/-/vfile-location-5.0.3.tgz 4870ms (cache miss)
4348 http fetch GET 200 https://registry.npmjs.org/unist-util-remove-position/-/unist-util-remove-position-5.0.0.tgz 5057ms (cache miss)
4349 http fetch GET 200 https://registry.npmjs.org/section-matter/-/section-matter-1.0.0.tgz 5056ms (cache miss)
4350 http fetch GET 200 https://registry.npmjs.org/hast-util-from-html/-/hast-util-from-html-2.0.3.tgz 5057ms (cache miss)
4351 http fetch GET 200 https://registry.npmjs.org/@types/estree/-/estree-1.0.8.tgz 5062ms (cache miss)
4352 http fetch GET 200 https://registry.npmjs.org/is-glob/-/is-glob-4.0.3.tgz 5061ms (cache miss)
4353 http fetch GET 200 https://registry.npmjs.org/hast-util-from-parse5/-/hast-util-from-parse5-8.0.3.tgz 5062ms (cache miss)
4354 http fetch GET 200 https://registry.npmjs.org/reusify/-/reusify-1.1.0.tgz 5061ms (cache miss)
4355 http fetch GET 200 https://registry.npmjs.org/run-parallel/-/run-parallel-1.2.0.tgz 5064ms (cache miss)
4356 http fetch GET 200 https://registry.npmjs.org/micromatch/-/micromatch-4.0.8.tgz 5064ms (cache miss)
4357 http fetch GET 200 https://registry.npmjs.org/is-path-inside/-/is-path-inside-4.0.0.tgz 5084ms (cache miss)
4358 http fetch GET 200 https://registry.npmjs.org/strip-bom-string/-/strip-bom-string-1.0.0.tgz 5086ms (cache miss)
4359 http fetch GET 200 https://registry.npmjs.org/slash/-/slash-5.1.0.tgz 5085ms (cache miss)
4360 http fetch GET 200 https://registry.npmjs.org/ccount/-/ccount-2.0.1.tgz 5088ms (cache miss)
4361 http fetch GET 200 https://registry.npmjs.org/@shikijs/themes/-/themes-1.29.2.tgz 5106ms (cache miss)
4362 http fetch GET 200 https://registry.npmjs.org/is-extglob/-/is-extglob-2.1.1.tgz 5091ms (cache miss)
4363 http fetch GET 200 https://registry.npmjs.org/web-namespaces/-/web-namespaces-2.0.1.tgz 5264ms (cache miss)
4364 http fetch GET 200 https://registry.npmjs.org/zwitch/-/zwitch-2.0.4.tgz 5265ms (cache miss)
4365 http fetch GET 200 https://registry.npmjs.org/kind-of/-/kind-of-6.0.3.tgz 5265ms (cache miss)
4366 http fetch GET 200 https://registry.npmjs.org/ignore/-/ignore-7.0.5.tgz 5273ms (cache miss)
4367 http fetch GET 200 https://registry.npmjs.org/glob-parent/-/glob-parent-5.1.2.tgz 6075ms (cache miss)
4368 http fetch GET 200 https://registry.npmjs.org/hast-util-from-dom/-/hast-util-from-dom-5.0.1.tgz 6338ms (cache miss)
4369 http fetch GET 200 https://registry.npmjs.org/devlop/-/devlop-1.1.0.tgz 6341ms (cache miss)
4370 http fetch GET 200 https://registry.npmjs.org/argparse/-/argparse-2.0.1.tgz 6389ms (cache miss)
4371 http fetch GET 200 https://registry.npmjs.org/@nodelib/fs.scandir/-/fs.scandir-2.1.5.tgz 6538ms (cache miss)
4372 http fetch GET 200 https://registry.npmjs.org/unicorn-magic/-/unicorn-magic-0.4.0.tgz 6538ms (cache miss)
4373 http fetch GET 200 https://registry.npmjs.org/@nodelib/fs.walk/-/fs.walk-1.2.8.tgz 6575ms (cache miss)
4374 http fetch GET 200 https://registry.npmjs.org/agent-base/-/agent-base-7.1.4.tgz 6581ms (cache miss)
4375 http fetch GET 200 https://registry.npmjs.org/@nodelib/fs.stat/-/fs.stat-2.0.5.tgz 6576ms (cache miss)
4376 http fetch GET 200 https://registry.npmjs.org/merge2/-/merge2-1.4.1.tgz 6758ms (cache miss)
4377 http fetch GET 200 https://registry.npmjs.org/rw/-/rw-1.3.3.tgz 6860ms (cache miss)
4378 http fetch GET 200 https://registry.npmjs.org/d3-time/-/d3-time-3.1.0.tgz 6975ms (cache miss)
4379 http fetch GET 200 https://registry.npmjs.org/@sindresorhus/merge-streams/-/merge-streams-4.0.0.tgz 7009ms (cache miss)
4380 http fetch GET 200 https://registry.npmjs.org/d3-timer/-/d3-timer-3.0.1.tgz 8013ms (cache miss)
4381 http fetch GET 200 https://registry.npmjs.org/internmap/-/internmap-2.0.3.tgz 8062ms (cache miss)
4382 http fetch GET 200 https://registry.npmjs.org/d3-path/-/d3-path-3.1.0.tgz 8190ms (cache miss)
4383 http fetch GET 200 https://registry.npmjs.org/delaunator/-/delaunator-5.1.0.tgz 8194ms (cache miss)
4384 http fetch GET 200 https://registry.npmjs.org/d3-format/-/d3-format-3.1.2.tgz 8190ms (cache miss)
4385 http fetch GET 200 https://registry.npmjs.org/fastq/-/fastq-1.20.1.tgz 8255ms (cache miss)
4386 http fetch GET 200 https://registry.npmjs.org/d3-fetch/-/d3-fetch-3.0.1.tgz 8445ms (cache miss)
4387 http fetch GET 200 https://registry.npmjs.org/d3-polygon/-/d3-polygon-3.0.1.tgz 8447ms (cache miss)
4388 http fetch GET 200 https://registry.npmjs.org/d3-ease/-/d3-ease-3.0.1.tgz 8447ms (cache miss)
4389 http fetch GET 200 https://registry.npmjs.org/d3-random/-/d3-random-3.0.1.tgz 8455ms (cache miss)
4390 http fetch GET 200 https://registry.npmjs.org/d3-color/-/d3-color-3.1.0.tgz 8484ms (cache miss)
4391 http fetch GET 200 https://registry.npmjs.org/d3-chord/-/d3-chord-3.0.1.tgz 8484ms (cache miss)
4392 http fetch GET 200 https://registry.npmjs.org/d3-dispatch/-/d3-dispatch-3.0.1.tgz 9178ms (cache miss)
4393 http fetch GET 200 https://registry.npmjs.org/readdirp/-/readdirp-5.0.0.tgz 9178ms (cache miss)
4394 http fetch GET 200 https://registry.npmjs.org/@types/yargs-parser/-/yargs-parser-21.0.3.tgz 9199ms (cache miss)
4395 http fetch GET 200 https://registry.npmjs.org/@types/d3-zoom/-/d3-zoom-3.0.8.tgz 9201ms (cache miss)
4396 http fetch GET 200 https://registry.npmjs.org/@types/d3-transition/-/d3-transition-3.0.9.tgz 9202ms (cache miss)
4397 http fetch GET 200 https://registry.npmjs.org/@types/d3-time/-/d3-time-3.0.4.tgz 9211ms (cache miss)
4398 http fetch GET 200 https://registry.npmjs.org/@types/d3-timer/-/d3-timer-3.0.2.tgz 9211ms (cache miss)
4399 http fetch GET 200 https://registry.npmjs.org/@types/d3-scale-chromatic/-/d3-scale-chromatic-3.1.0.tgz 9211ms (cache miss)
4400 http fetch GET 200 https://registry.npmjs.org/@types/d3-path/-/d3-path-3.1.1.tgz 9211ms (cache miss)
4401 http fetch GET 200 https://registry.npmjs.org/@types/d3-polygon/-/d3-polygon-3.0.2.tgz 9212ms (cache miss)
4402 http fetch GET 200 https://registry.npmjs.org/@types/d3-interpolate/-/d3-interpolate-3.0.4.tgz 9212ms (cache miss)
4403 http fetch GET 200 https://registry.npmjs.org/@types/d3-random/-/d3-random-3.0.3.tgz 9213ms (cache miss)
4404 http fetch GET 200 https://registry.npmjs.org/@types/d3-format/-/d3-format-3.0.4.tgz 9213ms (cache miss)
4405 http fetch GET 200 https://registry.npmjs.org/@types/d3-hierarchy/-/d3-hierarchy-3.1.7.tgz 9213ms (cache miss)
4406 http fetch GET 200 https://registry.npmjs.org/commander/-/commander-7.2.0.tgz 9900ms (cache miss)
4407 http fetch GET 200 https://registry.npmjs.org/d3-axis/-/d3-axis-3.0.0.tgz 10090ms (cache miss)
4408 http fetch GET 200 https://registry.npmjs.org/@types/d3-time-format/-/d3-time-format-4.0.3.tgz 10094ms (cache miss)
4409 http fetch GET 200 https://registry.npmjs.org/@types/d3-shape/-/d3-shape-3.1.8.tgz 10094ms (cache miss)
4410 http fetch GET 200 https://registry.npmjs.org/@types/geojson/-/geojson-7946.0.16.tgz 10094ms (cache miss)
4411 http fetch GET 200 https://registry.npmjs.org/@types/d3-scale/-/d3-scale-4.0.9.tgz 10093ms (cache miss)
4412 http fetch GET 200 https://registry.npmjs.org/@types/d3-geo/-/d3-geo-3.1.0.tgz 10093ms (cache miss)
4413 http fetch GET 200 https://registry.npmjs.org/mdast-util-from-markdown/-/mdast-util-from-markdown-2.0.3.tgz 10275ms (cache miss)
4414 http fetch GET 200 https://registry.npmjs.org/@types/unist/-/unist-3.0.3.tgz 10262ms (cache miss)
4415 http fetch GET 200 https://registry.npmjs.org/fast-string-truncated-width/-/fast-string-truncated-width-3.0.3.tgz 10264ms (cache miss)
4416 http fetch GET 200 https://registry.npmjs.org/@types/d3-drag/-/d3-drag-3.0.7.tgz 10262ms (cache miss)
4417 http fetch GET 200 https://registry.npmjs.org/@types/d3-force/-/d3-force-3.0.10.tgz 10262ms (cache miss)
4418 http fetch GET 200 https://registry.npmjs.org/@types/d3-quadtree/-/d3-quadtree-3.0.6.tgz 10262ms (cache miss)
4419 http fetch GET 200 https://registry.npmjs.org/@types/d3-contour/-/d3-contour-3.0.6.tgz 10261ms (cache miss)
4420 http fetch GET 200 https://registry.npmjs.org/@types/d3-dispatch/-/d3-dispatch-3.0.7.tgz 10262ms (cache miss)
4421 http fetch GET 200 https://registry.npmjs.org/@types/d3-ease/-/d3-ease-3.0.2.tgz 10263ms (cache miss)
4422 http fetch GET 200 https://registry.npmjs.org/@types/d3-brush/-/d3-brush-3.0.6.tgz 10262ms (cache miss)
4423 http fetch GET 200 https://registry.npmjs.org/@types/d3-delaunay/-/d3-delaunay-6.0.4.tgz 10265ms (cache miss)
4424 http fetch GET 200 https://registry.npmjs.org/@types/d3-color/-/d3-color-3.1.3.tgz 10269ms (cache miss)
4425 http fetch GET 200 https://registry.npmjs.org/hast-util-to-text/-/hast-util-to-text-4.0.2.tgz 10292ms (cache miss)
4426 http fetch GET 200 https://registry.npmjs.org/@types/katex/-/katex-0.16.8.tgz 10292ms (cache miss)
4427 http fetch GET 200 https://registry.npmjs.org/hast-util-from-html-isomorphic/-/hast-util-from-html-isomorphic-2.0.0.tgz 10293ms (cache miss)
4428 http fetch GET 200 https://registry.npmjs.org/https-proxy-agent/-/https-proxy-agent-7.0.6.tgz 10294ms (cache miss)
4429 http fetch GET 200 https://registry.npmjs.org/@types/d3-chord/-/d3-chord-3.0.6.tgz 10296ms (cache miss)
4430 http fetch GET 200 https://registry.npmjs.org/@types/d3-axis/-/d3-axis-3.0.6.tgz 10297ms (cache miss)
4431 http fetch GET 200 https://registry.npmjs.org/@floating-ui/utils/-/utils-0.2.11.tgz 10296ms (cache miss)
4432 http fetch GET 200 https://registry.npmjs.org/picocolors/-/picocolors-1.1.1.tgz 10299ms (cache miss)
4433 http fetch GET 200 https://registry.npmjs.org/serve-handler/-/serve-handler-6.1.7.tgz 10325ms (cache miss)
4434 http fetch GET 200 https://registry.npmjs.org/@types/d3-selection/-/d3-selection-3.0.11.tgz 10341ms (cache miss)
4435 http fetch GET 200 https://registry.npmjs.org/@types/d3-dsv/-/d3-dsv-3.0.7.tgz 10345ms (cache miss)
4436 http fetch GET 200 https://registry.npmjs.org/@types/d3-array/-/d3-array-3.2.2.tgz 10344ms (cache miss)
4437 http fetch GET 200 https://registry.npmjs.org/rfdc/-/rfdc-1.4.1.tgz 10342ms (cache miss)
4438 http fetch GET 200 https://registry.npmjs.org/remark-math/-/remark-math-6.0.0.tgz 10342ms (cache miss)
4439 http fetch GET 200 https://registry.npmjs.org/remark-parse/-/remark-parse-11.0.0.tgz 10349ms (cache miss)
4440 http fetch GET 200 https://registry.npmjs.org/remark-gfm/-/remark-gfm-4.0.1.tgz 10349ms (cache miss)
4441 http fetch GET 200 https://registry.npmjs.org/rehype-slug/-/rehype-slug-6.0.0.tgz 10350ms (cache miss)
4442 http fetch GET 200 https://registry.npmjs.org/reading-time/-/reading-time-1.5.0.tgz 10353ms (cache miss)
4443 http fetch GET 200 https://registry.npmjs.org/rehype-pretty-code/-/rehype-pretty-code-0.14.3.tgz 10353ms (cache miss)
4444 http fetch GET 200 https://registry.npmjs.org/remark/-/remark-15.0.1.tgz 10354ms (cache miss)
4445 http fetch GET 200 https://registry.npmjs.org/rehype-autolink-headings/-/rehype-autolink-headings-7.1.0.tgz 10460ms (cache miss)
4446 http fetch GET 200 https://registry.npmjs.org/remark-breaks/-/remark-breaks-4.0.0.tgz 10523ms (cache miss)
4447 http fetch GET 200 https://registry.npmjs.org/pretty-time/-/pretty-time-1.1.0.tgz 10539ms (cache miss)
4448 http fetch GET 200 https://registry.npmjs.org/pretty-bytes/-/pretty-bytes-7.1.0.tgz 10539ms (cache miss)
4449 http fetch GET 200 https://registry.npmjs.org/d3-drag/-/d3-drag-3.0.0.tgz 10550ms (cache miss)
4450 http fetch GET 200 https://registry.npmjs.org/@myriaddreamin/typst-ts-node-compiler/-/typst-ts-node-compiler-0.6.0.tgz 10544ms (cache miss)
4451 http fetch GET 200 https://registry.npmjs.org/remark-smartypants/-/remark-smartypants-3.0.2.tgz 10554ms (cache miss)
4452 http fetch GET 200 https://registry.npmjs.org/to-vfile/-/to-vfile-8.0.0.tgz 10555ms (cache miss)
4453 http fetch GET 200 https://registry.npmjs.org/unist-util-visit/-/unist-util-visit-5.1.0.tgz 10556ms (cache miss)
4454 http fetch GET 200 https://registry.npmjs.org/style-to-js/-/style-to-js-1.1.21.tgz 10579ms (cache miss)
4455 http fetch GET 200 https://registry.npmjs.org/@types/d3-fetch/-/d3-fetch-3.0.7.tgz 10574ms (cache miss)
4456 http fetch GET 200 https://registry.npmjs.org/source-map-support/-/source-map-support-0.5.21.tgz 10572ms (cache miss)
4457 http fetch GET 200 https://registry.npmjs.org/rehype-raw/-/rehype-raw-7.0.0.tgz 10572ms (cache miss)
4458 http fetch GET 200 https://registry.npmjs.org/rehype-katex/-/rehype-katex-7.0.1.tgz 10576ms (cache miss)
4459 http fetch GET 200 https://registry.npmjs.org/remark-frontmatter/-/remark-frontmatter-5.0.0.tgz 10582ms (cache miss)
4460 http fetch GET 200 https://registry.npmjs.org/remark-rehype/-/remark-rehype-11.1.2.tgz 10584ms (cache miss)
4461 http fetch GET 200 https://registry.npmjs.org/d3-dsv/-/d3-dsv-3.0.1.tgz 10594ms (cache miss)
4462 http fetch GET 200 https://registry.npmjs.org/sisteransi/-/sisteransi-1.0.5.tgz 10592ms (cache miss)
4463 http fetch GET 200 https://registry.npmjs.org/mdast-util-find-and-replace/-/mdast-util-find-and-replace-3.0.2.tgz 10604ms (cache miss)
4464 http fetch GET 200 https://registry.npmjs.org/d3-brush/-/d3-brush-3.0.0.tgz 10614ms (cache miss)
4465 http fetch GET 200 https://registry.npmjs.org/mdast-util-to-string/-/mdast-util-to-string-4.0.0.tgz 10748ms (cache miss)
4466 http fetch GET 200 https://registry.npmjs.org/micromorph/-/micromorph-0.4.5.tgz 10748ms (cache miss)
4467 http fetch GET 200 https://registry.npmjs.org/hast-util-to-jsx-runtime/-/hast-util-to-jsx-runtime-2.3.6.tgz 10749ms (cache miss)
4468 http fetch GET 200 https://registry.npmjs.org/hast-util-to-string/-/hast-util-to-string-3.0.1.tgz 10748ms (cache miss)
4469 http fetch GET 200 https://registry.npmjs.org/d3-zoom/-/d3-zoom-3.0.0.tgz 10764ms (cache miss)
4470 http fetch GET 200 https://registry.npmjs.org/is-absolute-url/-/is-absolute-url-5.0.0.tgz 10775ms (cache miss)
4471 http fetch GET 200 https://registry.npmjs.org/d3-quadtree/-/d3-quadtree-3.0.1.tgz 10810ms (cache miss)
4472 http fetch GET 200 https://registry.npmjs.org/ansi-truncate/-/ansi-truncate-1.4.0.tgz 10929ms (cache miss)
4473 http fetch GET 200 https://registry.npmjs.org/@types/source-map-support/-/source-map-support-0.5.10.tgz 10929ms (cache miss)
4474 http fetch GET 200 https://registry.npmjs.org/@types/yargs/-/yargs-17.0.35.tgz 10929ms (cache miss)
4475 http fetch GET 200 https://registry.npmjs.org/@types/ws/-/ws-8.18.1.tgz 10929ms (cache miss)
4476 http fetch GET 200 https://registry.npmjs.org/@types/d3/-/d3-7.4.3.tgz 10928ms (cache miss)
4477 http fetch GET 200 https://registry.npmjs.org/@types/pretty-time/-/pretty-time-1.1.5.tgz 10928ms (cache miss)
4478 http fetch GET 200 https://registry.npmjs.org/@types/hast/-/hast-3.0.4.tgz 10928ms (cache miss)
4479 http fetch GET 200 https://registry.npmjs.org/@types/js-yaml/-/js-yaml-4.0.9.tgz 10928ms (cache miss)
4480 http fetch GET 200 https://registry.npmjs.org/@myriaddreamin/rehype-typst/-/rehype-typst-0.6.0.tgz 10928ms (cache miss)
4481 http fetch GET 200 https://registry.npmjs.org/globby/-/globby-16.2.0.tgz 10931ms (cache miss)
4482 http fetch GET 200 https://registry.npmjs.org/readdirp/-/readdirp-4.1.2.tgz 10935ms (cache miss)
4483 http fetch GET 200 https://registry.npmjs.org/minimatch/-/minimatch-3.1.5.tgz 10958ms (cache miss)
4484 http fetch GET 200 https://registry.npmjs.org/@types/unist/-/unist-2.0.11.tgz 10958ms (cache miss)
4485 http fetch GET 200 https://registry.npmjs.org/balanced-match/-/balanced-match-1.0.2.tgz 10960ms (cache miss)
4486 http fetch GET 200 https://registry.npmjs.org/brace-expansion/-/brace-expansion-1.1.14.tgz 10984ms (cache miss)
4487 http fetch GET 200 https://registry.npmjs.org/github-slugger/-/github-slugger-2.0.0.tgz 10989ms (cache miss)
4488 http fetch GET 200 https://registry.npmjs.org/chokidar/-/chokidar-5.0.0.tgz 10989ms (cache miss)
4489 http fetch GET 200 https://registry.npmjs.org/@napi-rs/simple-git/-/simple-git-0.1.22.tgz 10997ms (cache miss)
4490 http fetch GET 200 https://registry.npmjs.org/emoji-regex-xs/-/emoji-regex-xs-1.0.0.tgz 10999ms (cache miss)
4491 http fetch GET 200 https://registry.npmjs.org/base64-js/-/base64-js-1.5.1.tgz 11009ms (cache miss)
4492 http fetch GET 200 https://registry.npmjs.org/d3-contour/-/d3-contour-4.0.2.tgz 11029ms (cache miss)
4493 http fetch GET 200 https://registry.npmjs.org/tslib/-/tslib-2.8.1.tgz 11056ms (cache miss)
4494 http fetch GET 200 https://registry.npmjs.org/unist-util-visit-parents/-/unist-util-visit-parents-6.0.2.tgz 11214ms (cache miss)
4495 http fetch GET 200 https://registry.npmjs.org/d3-delaunay/-/d3-delaunay-6.0.4.tgz 11220ms (cache miss)
4496 http fetch GET 200 https://registry.npmjs.org/cli-spinner/-/cli-spinner-0.2.10.tgz 11209ms (cache miss)
4497 http fetch GET 200 https://registry.npmjs.org/gray-matter/-/gray-matter-4.0.3.tgz 11249ms (cache miss)
4498 http fetch GET 200 https://registry.npmjs.org/d3-force/-/d3-force-3.0.0.tgz 11279ms (cache miss)
4499 http fetch GET 200 https://registry.npmjs.org/hastscript/-/hastscript-9.0.1.tgz 11317ms (cache miss)
4500 http fetch GET 200 https://registry.npmjs.org/unified/-/unified-11.0.5.tgz 11461ms (cache miss)
4501 http fetch GET 200 https://registry.npmjs.org/node-fetch/-/node-fetch-2.6.13.tgz 11456ms (cache miss)
4502 http fetch GET 200 https://registry.npmjs.org/esbuild/-/esbuild-0.27.7.tgz 11494ms (cache miss)
4503 http fetch GET 200 https://registry.npmjs.org/picomatch/-/picomatch-4.0.4.tgz 11494ms (cache miss)
4504 http fetch GET 200 https://registry.npmjs.org/@floating-ui/core/-/core-1.7.5.tgz 11752ms (cache miss)
4505 http fetch GET 200 https://registry.npmjs.org/@floating-ui/dom/-/dom-1.7.6.tgz 11749ms (cache miss)
4506 http fetch GET 200 https://registry.npmjs.org/commander/-/commander-8.3.0.tgz 11772ms (cache miss)
4507 http fetch GET 200 https://registry.npmjs.org/chokidar/-/chokidar-4.0.3.tgz 11773ms (cache miss)
4508 http fetch GET 200 https://registry.npmjs.org/@clack/prompts/-/prompts-0.11.0.tgz 11782ms (cache miss)
4509 http fetch GET 200 https://registry.npmjs.org/@tweenjs/tween.js/-/tween.js-25.0.0.tgz 11809ms (cache miss)
4510 http fetch GET 200 https://registry.npmjs.org/rehype-mathjax/-/rehype-mathjax-7.1.0.tgz 11824ms (cache miss)
4511 http fetch GET 200 https://registry.npmjs.org/toml/-/toml-3.0.0.tgz 11879ms (cache miss)
4512 http fetch GET 200 https://registry.npmjs.org/ws/-/ws-8.20.0.tgz 12071ms (cache miss)
4513 http fetch GET 200 https://registry.npmjs.org/d3-interpolate/-/d3-interpolate-3.0.1.tgz 12080ms (cache miss)
4514 http fetch GET 200 https://registry.npmjs.org/@clack/core/-/core-0.5.0.tgz 12074ms (cache miss)
4515 http fetch GET 200 https://registry.npmjs.org/commander/-/commander-13.1.0.tgz 12066ms (cache miss)
4516 http fetch GET 200 https://registry.npmjs.org/d3-scale/-/d3-scale-4.0.2.tgz 12084ms (cache miss)
4517 http fetch GET 200 https://registry.npmjs.org/esbuild-sass-plugin/-/esbuild-sass-plugin-3.7.0.tgz 12078ms (cache miss)
4518 http fetch GET 200 https://registry.npmjs.org/async-mutex/-/async-mutex-0.5.0.tgz 12142ms (cache miss)
4519 http fetch GET 200 https://registry.npmjs.org/d3-transition/-/d3-transition-3.0.1.tgz 12183ms (cache miss)
4520 http fetch GET 200 https://registry.npmjs.org/vfile/-/vfile-6.0.3.tgz 12451ms (cache miss)
4521 http fetch GET 200 https://registry.npmjs.org/robust-predicates/-/robust-predicates-3.0.3.tgz 12465ms (cache miss)
4522 http fetch GET 200 https://registry.npmjs.org/d3-time-format/-/d3-time-format-4.1.0.tgz 12549ms (cache miss)
4523 http fetch GET 200 https://registry.npmjs.org/property-information/-/property-information-7.1.0.tgz 12700ms (cache miss)
4524 http fetch GET 200 https://registry.npmjs.org/argparse/-/argparse-1.0.10.tgz 12665ms (cache miss)
4525 http fetch GET 200 https://registry.npmjs.org/d3-hierarchy/-/d3-hierarchy-3.1.2.tgz 12711ms (cache miss)
4526 http fetch GET 200 https://registry.npmjs.org/lightningcss/-/lightningcss-1.32.0.tgz 12972ms (cache miss)
4527 http fetch GET 200 https://registry.npmjs.org/@xmldom/xmldom/-/xmldom-0.9.10.tgz 13106ms (cache miss)
4528 http fetch GET 200 https://registry.npmjs.org/undici-types/-/undici-types-7.19.2.tgz 13158ms (cache miss)
4529 http fetch GET 200 https://registry.npmjs.org/hast-util-to-html/-/hast-util-to-html-9.0.5.tgz 13173ms (cache miss)
4530 http fetch GET 200 https://registry.npmjs.org/iconv-lite/-/iconv-lite-0.6.3.tgz 13478ms (cache miss)
4531 http fetch GET 200 https://registry.npmjs.org/d3-selection/-/d3-selection-3.0.0.tgz 13489ms (cache miss)
4532 http fetch GET 200 https://registry.npmjs.org/d3-scale-chromatic/-/d3-scale-chromatic-3.1.0.tgz 13502ms (cache miss)
4533 http fetch GET 200 https://registry.npmjs.org/fast-glob/-/fast-glob-3.3.3.tgz 13696ms (cache miss)
4534 http fetch GET 200 https://registry.npmjs.org/d3/-/d3-7.9.0.tgz 13680ms (cache miss)
4535 http fetch GET 200 https://registry.npmjs.org/d3-array/-/d3-array-3.2.4.tgz 13745ms (cache miss)
4536 http fetch GET 200 https://registry.npmjs.org/js-yaml/-/js-yaml-3.14.2.tgz 13748ms (cache miss)
4537 http fetch GET 200 https://registry.npmjs.org/parse5/-/parse5-8.0.1.tgz 13760ms (cache miss)
4538 http fetch GET 200 https://registry.npmjs.org/js-yaml/-/js-yaml-4.1.1.tgz 13913ms (cache miss)
4539 http fetch GET 200 https://registry.npmjs.org/sharp/-/sharp-0.34.5.tgz 16177ms (cache miss)
4540 http fetch GET 200 https://registry.npmjs.org/source-map/-/source-map-0.6.1.tgz 16198ms (cache miss)
4541 http fetch GET 200 https://registry.npmjs.org/d3-shape/-/d3-shape-3.2.0.tgz 16209ms (cache miss)
4542 http fetch GET 200 https://registry.npmjs.org/micromark/-/micromark-4.0.2.tgz 16256ms (cache miss)
4543 http fetch GET 200 https://registry.npmjs.org/tsx/-/tsx-4.21.0.tgz 16252ms (cache miss)
4544 http fetch GET 200 https://registry.npmjs.org/d3-geo/-/d3-geo-3.1.1.tgz 16400ms (cache miss)
4545 http fetch GET 200 https://registry.npmjs.org/yargs/-/yargs-18.0.0.tgz 16395ms (cache miss)
4546 http fetch GET 200 https://registry.npmjs.org/@shuding/opentype.js/-/opentype.js-1.4.0-beta.0.tgz 16473ms (cache miss)
4547 http fetch GET 200 https://registry.npmjs.org/entities/-/entities-8.0.0.tgz 16475ms (cache miss)
4548 http fetch GET 200 https://registry.npmjs.org/minimatch/-/minimatch-10.2.5.tgz 16512ms (cache miss)
4549 http fetch GET 200 https://registry.npmjs.org/gifuct-js/-/gifuct-js-2.1.2.tgz 16698ms (cache miss)
4550 http fetch GET 200 https://registry.npmjs.org/mdast-util-to-hast/-/mdast-util-to-hast-13.2.1.tgz 16792ms (cache miss)
4551 http fetch GET 200 https://registry.npmjs.org/workerpool/-/workerpool-10.0.2.tgz 16935ms (cache miss)
4552 http fetch GET 200 https://registry.npmjs.org/js-binary-schema-parser/-/js-binary-schema-parser-2.0.3.tgz 17018ms (cache miss)
4553 http fetch GET 200 https://registry.npmjs.org/micromark-core-commonmark/-/micromark-core-commonmark-2.0.3.tgz 17230ms (cache miss)
4554 http fetch GET 200 https://registry.npmjs.org/preact-render-to-string/-/preact-render-to-string-6.6.7.tgz 17246ms (cache miss)
4555 http fetch GET 200 https://registry.npmjs.org/parse5/-/parse5-7.3.0.tgz 17309ms (cache miss)
4556 http fetch GET 200 https://registry.npmjs.org/mdast-util-to-markdown/-/mdast-util-to-markdown-2.1.2.tgz 17509ms (cache miss)
4557 http fetch GET 200 https://registry.npmjs.org/resolve/-/resolve-1.22.12.tgz 18045ms (cache miss)
4558 http fetch GET 200 https://registry.npmjs.org/@types/node/-/node-25.6.0.tgz 18870ms (cache miss)
4559 http fetch GET 200 https://registry.npmjs.org/sass-embedded/-/sass-embedded-1.99.0.tgz 18956ms (cache miss)
4560 http fetch GET 200 https://registry.npmjs.org/preact/-/preact-10.29.1.tgz 19212ms (cache miss)
4561 http fetch GET 200 https://registry.npmjs.org/@napi-rs/simple-git-darwin-arm64/-/simple-git-darwin-arm64-0.1.22.tgz 21235ms (cache miss)
4562 http fetch GET 200 https://registry.npmjs.org/@bufbuild/protobuf/-/protobuf-2.12.0.tgz 21471ms (cache miss)
4563 http fetch GET 200 https://registry.npmjs.org/satori/-/satori-0.19.3.tgz 21597ms (cache miss)
4564 http fetch GET 200 https://registry.npmjs.org/katex/-/katex-0.16.45.tgz 21971ms (cache miss)
4565 http fetch GET 200 https://registry.npmjs.org/sass/-/sass-1.99.0.tgz 21954ms (cache miss)
4566 http fetch GET 200 https://registry.npmjs.org/sass-embedded-darwin-arm64/-/sass-embedded-darwin-arm64-1.99.0.tgz 22615ms (cache miss)
4567 http fetch GET 200 https://registry.npmjs.org/colorjs.io/-/colorjs.io-0.5.2.tgz 22803ms (cache miss)
4568 http fetch GET 200 https://registry.npmjs.org/lightningcss-darwin-arm64/-/lightningcss-darwin-arm64-1.32.0.tgz 23145ms (cache miss)
4569 http fetch GET 200 https://registry.npmjs.org/prettier/-/prettier-3.8.3.tgz 24146ms (cache miss)
4570 http fetch GET 200 https://registry.npmjs.org/flexsearch/-/flexsearch-0.8.212.tgz 24523ms (cache miss)
4571 http fetch GET 200 https://registry.npmjs.org/@esbuild/darwin-arm64/-/darwin-arm64-0.27.7.tgz 24750ms (cache miss)
4572 http fetch GET 200 https://registry.npmjs.org/rehype-citation/-/rehype-citation-2.3.2.tgz 25598ms (cache miss)
4573 http fetch GET 200 https://registry.npmjs.org/shiki/-/shiki-1.29.2.tgz 25623ms (cache miss)
4574 http fetch GET 200 https://registry.npmjs.org/@img/sharp-libvips-darwin-arm64/-/sharp-libvips-darwin-arm64-1.2.4.tgz 26359ms (cache miss)
4575 http fetch GET 200 https://registry.npmjs.org/@shikijs/langs/-/langs-1.29.2.tgz 26428ms (cache miss)
4576 http fetch GET 200 https://registry.npmjs.org/speech-rule-engine/-/speech-rule-engine-4.1.4.tgz 26580ms (cache miss)
4577 http fetch GET 200 https://registry.npmjs.org/typescript/-/typescript-5.9.3.tgz 27770ms (cache miss)
4578 http fetch GET 200 https://registry.npmjs.org/@myriaddreamin/typst-ts-node-compiler-darwin-arm64/-/typst-ts-node-compiler-darwin-arm64-0.6.0.tgz 30263ms (cache miss)
4579 http fetch GET 200 https://registry.npmjs.org/rxjs/-/rxjs-7.8.2.tgz 31092ms (cache miss)
4580 http fetch GET 200 https://registry.npmjs.org/mathjax-full/-/mathjax-full-3.2.1.tgz 37423ms (cache miss)
4581 http fetch GET 200 https://registry.npmjs.org/pixi.js/-/pixi.js-8.18.1.tgz 38574ms (cache miss)
4582 info run @parcel/watcher@2.5.6 install node_modules/@parcel/watcher node scripts/build-from-source.js
4583 info run fsevents@2.3.3 install node_modules/fsevents node-gyp rebuild
4584 info run sharp@0.34.5 install node_modules/sharp node install/check.js || npm run build
4585 info run @parcel/watcher@2.5.6 install { code: 0, signal: null }
4586 info run fsevents@2.3.3 install { code: 1, signal: null }
4587 verbose reify failed optional dependency /Volumes/samsd/workspace_v2/coding_training-main/node_modules/fsevents
4588 silly reify mark deleted [
4588 silly reify   '/Volumes/samsd/workspace_v2/coding_training-main/node_modules/fsevents'
4588 silly reify ]
4589 info run sharp@0.34.5 install { code: 0, signal: null }
4590 info run esbuild@0.27.7 postinstall node_modules/esbuild node install.js
4591 info run esbuild@0.27.7 postinstall { code: 0, signal: null }
4592 silly ADD node_modules/concat-map
4593 silly ADD node_modules/sprintf-js
4594 silly ADD node_modules/esprima
4595 silly ADD node_modules/ansi-styles
4596 silly ADD node_modules/ansi-regex
4597 silly ADD node_modules/get-east-asian-width
4598 silly ADD node_modules/emoji-regex
4599 silly ADD node_modules/wrap-ansi
4600 silly ADD node_modules/strip-ansi
4601 silly ADD node_modules/yargs-parser
4602 silly ADD node_modules/y18n
4603 silly ADD node_modules/string-width
4604 silly ADD node_modules/get-caller-file
4605 silly ADD node_modules/escalade
4606 silly ADD node_modules/cliui
4607 silly ADD node_modules/webidl-conversions
4608 silly ADD node_modules/tr46
4609 silly ADD node_modules/array-iterate
4610 silly ADD node_modules/trough
4611 silly ADD node_modules/is-plain-obj
4612 silly ADD node_modules/extend
4613 silly ADD node_modules/bail
4614 silly ADD node_modules/tiny-inflate
4615 silly ADD node_modules/pako
4616 silly ADD node_modules/resolve-pkg-maps
4617 silly ADD node_modules/get-tsconfig
4618 silly ADD node_modules/fsevents
4619 silly ADD node_modules/is-number
4620 silly ADD node_modules/ieee754
4621 silly ADD node_modules/buffer
4622 silly ADD node_modules/buffer/node_modules/base64-js
4623 silly ADD node_modules/sync-message-port
4624 silly ADD node_modules/has-flag
4625 silly ADD node_modules/inline-style-parser
4626 silly ADD node_modules/style-to-object
4627 silly ADD node_modules/character-entities-html4
4628 silly ADD node_modules/wicked-good-xpath
4629 silly ADD node_modules/buffer-from
4630 silly ADD node_modules/regex-utilities
4631 silly ADD node_modules/regex-recursion
4632 silly ADD node_modules/regex
4633 silly ADD node_modules/oniguruma-to-es
4634 silly ADD node_modules/oniguruma-to-es/node_modules/emoji-regex-xs
4635 silly ADD node_modules/@shikijs/vscode-textmate
4636 silly ADD node_modules/@shikijs/types
4637 silly ADD node_modules/@shikijs/themes
4638 silly ADD node_modules/@shikijs/langs
4639 silly ADD node_modules/@shikijs/engine-oniguruma
4640 silly ADD node_modules/@shikijs/engine-javascript
4641 silly ADD node_modules/@shikijs/core
4642 silly ADD node_modules/@emnapi/runtime
4643 silly ADD node_modules/semver
4644 silly ADD node_modules/@img/sharp-win32-x64
4645 silly ADD node_modules/@img/sharp-win32-ia32
4646 silly ADD node_modules/@img/sharp-win32-arm64
4647 silly ADD node_modules/@img/sharp-wasm32
4648 silly ADD node_modules/@img/sharp-linuxmusl-x64
4649 silly ADD node_modules/@img/sharp-linuxmusl-arm64
4650 silly ADD node_modules/@img/sharp-linux-x64
4651 silly ADD node_modules/@img/sharp-linux-s390x
4652 silly ADD node_modules/@img/sharp-linux-riscv64
4653 silly ADD node_modules/@img/sharp-linux-ppc64
4654 silly ADD node_modules/@img/sharp-linux-arm64
4655 silly ADD node_modules/@img/sharp-linux-arm
4656 silly ADD node_modules/@img/sharp-libvips-linuxmusl-x64
4657 silly ADD node_modules/@img/sharp-libvips-linuxmusl-arm64
4658 silly ADD node_modules/@img/sharp-libvips-linux-x64
4659 silly ADD node_modules/@img/sharp-libvips-linux-s390x
4660 silly ADD node_modules/@img/sharp-libvips-linux-riscv64
4661 silly ADD node_modules/@img/sharp-libvips-linux-ppc64
4662 silly ADD node_modules/@img/sharp-libvips-linux-arm64
4663 silly ADD node_modules/@img/sharp-libvips-linux-arm
4664 silly ADD node_modules/@img/sharp-libvips-darwin-x64
4665 silly ADD node_modules/@img/sharp-libvips-darwin-arm64
4666 silly ADD node_modules/@img/sharp-darwin-x64
4667 silly ADD node_modules/@img/sharp-darwin-arm64
4668 silly ADD node_modules/@img/colour
4669 silly ADD node_modules/mime-db
4670 silly ADD node_modules/range-parser
4671 silly ADD node_modules/path-to-regexp
4672 silly ADD node_modules/path-is-inside
4673 silly ADD node_modules/mime-types
4674 silly ADD node_modules/content-disposition
4675 silly ADD node_modules/bytes
4676 silly ADD node_modules/is-extendable
4677 silly ADD node_modules/extend-shallow
4678 silly ADD node_modules/hex-rgb
4679 silly ADD node_modules/color-name
4680 silly ADD node_modules/unicode-trie
4681 silly ADD node_modules/base64-js
4682 silly ADD node_modules/css-color-keywords
4683 silly ADD node_modules/camelize
4684 silly ADD node_modules/string.prototype.codepointat
4685 silly ADD node_modules/fflate
4686 silly ADD node_modules/yoga-layout
4687 silly ADD node_modules/postcss-value-parser
4688 silly ADD node_modules/parse-css-color
4689 silly ADD node_modules/linebreak
4690 silly ADD node_modules/escape-html
4691 silly ADD node_modules/emoji-regex-xs
4692 silly ADD node_modules/css-to-react-native
4693 silly ADD node_modules/css-gradient-parser
4694 silly ADD node_modules/css-box-shadow
4695 silly ADD node_modules/css-background-parser
4696 silly ADD node_modules/@shuding/opentype.js
4697 silly ADD node_modules/varint
4698 silly ADD node_modules/sync-child-process
4699 silly ADD node_modules/supports-color
4700 silly ADD node_modules/sass-embedded-win32-x64
4701 silly ADD node_modules/sass-embedded-win32-arm64
4702 silly ADD node_modules/sass-embedded-unknown-all
4703 silly ADD node_modules/sass-embedded-linux-x64
4704 silly ADD node_modules/sass-embedded-linux-riscv64
4705 silly ADD node_modules/sass-embedded-linux-musl-x64
4706 silly ADD node_modules/sass-embedded-linux-musl-riscv64
4707 silly ADD node_modules/sass-embedded-linux-musl-arm64
4708 silly ADD node_modules/sass-embedded-linux-musl-arm
4709 silly ADD node_modules/sass-embedded-linux-arm64
4710 silly ADD node_modules/sass-embedded-linux-arm
4711 silly ADD node_modules/sass-embedded-darwin-x64
4712 silly ADD node_modules/sass-embedded-darwin-arm64
4713 silly ADD node_modules/sass-embedded-android-x64
4714 silly ADD node_modules/sass-embedded-android-riscv64
4715 silly ADD node_modules/sass-embedded-android-arm64
4716 silly ADD node_modules/sass-embedded-android-arm
4717 silly ADD node_modules/sass-embedded-all-unknown
4718 silly ADD node_modules/rxjs
4719 silly ADD node_modules/colorjs.io
4720 silly ADD node_modules/@bufbuild/protobuf
4721 silly ADD node_modules/node-addon-api
4722 silly ADD node_modules/@parcel/watcher-win32-x64
4723 silly ADD node_modules/@parcel/watcher-win32-ia32
4724 silly ADD node_modules/@parcel/watcher-win32-arm64
4725 silly ADD node_modules/@parcel/watcher-linux-x64-musl
4726 silly ADD node_modules/@parcel/watcher-linux-x64-glibc
4727 silly ADD node_modules/@parcel/watcher-linux-arm64-musl
4728 silly ADD node_modules/@parcel/watcher-linux-arm64-glibc
4729 silly ADD node_modules/@parcel/watcher-linux-arm-musl
4730 silly ADD node_modules/@parcel/watcher-linux-arm-glibc
4731 silly ADD node_modules/@parcel/watcher-freebsd-x64
4732 silly ADD node_modules/@parcel/watcher-darwin-x64
4733 silly ADD node_modules/@parcel/watcher-darwin-arm64
4734 silly ADD node_modules/@parcel/watcher-android-arm64
4735 silly ADD node_modules/source-map-js
4736 silly ADD node_modules/immutable
4737 silly ADD node_modules/@parcel/watcher
4738 silly ADD node_modules/@parcel/watcher/node_modules/picomatch
4739 silly ADD node_modules/queue-microtask
4740 silly ADD node_modules/unist-util-visit-children
4741 silly ADD node_modules/unist-util-modify-children
4742 silly ADD node_modules/nlcst-to-string
4743 silly ADD node_modules/parse-latin
4744 silly ADD node_modules/retext-stringify
4745 silly ADD node_modules/retext-latin
4746 silly ADD node_modules/@types/nlcst
4747 silly ADD node_modules/function-bind
4748 silly ADD node_modules/hasown
4749 silly ADD node_modules/supports-preserve-symlinks-flag
4750 silly ADD node_modules/path-parse
4751 silly ADD node_modules/is-core-module
4752 silly ADD node_modules/es-errors
4753 silly ADD node_modules/retext-smartypants
4754 silly ADD node_modules/retext
4755 silly ADD node_modules/micromark-extension-math
4756 silly ADD node_modules/mdast-util-math
4757 silly ADD node_modules/micromark-extension-gfm-task-list-item
4758 silly ADD node_modules/micromark-extension-gfm-tagfilter
4759 silly ADD node_modules/micromark-extension-gfm-table
4760 silly ADD node_modules/micromark-extension-gfm-strikethrough
4761 silly ADD node_modules/micromark-extension-gfm-footnote
4762 silly ADD node_modules/micromark-extension-gfm-autolink-literal
4763 silly ADD node_modules/markdown-table
4764 silly ADD node_modules/mdast-util-gfm-task-list-item
4765 silly ADD node_modules/mdast-util-gfm-table
4766 silly ADD node_modules/mdast-util-gfm-strikethrough
4767 silly ADD node_modules/mdast-util-gfm-footnote
4768 silly ADD node_modules/mdast-util-gfm-autolink-literal
4769 silly ADD node_modules/micromark-extension-gfm
4770 silly ADD node_modules/mdast-util-gfm
4771 silly ADD node_modules/format
4772 silly ADD node_modules/fault
4773 silly ADD node_modules/micromark-extension-frontmatter
4774 silly ADD node_modules/mdast-util-frontmatter
4775 silly ADD node_modules/mdast-util-newline-to-break
4776 silly ADD node_modules/remark-stringify
4777 silly ADD node_modules/hast-util-to-parse5
4778 silly ADD node_modules/hast-util-raw
4779 silly ADD node_modules/rehype-parse
4780 silly ADD node_modules/parse-numeric-range
4781 silly ADD node_modules/speech-rule-engine
4782 silly ADD node_modules/speech-rule-engine/node_modules/commander
4783 silly ADD node_modules/speech-rule-engine/node_modules/@xmldom/xmldom
4784 silly ADD node_modules/mj-context-menu
4785 silly ADD node_modules/mhchemparser
4786 silly ADD node_modules/esm
4787 silly ADD node_modules/mathjax-full
4788 silly ADD node_modules/@types/mathjax
4789 silly ADD node_modules/katex
4790 silly ADD node_modules/katex/node_modules/commander
4791 silly ADD node_modules/whatwg-url
4792 silly ADD node_modules/node-fetch
4793 silly ADD node_modules/moo
4794 silly ADD node_modules/sync-fetch
4795 silly ADD node_modules/fetch-ponyfill
4796 silly ADD node_modules/fetch-ponyfill/node_modules/node-fetch
4797 silly ADD node_modules/cross-fetch
4798 silly ADD node_modules/citeproc
4799 silly ADD node_modules/@citation-js/plugin-csl
4800 silly ADD node_modules/@citation-js/plugin-bibtex
4801 silly ADD node_modules/@citation-js/plugin-bibjson
4802 silly ADD node_modules/@citation-js/name
4803 silly ADD node_modules/@citation-js/date
4804 silly ADD node_modules/@citation-js/core
4805 silly ADD node_modules/hast-util-heading-rank
4806 silly ADD node_modules/js-binary-schema-parser
4807 silly ADD node_modules/tiny-lru
4808 silly ADD node_modules/parse-svg-path
4809 silly ADD node_modules/ismobilejs
4810 silly ADD node_modules/gifuct-js
4811 silly ADD node_modules/eventemitter3
4812 silly ADD node_modules/earcut
4813 silly ADD node_modules/@xmldom/xmldom
4814 silly ADD node_modules/@webgpu/types
4815 silly ADD node_modules/@types/earcut
4816 silly ADD node_modules/@pixi/colord
4817 silly ADD node_modules/entities
4818 silly ADD node_modules/is-alphabetical
4819 silly ADD node_modules/is-hexadecimal
4820 silly ADD node_modules/is-decimal
4821 silly ADD node_modules/is-alphanumerical
4822 silly ADD node_modules/character-reference-invalid
4823 silly ADD node_modules/character-entities-legacy
4824 silly ADD node_modules/balanced-match
4825 silly ADD node_modules/brace-expansion
4826 silly ADD node_modules/to-regex-range
4827 silly ADD node_modules/fill-range
4828 silly ADD node_modules/picomatch
4829 silly ADD node_modules/braces
4830 silly ADD node_modules/micromark-util-html-tag-name
4831 silly ADD node_modules/micromark-factory-whitespace
4832 silly ADD node_modules/micromark-factory-title
4833 silly ADD node_modules/micromark-factory-label
4834 silly ADD node_modules/micromark-factory-destination
4835 silly ADD node_modules/@types/ms
4836 silly ADD node_modules/micromark-util-subtokenize
4837 silly ADD node_modules/micromark-util-resolve-all
4838 silly ADD node_modules/micromark-util-encode
4839 silly ADD node_modules/micromark-util-combine-extensions
4840 silly ADD node_modules/micromark-util-chunked
4841 silly ADD node_modules/micromark-util-character
4842 silly ADD node_modules/micromark-factory-space
4843 silly ADD node_modules/micromark-core-commonmark
4844 silly ADD node_modules/@types/debug
4845 silly ADD node_modules/micromark-util-classify-character
4846 silly ADD node_modules/mdast-util-phrasing
4847 silly ADD node_modules/longest-streak
4848 silly ADD node_modules/trim-lines
4849 silly ADD node_modules/micromark-util-sanitize-uri
4850 silly ADD node_modules/@ungap/structured-clone
4851 silly ADD node_modules/parse-entities
4852 silly ADD node_modules/parse-entities/node_modules/@types/unist
4853 silly ADD node_modules/character-entities
4854 silly ADD node_modules/unist-util-stringify-position
4855 silly ADD node_modules/micromark-util-types
4856 silly ADD node_modules/micromark-util-symbol
4857 silly ADD node_modules/micromark-util-normalize-identifier
4858 silly ADD node_modules/micromark-util-decode-string
4859 silly ADD node_modules/micromark-util-decode-numeric-character-reference
4860 silly ADD node_modules/micromark
4861 silly ADD node_modules/decode-named-character-reference
4862 silly ADD node_modules/mdast-util-to-markdown
4863 silly ADD node_modules/mdast-util-from-markdown
4864 silly ADD node_modules/@types/estree-jsx
4865 silly ADD node_modules/unist-util-is
4866 silly ADD node_modules/escape-string-regexp
4867 silly ADD node_modules/@types/mdast
4868 silly ADD node_modules/lightningcss-win32-x64-msvc
4869 silly ADD node_modules/lightningcss-win32-arm64-msvc
4870 silly ADD node_modules/lightningcss-linux-x64-musl
4871 silly ADD node_modules/lightningcss-linux-x64-gnu
4872 silly ADD node_modules/lightningcss-linux-arm64-musl
4873 silly ADD node_modules/lightningcss-linux-arm64-gnu
4874 silly ADD node_modules/lightningcss-linux-arm-gnueabihf
4875 silly ADD node_modules/lightningcss-freebsd-x64
4876 silly ADD node_modules/lightningcss-darwin-x64
4877 silly ADD node_modules/lightningcss-darwin-arm64
4878 silly ADD node_modules/lightningcss-android-arm64
4879 silly ADD node_modules/detect-libc
4880 silly ADD node_modules/argparse
4881 silly ADD node_modules/is-extglob
4882 silly ADD node_modules/safer-buffer
4883 silly ADD node_modules/ms
4884 silly ADD node_modules/debug
4885 silly ADD node_modules/agent-base
4886 silly ADD node_modules/hast-util-parse-selector
4887 silly ADD node_modules/unist-util-find-after
4888 silly ADD node_modules/hast-util-is-element
4889 silly ADD node_modules/unist-util-position
4890 silly ADD node_modules/style-to-js
4891 silly ADD node_modules/mdast-util-mdxjs-esm
4892 silly ADD node_modules/mdast-util-mdx-jsx
4893 silly ADD node_modules/mdast-util-mdx-expression
4894 silly ADD node_modules/estree-util-is-identifier-name
4895 silly ADD node_modules/@types/estree
4896 silly ADD node_modules/zwitch
4897 silly ADD node_modules/stringify-entities
4898 silly ADD node_modules/space-separated-tokens
4899 silly ADD node_modules/html-void-elements
4900 silly ADD node_modules/hast-util-whitespace
4901 silly ADD node_modules/comma-separated-tokens
4902 silly ADD node_modules/ccount
4903 silly ADD node_modules/vfile-location
4904 silly ADD node_modules/property-information
4905 silly ADD node_modules/dequal
4906 silly ADD node_modules/vfile-message
4907 silly ADD node_modules/parse5
4908 silly ADD node_modules/hast-util-from-parse5
4909 silly ADD node_modules/devlop
4910 silly ADD node_modules/web-namespaces
4911 silly ADD node_modules/hastscript
4912 silly ADD node_modules/unist-util-remove-position
4913 silly ADD node_modules/hast-util-from-html
4914 silly ADD node_modules/hast-util-from-dom
4915 silly ADD node_modules/strip-bom-string
4916 silly ADD node_modules/section-matter
4917 silly ADD node_modules/kind-of
4918 silly ADD node_modules/is-glob
4919 silly ADD node_modules/reusify
4920 silly ADD node_modules/run-parallel
4921 silly ADD node_modules/fastq
4922 silly ADD node_modules/@nodelib/fs.scandir
4923 silly ADD node_modules/micromatch
4924 silly ADD node_modules/merge2
4925 silly ADD node_modules/glob-parent
4926 silly ADD node_modules/@nodelib/fs.walk
4927 silly ADD node_modules/@nodelib/fs.stat
4928 silly ADD node_modules/unicorn-magic
4929 silly ADD node_modules/slash
4930 silly ADD node_modules/is-path-inside
4931 silly ADD node_modules/ignore
4932 silly ADD node_modules/fast-glob
4933 silly ADD node_modules/@sindresorhus/merge-streams
4934 silly ADD node_modules/sass
4935 silly ADD node_modules/sass/node_modules/readdirp
4936 silly ADD node_modules/sass/node_modules/chokidar
4937 silly ADD node_modules/resolve
4938 silly ADD node_modules/@esbuild/win32-x64
4939 silly ADD node_modules/@esbuild/win32-ia32
4940 silly ADD node_modules/@esbuild/win32-arm64
4941 silly ADD node_modules/@esbuild/sunos-x64
4942 silly ADD node_modules/@esbuild/openharmony-arm64
4943 silly ADD node_modules/@esbuild/openbsd-x64
4944 silly ADD node_modules/@esbuild/openbsd-arm64
4945 silly ADD node_modules/@esbuild/netbsd-x64
4946 silly ADD node_modules/@esbuild/netbsd-arm64
4947 silly ADD node_modules/@esbuild/linux-x64
4948 silly ADD node_modules/@esbuild/linux-s390x
4949 silly ADD node_modules/@esbuild/linux-riscv64
4950 silly ADD node_modules/@esbuild/linux-ppc64
4951 silly ADD node_modules/@esbuild/linux-mips64el
4952 silly ADD node_modules/@esbuild/linux-loong64
4953 silly ADD node_modules/@esbuild/linux-ia32
4954 silly ADD node_modules/@esbuild/linux-arm64
4955 silly ADD node_modules/@esbuild/linux-arm
4956 silly ADD node_modules/@esbuild/freebsd-x64
4957 silly ADD node_modules/@esbuild/freebsd-arm64
4958 silly ADD node_modules/@esbuild/darwin-x64
4959 silly ADD node_modules/@esbuild/darwin-arm64
4960 silly ADD node_modules/@esbuild/android-x64
4961 silly ADD node_modules/@esbuild/android-arm64
4962 silly ADD node_modules/@esbuild/android-arm
4963 silly ADD node_modules/@esbuild/aix-ppc64
4964 silly ADD node_modules/robust-predicates
4965 silly ADD node_modules/rw
4966 silly ADD node_modules/iconv-lite
4967 silly ADD node_modules/commander
4968 silly ADD node_modules/delaunator
4969 silly ADD node_modules/internmap
4970 silly ADD node_modules/d3-zoom
4971 silly ADD node_modules/d3-transition
4972 silly ADD node_modules/d3-timer
4973 silly ADD node_modules/d3-time-format
4974 silly ADD node_modules/d3-time
4975 silly ADD node_modules/d3-shape
4976 silly ADD node_modules/d3-selection
4977 silly ADD node_modules/d3-scale-chromatic
4978 silly ADD node_modules/d3-scale
4979 silly ADD node_modules/d3-random
4980 silly ADD node_modules/d3-quadtree
4981 silly ADD node_modules/d3-polygon
4982 silly ADD node_modules/d3-path
4983 silly ADD node_modules/d3-interpolate
4984 silly ADD node_modules/d3-hierarchy
4985 silly ADD node_modules/d3-geo
4986 silly ADD node_modules/d3-format
4987 silly ADD node_modules/d3-force
4988 silly ADD node_modules/d3-fetch
4989 silly ADD node_modules/d3-ease
4990 silly ADD node_modules/d3-dsv
4991 silly ADD node_modules/d3-drag
4992 silly ADD node_modules/d3-dispatch
4993 silly ADD node_modules/d3-delaunay
4994 silly ADD node_modules/d3-contour
4995 silly ADD node_modules/d3-color
4996 silly ADD node_modules/d3-chord
4997 silly ADD node_modules/d3-brush
4998 silly ADD node_modules/d3-axis
4999 silly ADD node_modules/d3-array
5000 silly ADD node_modules/readdirp
5001 silly ADD node_modules/tslib
5002 silly ADD node_modules/fast-string-truncated-width
5003 silly ADD node_modules/@types/yargs-parser
5004 silly ADD node_modules/source-map
5005 silly ADD node_modules/undici-types
5006 silly ADD node_modules/@types/unist
5007 silly ADD node_modules/@types/geojson
5008 silly ADD node_modules/@types/d3-zoom
5009 silly ADD node_modules/@types/d3-transition
5010 silly ADD node_modules/@types/d3-timer
5011 silly ADD node_modules/@types/d3-time-format
5012 silly ADD node_modules/@types/d3-time
5013 silly ADD node_modules/@types/d3-shape
5014 silly ADD node_modules/@types/d3-selection
5015 silly ADD node_modules/@types/d3-scale-chromatic
5016 silly ADD node_modules/@types/d3-scale
5017 silly ADD node_modules/@types/d3-random
5018 silly ADD node_modules/@types/d3-quadtree
5019 silly ADD node_modules/@types/d3-polygon
5020 silly ADD node_modules/@types/d3-path
5021 silly ADD node_modules/@types/d3-interpolate
5022 silly ADD node_modules/@types/d3-hierarchy
5023 silly ADD node_modules/@types/d3-geo
5024 silly ADD node_modules/@types/d3-format
5025 silly ADD node_modules/@types/d3-force
5026 silly ADD node_modules/@types/d3-fetch
5027 silly ADD node_modules/@types/d3-ease
5028 silly ADD node_modules/@types/d3-dsv
5029 silly ADD node_modules/@types/d3-drag
5030 silly ADD node_modules/@types/d3-dispatch
5031 silly ADD node_modules/@types/d3-delaunay
5032 silly ADD node_modules/@types/d3-contour
5033 silly ADD node_modules/@types/d3-color
5034 silly ADD node_modules/@types/d3-chord
5035 silly ADD node_modules/@types/d3-brush
5036 silly ADD node_modules/@types/d3-axis
5037 silly ADD node_modules/@types/d3-array
5038 silly ADD node_modules/@napi-rs/simple-git-win32-x64-msvc
5039 silly ADD node_modules/@napi-rs/simple-git-win32-ia32-msvc
5040 silly ADD node_modules/@napi-rs/simple-git-win32-arm64-msvc
5041 silly ADD node_modules/@napi-rs/simple-git-linux-x64-musl
5042 silly ADD node_modules/@napi-rs/simple-git-linux-x64-gnu
5043 silly ADD node_modules/@napi-rs/simple-git-linux-s390x-gnu
5044 silly ADD node_modules/@napi-rs/simple-git-linux-ppc64-gnu
5045 silly ADD node_modules/@napi-rs/simple-git-linux-arm64-musl
5046 silly ADD node_modules/@napi-rs/simple-git-linux-arm64-gnu
5047 silly ADD node_modules/@napi-rs/simple-git-linux-arm-gnueabihf
5048 silly ADD node_modules/@napi-rs/simple-git-freebsd-x64
5049 silly ADD node_modules/@napi-rs/simple-git-darwin-x64
5050 silly ADD node_modules/@napi-rs/simple-git-darwin-arm64
5051 silly ADD node_modules/@napi-rs/simple-git-android-arm64
5052 silly ADD node_modules/@napi-rs/simple-git-android-arm-eabi
5053 silly ADD node_modules/@myriaddreamin/typst-ts-node-compiler-win32-x64-msvc
5054 silly ADD node_modules/@myriaddreamin/typst-ts-node-compiler-win32-arm64-msvc
5055 silly ADD node_modules/@myriaddreamin/typst-ts-node-compiler-linux-x64-musl
5056 silly ADD node_modules/@myriaddreamin/typst-ts-node-compiler-linux-x64-gnu
5057 silly ADD node_modules/@myriaddreamin/typst-ts-node-compiler-linux-arm64-musl
5058 silly ADD node_modules/@myriaddreamin/typst-ts-node-compiler-linux-arm64-gnu
5059 silly ADD node_modules/@myriaddreamin/typst-ts-node-compiler-linux-arm-gnueabihf
5060 silly ADD node_modules/@myriaddreamin/typst-ts-node-compiler-darwin-x64
5061 silly ADD node_modules/@myriaddreamin/typst-ts-node-compiler-darwin-arm64
5062 silly ADD node_modules/@myriaddreamin/typst-ts-node-compiler-android-arm64
5063 silly ADD node_modules/@myriaddreamin/typst-ts-node-compiler-android-arm-eabi
5064 silly ADD node_modules/unist-util-visit-parents
5065 silly ADD node_modules/https-proxy-agent
5066 silly ADD node_modules/hast-util-to-text
5067 silly ADD node_modules/hast-util-from-html-isomorphic
5068 silly ADD node_modules/@types/katex
5069 silly ADD node_modules/@myriaddreamin/typst-ts-node-compiler
5070 silly ADD node_modules/@floating-ui/utils
5071 silly ADD node_modules/@floating-ui/core
5072 silly ADD node_modules/sisteransi
5073 silly ADD node_modules/picocolors
5074 silly ADD node_modules/@clack/core
5075 silly ADD node_modules/yargs
5076 silly ADD node_modules/ws
5077 silly ADD node_modules/workerpool
5078 silly ADD node_modules/vfile
5079 silly ADD node_modules/unist-util-visit
5080 silly ADD node_modules/unified
5081 silly ADD node_modules/typescript
5082 silly ADD node_modules/tsx
5083 silly ADD node_modules/toml
5084 silly ADD node_modules/to-vfile
5085 silly ADD node_modules/source-map-support
5086 silly ADD node_modules/sharp
5087 silly ADD node_modules/serve-handler
5088 silly ADD node_modules/serve-handler/node_modules/balanced-match
5089 silly ADD node_modules/serve-handler/node_modules/brace-expansion
5090 silly ADD node_modules/serve-handler/node_modules/minimatch
5091 silly ADD node_modules/satori
5092 silly ADD node_modules/rfdc
5093 silly ADD node_modules/remark-smartypants
5094 silly ADD node_modules/remark-rehype
5095 silly ADD node_modules/remark-parse
5096 silly ADD node_modules/remark-math
5097 silly ADD node_modules/remark-gfm
5098 silly ADD node_modules/remark-frontmatter
5099 silly ADD node_modules/remark-breaks
5100 silly ADD node_modules/remark
5101 silly ADD node_modules/rehype-slug
5102 silly ADD node_modules/rehype-raw
5103 silly ADD node_modules/shiki
5104 silly ADD node_modules/rehype-pretty-code
5105 silly ADD node_modules/rehype-mathjax
5106 silly ADD node_modules/rehype-katex
5107 silly ADD node_modules/rehype-citation
5108 silly ADD node_modules/rehype-citation/node_modules/entities
5109 silly ADD node_modules/rehype-citation/node_modules/parse5
5110 silly ADD node_modules/rehype-autolink-headings
5111 silly ADD node_modules/reading-time
5112 silly ADD node_modules/pretty-time
5113 silly ADD node_modules/pretty-bytes
5114 silly ADD node_modules/prettier
5115 silly ADD node_modules/preact-render-to-string
5116 silly ADD node_modules/preact
5117 silly ADD node_modules/pixi.js
5118 silly ADD node_modules/minimatch
5119 silly ADD node_modules/micromorph
5120 silly ADD node_modules/mdast-util-to-string
5121 silly ADD node_modules/mdast-util-to-hast
5122 silly ADD node_modules/mdast-util-find-and-replace
5123 silly ADD node_modules/lightningcss
5124 silly ADD node_modules/js-yaml
5125 silly ADD node_modules/is-absolute-url
5126 silly ADD node_modules/hast-util-to-string
5127 silly ADD node_modules/hast-util-to-jsx-runtime
5128 silly ADD node_modules/hast-util-to-html
5129 silly ADD node_modules/gray-matter
5130 silly ADD node_modules/gray-matter/node_modules/argparse
5131 silly ADD node_modules/gray-matter/node_modules/js-yaml
5132 silly ADD node_modules/globby
5133 silly ADD node_modules/github-slugger
5134 silly ADD node_modules/flexsearch
5135 silly ADD node_modules/sass-embedded
5136 silly ADD node_modules/esbuild-sass-plugin
5137 silly ADD node_modules/esbuild
5138 silly ADD node_modules/d3
5139 silly ADD node_modules/cli-spinner
5140 silly ADD node_modules/chokidar
5141 silly ADD node_modules/async-mutex
5142 silly ADD node_modules/ansi-truncate
5143 silly ADD node_modules/@types/yargs
5144 silly ADD node_modules/@types/ws
5145 silly ADD node_modules/@types/source-map-support
5146 silly ADD node_modules/@types/pretty-time
5147 silly ADD node_modules/@types/node
5148 silly ADD node_modules/@types/js-yaml
5149 silly ADD node_modules/@types/hast
5150 silly ADD node_modules/@types/d3
5151 silly ADD node_modules/@tweenjs/tween.js
5152 silly ADD node_modules/@napi-rs/simple-git
5153 silly ADD node_modules/@myriaddreamin/rehype-typst
5154 silly ADD node_modules/@floating-ui/dom
5155 silly ADD node_modules/@clack/prompts
5156 verbose cwd /Volumes/samsd/workspace_v2/coding_training-main
5157 verbose os Darwin 25.3.0
5158 verbose node v22.17.1
5159 verbose npm  v11.4.2
5160 notice
5160 notice New [33mminor[39m version of npm available! [33m11.4.2[39m -> [34m11.13.0[39m
5160 notice Changelog: [34mhttps://github.com/npm/cli/releases/tag/v11.13.0[39m
5160 notice To update run: [4mnpm install -g npm@11.13.0[24m
5160 notice  { force: true, [Symbol(proc-log.meta)]: true }
5161 verbose exit 0
5162 info ok
